-11.03524208 2.47664881 -44.88378906
-10.75624275 2.44164896 -44.86678696
-11.31324196 2.51064920 -44.90078735
-10.35424232 2.85164881 -45.14878845
-9.80724144 2.63464975 -45.00578690
-9.28324318 2.56965113 -44.94878769
-8.54224205 2.64164972 -44.97478867
-8.32524300 2.77765131 -45.05778885
-7.75224161 2.42064905 -44.71578979
-6.58024073 2.93165064 -44.82478714
-6.51424265 3.34264994 -45.09378815
-6.45524073 3.39665079 -45.11478806
-6.43524408 3.41364908 -45.11978912
-5.91324091 3.37565088 -44.93778610
-5.52124262 3.39765024 -44.84978867
-5.13024378 3.41865015 -44.76078796
-4.69624186 3.43665171 -44.65778732
-4.26224375 3.45365000 -44.55378723
-14.58524132 2.48964930 -44.07278824
-14.42324257 2.62164927 -44.22378922
-14.26024055 2.75264978 -44.37478638
-13.83424187 2.27265024 -44.21778870
-13.04724312 2.17764902 -44.42578888
-12.77024269 2.03964853 -44.39378738
-12.49324226 1.90064871 -44.36078644
-11.55424309 1.95464957 -44.50878906
-3.21124125 3.90064859 -44.47578812
-3.28624201 4.15865183 -44.61078644
-3.36024332 4.41565180 -44.74478912
-2.38324213 4.45965052 -44.45978928
-1.99424207 4.55364847 -44.38278961
-1.40824354 4.59964991 -44.23278809
-1.24324262 4.84665155 -44.27278900
-0.91524351 5.08965158 -44.26478958
0.00475846 5.17764902 -44.01278687
0.44875869 5.59464884 -43.99578857
0.71175921 5.84865046 -43.98078918
1.01575625 6.06165171 -43.94078827
1.22675860 5.97365046 -43.86678696
1.43775713 5.88464975 -43.79178619
2.43275976 5.95564890 -43.55178833
-16.85024071 2.20365000 -42.67378616
-16.88024330 1.97064841 -42.48978806
-15.80624199 0.99764878 -42.50178909
-15.24924278 1.94264853 -43.43878937
-15.43524361 2.16464853 -43.50878906
-15.62124062 2.38464975 -43.57978821
-15.15224266 2.27265024 -43.69678879
2.65875769 6.59464884 -43.60278702
2.73975897 6.80164957 -43.61678696
2.91075659 6.93265009 -43.59878922
3.67675543 7.46064997 -43.49878693
3.93076086 7.51164865 -43.44678879
4.69075537 8.44164944 -43.39778900
4.95375586 8.39765072 -43.32978821
5.62476110 8.83864880 -43.23678970
5.85275793 8.98165035 -43.20378876
6.15675879 9.37665081 -43.19278717
6.17575598 9.69164944 -43.23478699
7.10775518 10.01465130 -43.08478928
7.45175695 10.17164898 -43.03278732
8.00875664 10.89665127 -42.99578857
8.17875481 11.25765133 -42.98678970
8.62275505 11.78665066 -42.92078781
8.60675621 11.93965054 -42.93478775
8.66275597 12.07464886 -42.92978668
8.84876060 12.47865200 -42.91078949
9.23576164 12.90965176 -42.84278870
-17.44724083 1.88965094 -42.00078964
-17.10724068 2.25165033 -42.52078629
-16.95324135 2.40064859 -42.73878860
-16.86624336 2.44665003 -42.83178711
-16.82024193 2.43665171 -42.85778809
9.68775749 13.27464962 -42.76078796
10.19576073 13.52265072 -42.64778900
10.08276176 14.21665096 -42.72378922
10.29875755 14.20765209 -42.65378952
10.90075493 14.54465008 -42.45878983
11.11375999 14.84665203 -42.37078857
11.33075523 15.01465130 -42.25878906
12.12375450 15.94864941 -41.76678848
11.83675957 15.56564999 -41.95678711
11.55075645 15.18265057 -42.14578629
-18.91824150 2.63664865 -41.30078888
-18.24224281 1.68665183 -41.19778824
-19.00124168 2.73264933 -41.29578781
-18.93224144 2.78465128 -41.39778900
-18.89024162 2.80964899 -41.45478821
-18.82824135 2.90664911 -41.58278656
-18.87324333 2.77165079 -41.44178772
12.17575645 16.84264946 -41.57378769
12.18575859 17.24464989 -41.48778915
12.20275688 17.39264870 -41.44778824
12.37775993 17.11865044 -41.41678619
12.55476189 16.84264946 -41.38578796
13.66776085 17.07264900 -40.73178864
-20.58924294 2.70664835 -39.82078934
-20.38824272 2.40064859 -39.77978897
-19.97924232 2.35264826 -40.11978912
-19.58224297 2.10664988 -40.30278778
-19.16424370 2.56365061 -41.02178955
13.39575768 18.36364937 -40.49778748
13.29276085 18.52464867 -40.50478745
13.30676079 18.64565086 -40.45278931
13.37375450 18.99965096 -40.28378677
13.63375664 19.24664879 -40.01778793
13.89475822 19.49365044 -39.75178909
-21.84624290 3.31865168 -39.09178925
-21.73924065 3.17864847 -39.09378815
-21.57324028 3.21665049 -39.27778625
-21.21424294 3.02965021 -39.47778702
-21.00624275 2.97165155 -39.62978745
-20.79824257 2.91264963 -39.77978897
13.96575737 20.07765007 -39.45378876
14.00975609 20.30764961 -39.32178879
14.04675865 20.42664909 -39.23978806
14.08376122 20.53964806 -39.15878677
14.21275902 20.61364937 -39.03478622
14.80875969 20.42064857 -38.70478821
-23.13124275 3.62164927 -38.15878677
-23.37024117 3.97865152 -38.19478607
-22.78224373 3.47265100 -38.36078644
-22.43324089 3.32364893 -38.56278610
-22.01524162 3.32165003 -38.93778610
-23.69224358 4.42864847 -38.22278595
-23.58624077 4.18065119 -38.15178680
14.88475609 21.39064980 -38.11278915
14.81275749 21.54765129 -38.06878662
14.83175468 21.67664909 -37.97178650
-24.37524223 4.28665018 -37.62078857
-23.91024208 3.99564981 -37.78278732
-23.74924278 4.33365107 -38.11978912
-24.92924309 4.44465113 -37.28478622
-25.93124199 4.73864985 -36.51478958
-26.19824028 5.20564890 -36.48078918
-24.66924095 4.35964823 -37.44378662
-24.52924156 4.37665033 -37.56178665
14.90775871 22.05565071 -37.66778946
15.07076073 22.38664818 -37.30878830
15.23375511 22.71764946 -36.94978714
14.62775993 23.68865013 -36.69178772
14.44476128 23.74265099 -36.78778839
14.65276146 23.46964836 -36.83778763
-26.46624184 5.67164850 -36.44478607
-26.56824303 5.88564920 -36.43478775
-26.67124367 6.09865046 -36.42478943
-27.08324242 5.80164957 -35.78678894
14.81075859 23.63364983 -36.59478760
15.02776146 23.81365013 -36.29578781
15.29276085 24.31764793 -35.71178818
-27.40124321 6.14565134 -35.55678940
-27.77224159 5.69964838 -34.77478790
-27.99024010 6.00765085 -34.43578720
-27.24224281 5.97464991 -35.67178726
15.33975792 24.64064980 -35.42678833
15.12676048 24.87365150 -35.39178848
15.19175529 25.18165016 -35.10478592
-28.20724297 6.31365061 -34.09478760
-28.27724266 6.68364954 -33.91178894
-28.34624290 7.05364847 -33.72878647
-28.35624123 7.22265100 -33.66578674
15.46975517 25.25864983 -34.85378647
15.53275871 25.50864983 -34.59478760
15.51476097 26.49664879 -33.65678787
-28.64524269 7.16464853 -33.00878906
-28.36524010 7.38965082 -33.60178757
15.37476158 26.55465126 -33.70078659
15.30576134 26.60864830 -33.69578552
15.26175499 27.10064888 -33.15478897
-28.80024147 7.33664942 -32.55378723
-28.90924263 8.26064968 -31.75878906
-28.95524025 7.50765085 -32.09878540
15.29975700 27.31464958 -32.80178833
15.33975792 27.52964973 -32.44878769
15.08975792 28.09065056 -31.62978745
14.69075584 28.44264793 -31.29478836
-29.10624123 8.14364910 -31.31778908
-29.09724236 8.33664989 -31.19078827
-29.08824348 8.52765179 -31.06378746
14.54376030 28.56864738 -31.15978813
14.75775719 28.47865105 -31.12378883
-29.39724159 8.19764996 -30.46578789
-29.33224297 8.96264935 -29.64778900
14.97476006 28.38864708 -31.08678818
15.20075798 28.67564964 -30.06778908
14.87875938 28.92564964 -29.80978775
14.55875969 29.17564964 -29.55178833
-29.33524132 9.33465099 -29.09178734
-29.33324242 9.08664989 -29.46278763
13.85175896 29.61365318 -29.36578751
13.79475975 29.65264702 -29.33778763
13.90975761 29.57465172 -29.39378738
14.31375694 29.42864799 -28.99878883
-29.35524178 9.59965038 -28.62378883
-29.35924339 9.77464962 -28.34578896
-29.38924217 9.98765087 -27.87578773
13.41576195 30.06964684 -28.38078880
13.43375969 30.05264854 -28.22378731
13.45275688 30.03565025 -28.06578827
13.89875603 29.76464653 -28.21278763
-29.39724159 10.39465237 -27.09178734
-29.11024284 11.09065151 -26.90978813
13.44975853 30.01765251 -27.54978752
13.14975548 30.08665276 -26.60478783
-29.44624138 10.66265011 -26.47778893
-29.11324120 11.67164898 -25.96478844
12.83576012 30.20364952 -26.14078903
12.66175652 30.26665306 -25.91178894
-29.47924232 11.18165112 -25.58978844
-29.33824348 12.18464947 -24.61278725
11.92275810 30.51865196 -24.97378731
11.88275719 30.51965141 -24.86378860
12.06275749 30.50565147 -25.30578804
-29.26124001 12.34265041 -24.61578751
-29.24424171 12.44764996 -24.51478767
-29.18524361 13.13365078 -23.64878845
11.53575706 30.53365135 -23.95378876
11.44676018 30.51665306 -23.61878777
11.94075584 30.46165276 -24.76078796
-29.12424278 13.16965008 -23.77178764
-29.10524178 13.47465038 -23.38578796
-29.15124321 13.93365002 -22.60878754
11.35875511 30.49764824 -23.28278732
10.60275841 30.86164665 -23.03678894
10.23475456 31.07165337 -23.18278885
-29.06224251 14.26965237 -22.39478874
-29.06624031 14.56865215 -21.95978737
-29.10124016 14.54765224 -21.88678741
10.30175591 30.98064995 -22.83978844
10.06075859 30.92465019 -21.76678848
9.67075920 31.06564903 -21.59178734
10.26775932 31.02664757 -23.01178741
-29.18324089 14.41565228 -21.83078766
-29.57324028 14.33164883 -20.76178741
-28.87824059 15.88865185 -20.56578827
9.15975761 31.23564720 -21.29978752
8.84676170 31.23364830 -20.56078911
9.28275871 31.20564842 -21.41578865
-28.77523994 16.11765099 -20.54278755
-28.67224312 16.34665108 -20.51878738
-28.66424370 16.54865074 -20.23678780
7.93775702 31.43265343 -19.96478844
8.11375999 31.32064629 -19.64578819
8.18375969 31.38265038 -20.14078903
-28.56524086 17.08564949 -19.73678780
-28.52224159 17.30164909 -19.54678726
-28.55524254 17.30264854 -19.44278908
-28.36624336 17.96864891 -19.06078911
-28.34024239 18.05764961 -19.00678825
-28.35824013 18.09264946 -18.89278793
5.99875402 31.51164818 -18.69778824
5.87476110 31.52364922 -18.69178772
6.40575933 31.46165276 -18.68178749
7.40575933 31.32964897 -18.71978760
7.75875616 31.32565117 -19.18378830
-28.17224312 19.03064919 -17.97978783
-28.08524132 19.13165092 -18.12378883
-28.09224129 19.09864998 -18.15978813
-28.08824348 19.19465065 -17.98678780
5.25176001 31.45664787 -17.60178947
5.13976049 31.47765160 -17.81378746
6.16776037 31.46864891 -18.47078896
-28.06724358 19.79564857 -16.89178658
-28.09224129 19.35465050 -17.65778923
4.91975927 31.45864677 -17.17478752
4.78575659 31.44264793 -16.72178841
4.65276098 31.42764854 -16.26878929
5.02876043 31.49864769 -18.02378845
-27.97824287 20.02364922 -16.77278709
-27.94724083 20.17265129 -16.59178734
-27.86724281 20.60264778 -16.03478813
-27.36424065 21.68264961 -15.81578636
-27.21124077 21.90664864 -15.98278999
-26.89524269 22.54464912 -15.88878822
-27.05924034 22.13065147 -16.14778709
-26.76224327 22.78664970 -15.93878746
3.62275457 31.44965172 -15.80878639
2.79875708 31.39964867 -15.18878746
3.79375982 31.45964622 -16.00978661
-26.66024208 23.03764915 -15.77478981
-26.51924324 23.38065147 -15.51178932
-26.48824120 23.49265099 -15.28878975
-25.78324318 24.73964882 -14.59078789
-25.92924309 24.56165123 -14.35778999
-25.63624001 24.91864967 -14.82278633
1.78975451 31.36064720 -15.11678886
1.61675799 31.33765221 -14.97978783
1.10275805 31.26865196 -14.54578972
2.26975775 31.46365166 -15.92578697
1.99375689 31.37264824 -15.15778923
2.32175970 31.43465233 -15.64878654
-25.57224083 25.00964928 -14.72678947
-25.50924110 25.10064888 -14.62978935
-25.18724251 25.59165001 -13.80778694
-25.02724266 25.78064919 -13.82178688
0.42775878 31.11164665 -13.62478828
-0.55724180 30.97064781 -13.04978752
-0.87924039 31.07964897 -13.58578682
0.32675704 31.16065025 -13.95278740
0.33175811 31.14165306 -13.82778740
0.33275756 31.21465111 -14.31178856
-24.94024086 25.88564873 -13.74278831
-24.69624138 26.18264961 -13.48678780
-24.41624260 26.47064781 -12.81578636
-24.04424095 26.80864906 -12.67178917
-23.59724236 27.16765022 -12.71978951
-23.38824272 27.33164787 -12.81478691
-23.17924309 27.49365044 -12.90778923
-23.00824165 27.59764671 -12.78578758
-1.86024320 31.01164818 -13.36578941
-1.95924222 31.04865074 -13.52078819
-2.02124262 30.98564720 -13.28078651
-1.01624143 31.04264641 -13.44478798
-22.83824348 27.70065117 -12.66178703
-21.90324211 28.20664787 -12.00778770
-22.13924217 28.06664848 -11.96778679
-21.67724037 28.32064629 -11.92578697
-21.00124168 28.65765190 -11.65378761
-20.32324028 29.03265190 -11.97078896
-20.17724037 29.11164665 -12.04578972
-20.23424339 29.07864952 -11.98478889
-19.33224297 29.34464836 -10.79178810
-19.39124107 29.45165062 -11.51778984
-18.43324089 29.79865074 -11.29078865
-6.69724131 30.66264915 -11.86178780
-6.80224085 30.62865257 -11.75378990
-5.07724237 30.46864891 -11.51178932
-6.44524240 30.64165306 -11.84078789
-4.98424387 30.54164696 -11.74178886
-4.82524347 30.57864952 -11.86578941
-4.33324289 30.68365288 -12.21578789
-3.92924356 30.80064964 -12.65078926
-3.64924097 30.83965111 -12.80978966
-3.26424265 30.86765099 -12.91578865
-2.96324396 30.86964989 -12.90678978
-19.95024300 29.15665245 -11.36878777
-18.32824135 29.86365318 -11.41978645
-17.28624153 30.22665215 -11.53678703
-17.79824257 30.04465294 -11.45278740
-17.09824181 30.13864708 -10.95978737
-17.19124031 30.18265343 -11.24878883
-15.39424324 30.51464653 -11.02278709
-15.47024345 30.46565056 -10.87978935
-16.27624321 30.28664970 -10.74578667
-15.09424019 30.58064842 -11.12978935
-15.31924248 30.53265190 -11.05578804
-14.48824120 30.43265343 -10.39178658
-11.24924278 30.77364922 -11.30478859
-11.39124107 30.80664635 -11.35778999
-9.64624214 30.42165184 -10.71178627
-10.88324165 30.65965080 -11.08878899
-8.58424187 30.32265282 -10.62078667
-9.31024361 30.43665123 -10.81178856
-7.12524271 30.31265068 -10.85578728
-8.10124016 30.23264885 -10.47178841
-6.88424158 30.55264854 -11.53578758
-13.68124199 30.59864616 -10.76578712
-11.35724068 30.67165184 -11.02378654
-13.27523994 30.78365135 -11.23778725
-13.27824211 30.68164635 -10.95178795
-13.28224373 30.57864952 -10.66478920
-12.38724327 30.50465202 -10.48678780
-11.32324028 30.53565025 -10.68778801
27.01875877 -16.49635124 -0.41478878
-10.08024025 2.74365091 -45.07778931
9.07875633 31.23664665 -21.11878777
15.24675560 23.99265099 -35.99678802
-1.07924116 4.96764994 -44.26878738
14.91475487 25.10465050 -35.35478592
-29.00724220 8.20365047 -31.53878784
8.03975487 11.08064938 -43.00678635
-18.19724083 29.90965080 -11.43378639
8.02475548 31.37664604 -19.80578804
-29.22524071 10.88165188 -26.86778831
-20.50124168 28.94164848 -11.94278908
-29.24124336 11.39264965 -25.99578857
-26.45824242 23.60264778 -15.06478691
-28.51624107 17.35365105 -19.48578835
-0.98224103 31.11164665 -13.74078941
-29.57924080 11.70065212 -24.57878876
-28.10924339 19.07864952 -18.13478851
6.76376104 9.85565090 -43.13678741
4.49375677 8.17064953 -43.40678787
-29.43824196 8.80465221 -29.51478767
-11.81524086 -1.99334848 13.00521278
32.84175491 0.18065128 -26.85978889
31.90875816 15.50364971 -11.04678917
-12.57224083 -2.45034933 12.31821251
-8.76024055 2.50264978 -44.88978958
-6.19124079 30.62064934 -11.81778908
-20.29124260 29.04465294 -11.92378807
-10.55524254 2.64665079 -45.00778961
-29.19624138 11.56465054 -25.87378883
-29.13524055 15.61464977 -20.17878723
-9.98324013 30.40665245 -10.61078835
-1.55924070 30.88464928 -12.83678627
-8.93024254 30.32665062 -10.58178902
36.33775711 11.58164883 -12.68478966
10.51675987 14.19665051 -42.58278656
-2.66224146 30.87164879 -12.89678764
-2.19024134 4.53365183 -44.43178940
12.44775963 30.35265160 -25.69578743
-3.07824183 4.42965174 -44.66078949
13.27976036 26.02065086 2.39121103
-0.75324094 5.08564997 -44.21678925
-29.18624306 10.99565029 -26.80778885
20.20976067 -6.32635069 -33.46978760
6.13976049 9.06064892 -43.15078735
-16.97824287 -7.82735014 -33.83078766
-6.93224192 1.26265204 16.32021141
22.47276115 -12.90134907 5.87721109
-28.97324181 14.60565090 -22.18078804
14.43475914 22.94864845 6.29521418
-29.10324287 13.38965130 -23.51078796
21.62775993 -10.84134960 8.05621147
3.45375586 31.43964958 -15.60678673
13.38675499 30.02464867 -27.16578865
-11.27324104 -20.91634941 -18.88278770
-13.63024330 -3.57235098 11.01621056
-25.18824196 4.52865076 -37.12478638
-26.68724251 -5.25335073 -24.08278847
5.06675482 31.47164726 -17.60079002
11.72875786 -13.47834873 13.95521355
15.11375999 26.77065086 -33.66878891
24.11875725 -7.58134985 9.08721352
19.21875572 24.77264977 -32.24978638
-28.42024040 18.18464851 -18.53978729
-11.76124001 -21.45635033 -18.13678741
-11.14924049 -0.90834945 13.89421272
15.59575462 25.75964928 -34.33578873
30.02075768 -6.49534941 7.10321283
2.20175695 31.44264793 -15.75178719
-9.11824226 1.13564932 15.82821465
-29.73424339 -6.22635031 -7.32078695
18.66175652 24.54664803 -33.07078552
28.42275810 15.67365170 3.35521173
-25.20724297 -1.68935144 -31.87578773
-19.01724052 -5.39434958 -35.10678864
-19.67024040 29.30464745 -11.44378853
25.76775932 16.61065102 5.19121408
18.49475670 25.28565025 -32.58478546
-9.74024010 1.40564978 16.46921349
27.26875877 -8.18134975 6.99521112
-25.64124107 -8.33234882 -18.91478729
3.48175573 7.33265162 -43.52478790
9.55275536 22.45564842 9.26921272
29.98175621 14.95965099 2.67121363
15.25575829 13.26665020 14.03521156
20.47276115 23.42664909 -31.57678795
7.07475805 -17.44635010 16.48721123
30.70575523 -9.14935017 3.61021280
-30.78024101 -5.19135046 -7.17278814
15.93775749 12.33565044 14.11321068
6.26476049 31.34965324 -17.14978981
32.62975693 -11.66335011 -24.82178879
32.64475632 -9.19534969 -25.88478851
33.75775528 -12.78034878 -23.68778801
17.34175682 12.46465206 13.72921181
18.32875633 -3.96935034 -35.87978745
23.96175957 17.96864891 -32.01478577
-8.88424110 -19.97335052 -21.57678795
-15.68524361 -3.76635122 10.89821053
29.51775932 -7.92735052 -27.76578903
33.34375381 9.97465038 -21.95378876
4.16676092 -23.14735031 0.99921268
35.35075760 8.87765026 -19.35078812
33.32775497 8.78864956 -23.19978905
15.14975548 -17.40735054 -22.40778732
-29.43024254 9.99664974 -27.69678879
1.70375597 -21.42135048 10.34621239
22.26875877 15.85565090 -35.04478836
33.19875717 11.15965176 -20.72178841
-10.34324074 -18.21335030 -22.12078857
-25.38524055 -9.20734882 -4.64278936
-13.24124336 -2.57034826 12.04521370
-9.33824348 15.67864895 17.06821251
2.38375616 -25.44334984 -10.21178627
-29.34824181 9.97664928 -28.05578804
32.89375687 5.86965036 -25.89578819
4.77475500 8.49965191 -43.38578796
-32.32124329 -2.25034857 -10.75878716
27.05375481 18.21264839 -0.96778637
-5.57224131 23.17564964 7.25321054
-30.36224174 -2.36834860 -19.33478737
-28.10124016 -5.61934996 -18.65378761
-12.41324043 17.52065086 16.09921074
37.61475754 10.76965237 -11.51278877
30.04276085 -12.47334957 -25.28678894
22.22176170 -4.34235144 -33.43678665
-29.22724342 9.11965084 -29.77978897
11.66776085 30.13864708 -5.77478933
34.08275986 -11.30834866 -1.56678915
-11.66424370 -1.48935068 13.29921150
12.69875908 0.04664859 16.47820854
-25.63824272 2.82364893 -35.61178589
-14.63524055 -10.73235035 6.60821390
23.58276176 -17.65135002 -0.94478756
-11.30124092 1.08664954 17.99220848
16.70876122 20.90664864 7.67421198
-11.77924156 0.57065064 17.24120903
11.19376183 -14.29034901 13.63121223
39.49375534 2.86564875 -15.92378807
3.74175787 -24.79434967 -4.57778692
-16.57124138 -14.55235004 -17.37578773
7.80975866 5.16865015 17.98021507
21.40476036 22.93264961 -25.16378784
19.03975487 10.72865200 13.54321098
-22.00924110 -10.82234859 -21.15178871
-13.16324043 -17.62635040 8.75821114
17.72975731 24.95564842 -33.50778580
-17.43324089 -15.13834858 -0.97278744
-13.28624153 -3.27834845 11.53721046
20.00575829 16.68865013 10.50921059
1.91375506 -20.73534966 13.31521034
-23.86424065 -9.08434963 -21.93378830
-31.61824226 19.33465004 -5.80978918
-11.95724297 -2.29234838 12.96721077
-3.07224131 -0.62035125 20.10821342
40.19275284 1.75464880 -14.16678810
37.25775528 2.96764994 -20.54678726
-12.84024239 -2.98034811 12.19321251
40.03275681 0.34965000 -15.23478889
-11.35224342 -1.87235010 13.45721245
-30.92724228 -1.72635019 -18.93478775
30.68775749 -19.42435074 -6.64978933
-12.17324257 -20.43334961 -18.60278893
23.19075584 -7.99134970 9.29721260
26.38175774 16.33265114 -30.24478722
-18.40824318 -6.54535055 11.95121193
-7.48924112 -19.90934944 -22.88978767
15.98676109 23.14064980 -36.08378601
-10.71524239 -19.85435104 -20.10578728
-14.63324165 0.58565003 -42.80078888
17.52375603 25.81165123 -32.86978531
13.39175987 4.16065073 15.40720940
12.57875633 -10.40134907 15.76820946
-11.65924263 -0.59235138 14.41621208
-30.34124184 -5.79034948 -6.58678579
14.69676018 -14.29934978 -28.47978783
-32.64524460 16.22865105 -8.71978951
10.75076103 23.83164787 7.46521235
-20.70924187 -6.50035048 -32.29778671
-10.72424126 -10.11234951 -34.48978806
-23.81924248 -4.75934935 -30.40778732
-28.24924278 20.47064781 3.41521311
30.82975578 -15.05935001 -1.28678656
-6.86024332 -19.82735062 -23.52078819
-31.25624275 -2.52834845 -15.12078667
12.34876060 6.33365107 15.47921562
18.25475883 24.95065117 -5.09278631
15.83075523 28.13564873 -30.67878723
36.11775589 10.40165234 -15.80678749
28.48576164 14.64865017 -28.02778816
-11.18124199 -1.51535165 13.52221107
-21.64024162 -10.11034870 -24.11878777
-10.74324226 -1.27335107 13.81321144
7.99775457 7.53164911 17.54520988
-19.32824135 27.49764824 -1.24878836
24.51576042 11.53365231 -34.79578781
30.49075890 13.83864880 4.15121317
27.43975639 15.65165234 -29.08278847
-21.05724144 -11.18435001 -22.28978729
12.76775932 20.84264946 9.64821053
-9.09124184 -20.66334915 -20.66978836
16.53075981 26.34464836 -33.05178833
-16.32424355 -0.72334808 -41.03578949
23.47675896 1.35164893 -35.17778778
18.71076012 -8.62535000 -32.56878662
6.85575628 -19.40534973 10.10721016
-15.39323997 -1.37434900 -41.12478638
-14.05424309 -4.15334845 10.33821297
-14.11924171 -16.00735092 8.23421288
-12.67924309 -16.47834969 -21.45878792
26.48375511 -6.34835005 -29.98578835
-12.47824287 24.11765099 5.28121042
33.13075638 -12.94334888 -1.56678915
-21.60724068 -7.36934996 -29.90778732
-24.12524223 -9.91434956 -17.41378975
29.21875572 16.44164848 -0.10278850
20.03775597 24.86264992 -30.63078880
34.24275589 -5.18634939 7.26021051
-6.15824366 -23.08835030 -19.42778778
-21.80924034 -9.61534977 -25.05878830
-22.87924004 -4.31734991 -32.19778824
22.12975883 12.12864971 -36.52278900
18.76376152 -14.61835003 5.82721186
23.44775963 20.05465126 -30.51178741
25.40075493 17.71764946 -30.41578865
5.72475958 10.48264980 17.51321220
-10.58824348 -21.64534950 -18.71478844
34.38575363 -11.31235027 -24.16978836
28.56575584 13.71164989 -28.85278893
35.57475662 -12.52034855 -22.98478889
-12.88824272 -2.83134985 13.65521049
12.05576134 -20.83034897 -1.34178686
11.01376152 -13.14434910 15.47921562
-15.66124153 -2.80334997 -39.66978836
-26.03024101 -2.07835150 -30.30478859
-13.64224052 -10.51134968 -32.29778671
15.42475700 -15.39734936 7.06021357
-19.41424370 -11.37434864 -7.82078695
29.36076164 17.27165031 -5.32778692
27.04176140 11.31165218 8.93921089
23.38275719 -1.19035089 -34.27178955
-8.95124245 -16.04034996 -27.29578781
-19.80224037 -1.87634790 -37.18878937
19.24675560 23.74365044 -33.01778793
33.84375381 11.58565044 -18.51878738
-7.91924143 -4.96935034 -39.55078888
25.19075584 -5.53034925 -31.07078743
5.75875616 15.59265041 14.96121025
-34.04924393 8.87365246 -15.01278877
2.93176031 -4.24934912 21.08221245
-26.08324242 25.30964851 -1.09278631
-21.76324272 -6.69934988 -30.76478767
31.44875908 -14.60234928 -1.35778952
30.53275871 -12.33834934 1.05021143
25.92475700 -11.10934925 5.50121164
6.39875555 -19.58735085 -24.86978722
-28.74424171 -1.33434808 -26.17078781
10.06675529 -21.17934990 0.61821216
30.21775627 -6.56235075 -27.99378777
-24.97524071 24.91665077 1.38121271
8.54575920 -3.59834814 -39.93778610
32.57575607 -12.42735004 -24.42178726
-8.40624046 -21.25634956 -20.52378845
14.51875877 15.67064953 13.46921349
-22.55524254 -5.85934973 -30.82978821
6.71375799 -21.61635017 -20.19278908
32.23975754 -11.97734928 -0.25578839
-21.13024330 -6.82234907 -31.41578865
18.01675987 -12.84735012 -28.59578896
14.94676018 -15.30734921 -26.70678902
-23.36824226 2.66165018 -37.31478882
2.89575720 -20.78734970 11.57021141
5.06976080 -15.87835026 -31.37578773
-30.81824303 19.75864983 -0.41678768
13.90376091 -16.31435013 -25.62978745
12.51075554 25.89864922 3.36821222
-23.56424141 25.95364952 0.56921238
9.35175896 -19.45235062 -22.83978844
22.87975883 -4.55134916 -32.91378784
36.50775528 -6.23935080 4.61921167
17.03775597 23.42864799 3.17721415
10.46575737 3.29664850 17.02621269
-16.85924339 29.70165062 -8.91978645
-4.68524408 -22.10835075 -21.51678848
21.72276115 22.26365089 -30.54178810
-4.38524103 4.52265024 18.32320976
8.34175682 28.18964958 2.46721125
14.69476128 23.37664986 5.50921106
7.17175817 -18.20835114 -26.83478737
29.92475700 -8.95234966 4.51521158
-22.03124046 -7.66634893 -28.79878807
33.13275528 8.40365124 -23.94878769
17.99875450 -17.03835106 -21.40878868
-10.24124336 0.57865006 15.56921196
7.51575994 -20.75334930 5.46321344
-20.25624275 -6.93135023 6.43621302
36.46175766 -2.38334799 -23.80378723
-33.77724457 13.12065029 -3.79178762
-20.44024086 -6.60735083 8.11921120
16.89375877 22.46465111 5.24621058
11.42675591 -19.48834991 3.39321375
4.69075537 -23.71434975 -1.40478659
10.16275597 12.53565121 14.91421318
10.40875816 30.04665184 -3.73978949
23.24075890 21.09065056 -26.43778801
-3.68424082 25.97265053 2.65321207
14.00975609 14.02865124 14.05321312
-8.80524254 -14.31134892 -30.46378899
33.28575516 9.50965023 -22.56478882
-16.97824287 -2.00335073 16.42721367
18.48776054 22.08864784 -34.85478592
-30.24424171 -1.51135004 -21.86678886
21.55275536 -5.06134939 -33.45378876
9.83875847 14.46864986 14.42421532
37.57075882 1.12465155 -20.93078804
4.78175879 11.08565044 17.56321526
-20.05424309 -4.23335028 12.96121025
28.27876091 -7.06734991 -28.75078773
30.21875572 11.34564877 -27.74078751
6.69275427 -21.61635017 3.82721186
-16.76224327 -7.44734907 -34.45978928
10.03875542 -17.22735023 -26.70678902
-24.50824165 -7.61535025 -24.28378868
-23.44424248 26.52865028 -0.86678845
-12.96824074 -2.64035177 14.47321129
-23.30824089 -7.40035009 -27.21778870
23.10975456 -12.43735027 -26.91478729
-7.48124170 3.43165064 17.54620934
17.08675957 17.84165001 11.20621300
-16.04024315 -11.05134869 -29.35278893
-33.62024307 -1.05835092 -8.06278801
-31.68124199 18.23964882 -0.75978619
-30.57424355 2.80864954 -27.97278786
-28.40124321 19.19465065 4.87321329
-7.59224176 -19.25735092 -23.64078903
14.75076103 15.52765179 -40.53478622
20.70075798 14.69964886 11.34121132
-10.32324028 -20.21434975 3.69721079
24.43276024 0.51664978 -34.25678635
12.48776054 -17.65035057 6.09921122
20.35775566 -7.06335020 -32.87778854
16.74675560 -1.05434930 -38.14278793
-22.37024117 -10.24234867 -6.66578817
-32.95224380 14.08764935 0.29121250
-30.86724091 11.94365215 -20.37178802
41.12175369 -0.29834881 -9.62978935
-13.36924171 -6.69535017 -36.82478714
-7.70924234 2.51365137 16.87221336
6.14775610 -13.22935009 -34.18578720
25.24475670 -4.77334929 10.30721092
-28.51224327 19.70564842 3.99221277
3.88675451 -22.72735023 2.63021326
-8.82624245 12.58064938 19.17220879
34.03275681 -10.36934948 -24.76478767
-28.08124352 22.44864845 -10.79278755
13.82176018 -7.89235067 -35.64478683
4.66676092 9.20564938 18.16221428
-28.30724144 22.78064919 -8.56878853
-15.94124031 -13.57334995 -23.37078857
3.16776037 -21.24135017 9.52121162
8.80075645 -18.30035019 9.62721062
-14.16024208 -10.94234943 -31.29278755
-25.60324287 -1.91835153 -31.10278893
15.51075554 -15.54934978 -25.93278885
38.78375626 -2.99234915 -20.80078888
2.36475897 -22.79235077 3.39921045
-3.68724298 27.76865196 -3.54178762
-20.84824181 -5.67934942 10.79621315
17.05175591 -19.16735077 -2.17978811
8.08476067 17.38965034 13.59021187
2.87175512 10.92164898 18.00921440
-10.00324059 -15.47734928 -27.20078850
17.54575920 -18.82635117 -1.41178656
31.61875725 -13.80434895 -0.90778881
9.47476006 26.01864815 5.40821314
-7.71424341 4.10864878 18.16321373
32.29575729 -13.89134884 -1.48578787
17.76576042 24.38464928 -0.86278683
19.23576164 24.41164970 -22.84478760
40.78575516 -6.14834929 -5.98278952
13.74175835 -8.64634991 -35.08678818
9.10475731 -19.20235062 -23.62378883
1.21875536 27.54165077 1.82921076
-27.58024025 23.67164803 -8.43878746
35.50775528 -19.66335106 -6.07078695
31.89975548 7.49965143 -26.80178833
-25.80124092 -1.23135126 -31.60178757
-5.13024378 -22.37134933 5.23221064
28.90476036 6.46764994 10.36421013
0.71575701 28.59464836 -1.88478613
3.17675543 2.28565073 -42.64278793
-19.15124321 -11.31634998 -6.80778646
9.75575829 -10.43035030 -35.37278748
4.04375982 9.83465099 18.13221550
22.78475761 17.99265099 6.79521418
24.01275444 13.30465221 -34.63978958
27.55875969 -12.36135006 3.37821054
22.36076164 21.76965141 -2.23878622
-19.62224007 -12.33034992 -13.26478767
15.00475883 -11.09334850 -32.34678650
4.94775915 -21.24234962 7.38321161
15.73875999 26.14565086 -1.66478872
17.78075981 -19.18435097 -2.90678930
8.09275627 -20.69434929 4.79721308
-15.62424278 -10.83234882 -30.16778755
-8.27324104 -15.45734882 -28.96178818
20.08975792 23.46164894 -4.01178885
-10.93024254 -19.40135002 3.92121363
31.03875542 16.01064873 -12.31278801
15.45275688 -16.57035065 -24.04778862
-34.65124130 10.20664883 -10.21578789
-32.48124313 -3.69334936 -5.78778601
39.11675644 -12.61234951 -2.83378744
25.04176140 -9.55535030 7.21121073
13.34075737 -17.16735077 6.09721231
12.49575615 22.58064842 7.91521311
30.12775993 15.20265102 -19.18478775
-31.20524216 -4.93934965 -6.44878912
2.25475836 15.99365139 15.70521355
18.50775719 24.98964882 -6.67478704
15.06475639 6.02564859 14.74020958
-0.90324247 28.79364586 -4.64878607
-9.76924324 16.40965080 16.45521355
11.91975975 18.40965080 12.33321190
19.69275475 22.92764854 -0.23278956
-23.47824287 22.60964775 5.65321207
-9.08224297 -4.90434980 -39.45678711
11.47575951 -17.54734993 -25.08478737
-11.83024025 0.99664932 19.19221306
0.29675826 29.80264854 -7.59578848
27.75176048 18.22265053 -3.69978857
-16.53124046 16.26564980 19.40421104
30.51975822 9.25965023 8.72821236
4.31175756 18.20364952 13.77621269
13.14275932 29.97465324 -11.65078926
34.93575668 12.72664928 -13.01878929
22.89575768 -9.75934887 -29.53678894
-2.34224176 -13.90534878 -33.65478897
2.69075537 -16.87135124 -30.42778778
-12.26924324 25.52264977 2.54821253
25.65376091 20.13165092 -10.79478645
19.49875450 23.53164864 -2.33678579
11.05676079 4.17764902 16.53721428
8.60275841 -14.26334858 17.69121361
-18.05524254 -9.34234905 10.40321159
30.76675987 15.92064953 -14.01378822
-6.21124125 2.09065104 16.89520836
2.68875647 -25.31735039 -6.32178640
27.87375450 -7.25335073 7.41121149
-3.01924372 -19.08934975 -26.76878738
36.83075333 -1.46735132 -23.07278824
14.15276146 25.69365120 1.97621393
29.61675835 17.21465111 -10.48878670
-9.35224342 20.29165077 10.85121346
8.18675804 -23.32234955 -8.24478722
12.86076164 29.22264671 -17.80278969
30.57975578 16.39864922 -4.08978796
-31.52924156 5.02865076 -25.44678879
25.44975853 -11.08234882 -27.42778778
22.58476067 22.02464867 -4.53678656
-30.01823997 6.28465128 -30.16078758
-20.82824135 -11.94334888 -15.98278999
19.44975853 21.26664925 4.77521372
-32.67724228 17.14864922 -6.11378622
-8.38924217 6.58164835 20.02821159
4.68375921 1.73164999 18.69521141
27.01576042 18.90165138 -4.95078802
-4.74424219 13.50265026 17.61421013
31.04376030 16.02964973 -3.28578711
-4.42124414 -22.74735069 -20.51178741
-10.11324120 -11.52734852 -33.36778641
26.04475975 11.36464977 -33.39178848
-26.41524315 -7.42135000 -19.37278748
31.91375542 -17.94734955 -4.48378897
19.73875999 25.58864784 -26.60178757
-0.30724183 -20.92135048 15.01920891
-15.45824242 17.62664986 17.15321159
-16.87124062 -10.82234859 -28.83578873
12.02275658 -5.92035055 17.52721214
26.24275780 19.73364830 -8.23278999
28.81075859 16.64465141 -18.15378761
-24.19724083 -9.93834972 -16.52578926
0.69575655 -21.66435051 -22.85078812
30.00275993 16.54065132 -14.05078697
26.56375694 18.90365028 -15.29978752
-30.45024300 5.94864893 -29.13578796
-14.35324287 -11.07934856 5.55921412
27.48776054 -11.71134853 3.93921137
-24.15324211 -9.76735020 -18.27978897
-13.90124321 -15.99434948 1.99721384
26.46375847 -17.18835068 -20.63778877
17.70175743 12.88765240 -39.25278854
-12.93424034 -16.19334984 4.39221048
-1.48224103 -22.63534927 -20.96278763
24.90575981 -18.43634987 -3.30178595
-6.62024164 23.06664848 7.14921045
-34.50324249 11.22764874 -8.23478889
11.94275475 29.85265160 -21.13078880
-12.58724022 0.15265140 17.62121391
-17.08724022 -8.82334995 9.97821236
-26.86224174 -8.60934925 -4.08478689
-29.49824333 -6.80834913 -5.43278646
-15.68024254 26.70165062 0.45021290
-14.20024300 1.64364874 -43.66978836
19.02575493 18.64964867 -36.37978745
-0.11024322 13.39565182 17.42921257
12.77575493 29.25665092 -20.07778740
3.19476080 13.51864910 16.88521385
10.85675621 30.44064903 -20.90178871
7.04975653 27.10864830 4.58521128
13.61375999 -0.05534878 15.97921562
31.18176079 -18.66934967 -17.89678764
8.60875511 -1.75134790 18.61921501
26.66475487 -17.93435097 -2.67478704
13.26075554 -10.96134853 -33.38078690
40.28175735 4.38765192 -13.34078789
-26.99224281 24.32765007 -8.34078789
8.14375877 -5.29334974 19.05721092
12.44576073 -21.23035049 -4.37078619
-5.11524057 -5.92335081 -39.25578690
-16.67924309 -17.02435112 -15.33978844
4.62975836 -15.43334866 -32.09678650
27.53375816 10.74865246 -31.88178825
12.39575768 -16.67035103 -26.07878876
-31.34624100 -4.49234915 -7.49778891
25.37576103 2.35764933 -34.01978683
36.78575516 -6.52535009 2.53921366
-10.12724113 -16.67435074 -24.86478806
32.36175919 -16.87335014 -20.61978722
21.70575523 -17.05535126 1.03621149
-25.48324013 -6.15834951 -25.12878799
-5.67324305 -11.24434948 -35.32478714
9.75675774 -11.97935009 17.69021416
14.42575645 16.42664909 -40.49378586
21.22176170 -18.42835045 -2.11578894
9.30275536 30.83565331 -17.57478905
7.45675421 28.32365227 2.45021296
-28.78824043 18.00164986 -17.59878731
-13.01124001 -2.56234884 -40.97478867
11.30075645 -21.63035011 -3.68678808
11.68076134 29.95564842 -4.90778875
7.43875647 -18.12135124 13.17421150
17.87676048 24.07565117 -0.05778651
-10.50824165 18.20965004 14.22620964
21.15376091 -13.81134892 -25.93678856
-1.97424161 -12.08734989 -35.41278839
8.07375908 20.26664925 11.69821358
-6.93524408 -10.76934910 -35.42378616
0.15675889 28.80564690 -3.42878866
-10.86624336 -5.50735044 -38.67478943
-2.15924311 -0.41734830 19.93021202
-27.06124306 -6.59234953 -19.68878746
20.76975822 17.44064903 -35.49078751
35.51375961 1.09564841 -23.84878731
22.13976097 2.28365183 -36.31478882
-7.14424372 -5.51234961 -39.29078674
26.74976158 18.11865044 -19.06878853
0.25775680 25.98964882 4.79121256
33.87075424 6.12365198 -24.29778862
12.31976128 -12.23034954 14.57221031
-31.39124107 -3.58434820 -10.67178917
12.21775627 12.90064907 14.49421501
-31.31924248 -3.89035177 -9.86378670
14.30776024 28.96065331 -12.85578728
-12.69524193 28.52464867 -4.95478582
5.35475683 -13.72334957 -33.89778900
38.51375961 -0.16135159 -19.89378738
28.66776085 9.56764889 -30.76078796
-29.38024330 -4.04134893 -18.25878906
36.87475967 -3.16534948 -23.57178879
-4.55224085 -7.44234991 -38.43778610
-30.31324196 -3.15735006 -17.22778893
27.00076103 -12.04634953 -26.26778793
0.95275652 23.77464867 8.34621239
-4.72424173 -10.20534992 -36.41478729
-29.49424171 -4.51234961 -16.29678917
-8.98624229 -7.40434980 -37.64678955
-25.75524330 -4.80334997 -26.93478775
29.21375847 17.07264900 -2.91178656
-5.90324259 12.96264935 18.05321312
-3.35424280 25.05164909 4.74721384
32.77675247 6.97165155 -25.59378815
31.97075462 -5.50634909 -27.31078911
-4.21624231 21.18665123 10.47921181
-19.70624352 -7.61634970 -31.80478859
36.20475388 -7.44535017 -24.23578835
33.82375717 4.00765085 -25.25878906
29.39275932 16.28365135 -17.55778694
-21.69724083 -11.18934917 -20.56178856
30.66876030 7.41165018 9.72821236
2.09275579 30.46065331 -8.79778862
37.83175278 -4.04934835 -22.60378838
10.59375572 -15.58134937 -29.07178879
-10.55224037 25.16665077 3.08421183
-4.67424250 20.18264961 11.67721367
16.68176079 26.47165108 -5.36078787
28.50375938 17.30064964 -16.31578636
28.68675804 15.34464931 -26.35078812
10.19875908 19.62365150 11.67621040
33.70875931 2.90965128 -25.64578819
-15.42924309 -16.80635071 -17.04678917
27.62676048 16.42465019 -27.48378754
36.69575882 -0.42535153 -22.87878799
36.40075302 12.16464901 -10.61378670
31.68475914 12.47764874 -22.38178825
32.00575638 -12.94534969 -24.32178879
-32.68024445 -3.24434805 -6.43278646
29.50975609 -19.92234993 -13.97878838
-7.76424265 14.28864956 17.70821190
-11.93024254 -5.72534895 -38.20978928
-22.31624031 22.03164864 7.07921076
30.75176048 7.00364923 -28.62178802
11.23075676 -11.09934902 -34.21078873
9.42775536 -22.17135048 -2.21778631
-5.08324289 -25.60734940 -14.53078651
2.57475805 17.43165016 14.60521507
13.55375481 20.32565117 9.92621040
23.68975639 -13.21434879 -25.94378853
-10.13324165 13.99865246 18.95821190
15.46775627 26.76465034 -2.78478765
-18.99624062 -6.88635015 4.79221201
16.06675529 26.67164803 -21.20278740
34.68475723 13.14865017 -12.21578789
2.68875647 -20.01235008 16.03220940
-2.29824305 -10.36334896 -36.74678802
20.21475792 -16.07234955 3.25321054
15.44775963 28.47465324 -25.50978851
28.35975456 16.96364784 0.22521062
-22.64124107 -10.79134846 -18.95778847
-29.21324348 21.57964897 -8.76478767
23.67075920 20.49764824 -25.76578903
-21.14124107 -6.07434988 10.14121056
33.55975723 11.34765148 -19.61578751
7.50076056 25.89465141 6.27021265
-4.10224390 -0.00834790 19.05920982
-30.45124245 20.82464790 -6.51978827
-30.28324318 21.36964989 -5.38878775
12.54475975 18.80364799 11.87421227
19.35475731 23.98964882 -4.34378958
-13.56224251 14.86365032 20.05421257
-11.48424339 -18.84634972 7.47021341
12.07575798 0.79365021 16.67721367
16.68575859 24.56564903 -34.54978943
-10.78124046 -19.73035049 9.02021217
-13.22224236 17.76764870 16.05920982
-25.90524101 25.41164970 -7.61378622
-13.73024178 -5.75735044 -37.60378647
4.75275946 -21.98834991 4.61421061
-28.72424126 -7.30734968 -6.28578711
-28.80424309 -1.70335138 -25.38278770
-17.23024178 -12.65134907 -24.42478752
29.64875603 10.99064922 -28.93178749
8.46375847 26.11765099 5.70221186
-4.99224329 -10.81334972 -35.85178757
20.35275841 -12.23534870 -28.17678833
-15.46224022 -2.13535070 -40.46078873
-10.17824364 27.33564949 -2.50178671
38.92675400 -5.99134970 0.10321278
-2.52124262 22.26965141 9.48421288
-3.52324152 22.28164864 9.16421318
22.22476006 21.36865044 -0.33478695
10.66375542 -18.68135071 6.17921305
-8.65924263 0.47465000 -43.50578690
23.72875786 20.05565071 -23.14678764
-9.11824226 -10.68534946 -34.70478821
-10.83624077 -11.77534962 -32.65878677
2.31675482 30.78265190 -10.46078682
11.90075493 28.09364891 -0.00978618
10.90075493 -4.16734838 -39.05078888
-13.22624016 27.87865257 -3.11478949
-9.71324348 17.00164986 15.72021294
-31.16324234 18.73064995 -8.92578697
17.06275749 -13.98734951 7.69021082
18.11575890 -10.32034969 -31.37878799
29.45575523 13.42365170 -27.36678886
-27.36724281 22.86964989 -12.69178963
18.38575554 -10.91634846 -30.63578796
32.65875626 -16.19334984 -3.12678671
-6.40224314 -0.30534878 17.55021477
-30.99524117 16.92664909 2.46621180
12.46675682 -9.06334972 -35.35378647
-24.18824196 24.87064934 2.12821054
-10.67724037 14.69264889 18.68520927
-16.79424095 -13.70334911 -20.60278893
16.65975761 -6.76534986 13.81421089
23.17475700 18.36964989 -32.61778641
23.02275658 15.77065182 -34.40178680
27.42375755 11.94565105 -31.66678810
29.27075768 13.67764950 5.32121134
-13.49224281 26.36665154 0.89721149
34.31075668 9.90165234 -20.08778763
31.10775566 12.61265087 -23.89678764
-8.81624031 14.65064907 17.77321434
26.97975731 18.03064919 -0.02178722
34.18075943 7.37864923 -22.80878830
-10.51324272 -19.33435059 -20.73578835
14.93276024 -3.33434820 -37.92378616
39.61975479 8.14765072 -11.92578697
-13.52724266 -0.37634793 -42.55878830
-29.58524132 21.55565071 -0.23978953
-13.57224083 27.43865013 -1.82078695
22.34475517 15.70865154 9.60621071
28.58975792 -8.56935024 -27.86178780
-29.20324135 22.35564995 -6.55778646
28.40775871 -14.13535023 -24.40878868
34.28475571 9.16464901 -20.95378876
34.28075790 8.29465008 -21.80578804
7.56876135 15.00265026 14.75221062
-25.40224266 -1.00235116 -32.34878540
-4.68724298 3.42965174 17.96220970
32.77075577 -12.17335033 -0.85578686
-19.98424339 -6.21034956 -33.38278580
9.83175468 -16.79635048 -27.59778786
-30.88624191 18.26265144 1.16421366
-34.70024109 3.59065104 -10.69378853
16.90975761 26.18065071 -17.78278923
28.38075829 13.66464901 6.00721216
-15.41424370 -6.48235083 -36.22178650
12.98776054 28.63964653 -2.98078680
6.72675848 -18.91735077 11.81221199
14.57575798 -19.91335106 -1.94878912
22.78275871 20.43765068 -31.09378815
-9.69024086 -8.64534855 -36.36778641
-22.84324074 -9.34634876 -23.68678856
-10.80524254 -18.63335037 -21.12578773
31.33775902 -8.15034962 -26.85678864
-13.06324196 -18.61034966 2.50721216
23.50076103 18.96364784 -31.70378876
26.08376122 17.39364815 -29.64778900
-11.40924263 19.34665108 12.60321236
-13.48124123 -3.62235022 11.33721352
38.37975693 9.43065166 -12.65678978
-13.77324104 -3.33234930 13.09921074
-13.18624306 -10.13434887 -33.10778809
10.88375664 -12.65635014 -32.78178787
-19.56124306 -11.79234982 -23.32778740
16.59876060 -5.29434919 -36.02978897
-17.30524254 -5.03434896 -36.60378647
-31.17224121 14.43765163 -15.81178856
19.76975822 18.87365150 -35.61178589
26.71775627 11.59564877 -32.60778809
21.21175957 13.61865139 11.56521034
-16.44124031 -14.21734905 -18.99078751
37.06375504 6.70965052 -18.55978775
30.46175957 -7.16934919 6.16321421
14.83376122 -1.32034814 -38.92578888
-20.51424217 -11.65234852 -12.44378853
19.00176048 21.15564919 -34.98578644
-12.35624123 -18.53734970 9.04321098
-27.85624123 -7.67234945 -10.25078773
-28.83624077 22.32864952 0.08221287
-14.53324318 -14.47534847 7.59221125
17.39375877 17.22464943 11.57921028
21.98875999 1.37264884 -36.13778687
5.77375555 -21.01235008 7.14021158
-31.83224106 16.46164894 0.95421070
11.02275658 -8.71334934 -36.23078918
-14.19624138 24.02364922 5.69321299
18.14775658 15.43265057 12.32821083
16.24475670 -10.82534885 -31.91178894
-13.64524269 -3.54934835 12.20021248
-18.31024361 -7.58335066 -33.09878540
14.38075829 -10.33734989 13.76921272
0.28375778 24.13865089 7.75321054
-9.13924217 -10.06734943 -35.27478790
18.69676018 -9.21734905 11.13921165
18.59776115 -12.01834965 -29.29778862
18.18276024 -11.67134953 -29.93478775
29.29575920 17.00864983 -14.55278969
-22.04424095 -4.90134954 -32.59678650
8.19175529 -13.77334881 -32.79078674
13.61575890 -16.51235008 6.92521143
17.10275841 19.39164925 -37.56378937
12.43975639 -18.45734978 4.52121210
-17.01024055 -12.09534931 -26.05778885
-2.15924311 3.58664942 -44.06178665
26.78675652 -10.51634884 5.41121149
15.78975487 -7.94435072 -34.60978699
-10.53024101 -8.98434925 -35.69378662
38.13775253 -3.21735144 -21.91078758
13.11276054 -7.35435057 16.54021263
-25.43924141 1.78365195 -34.99778748
-31.43024254 0.32665119 -21.60478783
23.81575584 15.62465191 8.30121040
14.13876152 -14.36534977 9.54621315
17.28975487 -2.71434927 -37.04578781
17.02776146 -17.09435081 3.09321070
-20.12624168 -10.17934895 -26.31778908
6.62875891 -21.34034920 -20.99578857
18.06175804 26.93065071 -30.55678749
28.52175713 -5.62334967 8.43621254
16.02776146 -9.60934925 12.78821373
17.53475761 -4.63935041 -35.93278885
28.52776146 0.57364899 11.12021065
26.70575523 -9.09134960 6.61121225
7.36375952 -19.31834984 9.51821327
-12.24224281 -18.00535011 -20.22778893
7.40875769 -21.20335007 -20.53978729
6.12375402 -20.60334969 -23.06978798
-12.01624107 -14.58134937 -26.65878868
28.35775566 -11.89734936 3.14221048
-15.16124153 -10.48935032 -31.14378738
6.14975500 -15.66934872 -31.26178741
16.70675468 -8.30034924 -33.85778809
27.50275993 -7.35735083 -28.99878883
14.79875755 -7.52634954 -35.42878723
14.30576134 -8.30935001 15.12721062
33.49975967 -8.41834927 -25.72878838
5.85475683 -22.39634895 -18.86878777
10.63475609 27.04364967 3.16621256
7.28475714 12.13365078 16.12621117
4.45675421 -23.50034904 -17.03178978
11.34876060 -11.44134998 16.47221184
5.96075964 -9.31935024 -37.37778854
24.37775993 1.50565207 -34.58278656
-14.99924278 -13.98334980 8.11121178
-30.00324059 10.73665142 -24.67878723
22.68775749 -3.57734823 12.21521187
39.27975845 7.06664896 -13.95678902
-8.83924294 -9.22734928 -36.16978836
20.00176048 24.30364799 -24.50678825
-21.67324257 -4.46635008 -33.44578552
-21.02124214 -5.39534903 -33.20178604
21.19875908 21.10864830 -32.63978577
-2.69624186 -14.67735004 -32.79078674
-25.81524086 -8.69734859 1.98621225
-32.98924255 2.87264872 -18.84878731
22.30975914 -14.15534878 -25.15978813
16.83376122 26.05164909 -20.80378723
7.94376135 -20.33535004 -22.13778877
-26.06224251 -6.73635054 -22.44678879
26.11475945 -7.52934980 8.10521126
-17.87724113 29.80865288 -10.53578758
16.86575890 -7.08735037 -34.71278763
7.93575811 -13.02334881 -33.73278809
14.86475945 -19.46134949 -15.92178917
21.69676018 19.12864876 -33.61478806
36.91975784 2.67164850 -21.25278854
-27.03524208 0.33064899 -31.78678894
-7.36524057 -25.08435059 -15.43578911
16.23175621 -17.45335007 2.96421289
9.68176079 -20.55035019 2.98021173
-13.28124046 -1.80835092 13.25521278
20.49675560 24.06564903 -30.72778893
-13.79124260 -7.77734900 -35.57078934
35.94475937 6.13464975 -20.78178787
17.55975914 -0.34435025 -38.02078629
-15.27724266 -7.22335005 -35.51978683
-26.87124062 20.62365150 5.02421045
36.77575302 4.60064936 -20.45278740
22.47775841 18.25464821 -33.43078613
27.38075829 -13.06534863 2.92721415
18.39875603 -9.47834873 -32.00078583
-33.58824158 13.97764874 -9.30278969
-23.12524223 19.82464790 9.89621162
31.32675743 -13.29134846 -0.31178814
-30.05624199 14.90565014 -18.37578773
14.05576134 -4.04435110 -37.95378876
16.09676170 -16.39635086 5.03321314
-16.44224358 -2.06834936 -39.88778687
7.11975622 1.39665091 -41.73278809
19.34976006 19.04965019 8.43421364
-19.16224098 -13.43735027 -6.05778646
40.33075333 -7.89434958 -4.45878744
17.82975578 22.36364937 4.52921152
14.31876183 -2.11435080 -38.79378891
36.17975998 6.67565012 -20.00478745
-23.40924263 19.14164925 11.04421043
19.20675468 25.23064995 -24.78978729
18.59475517 26.89864922 -29.28378868
28.19875908 16.54165077 1.93221140
19.21175957 -1.22635019 -36.72778702
18.24675560 25.98064995 -32.06778717
12.78575706 -0.52734894 -39.87878799
-11.48624229 -14.36234951 -27.77678871
35.41576004 6.22865152 -21.57578850
-11.47024345 -18.68135071 4.10021067
24.93975639 -18.08634949 -2.43778753
-10.11524010 -17.71235085 -23.10878754
14.07275963 -17.38735008 4.99121332
38.37075424 6.41665125 -16.40278816
17.34575462 14.91965008 -39.03478622
27.13175774 10.45065212 9.36521339
-12.88024330 -13.27334881 -28.57778740
26.08775902 0.92365128 -33.13478851
-31.76624107 17.34765053 0.06321187
-6.52024317 -25.22834969 -15.35079002
-8.52624321 -19.33035088 -22.67078781
20.41375542 -11.71134853 -28.73778725
-29.87624168 18.70865059 2.71321344
-1.75424039 28.78565025 -5.50178671
6.18275976 -17.99135017 16.79021263
8.74375725 -17.91835022 10.65021324
-31.85024261 18.31865120 -7.47978735
14.85375786 -18.16934967 2.64421320
10.57975578 -19.51435089 4.39821100
-19.02924156 -4.38635015 -35.97078705
-18.20624352 -4.42035055 -36.55378723
18.72276115 14.96264935 12.26521111
21.17875481 -6.07934904 -33.06178665
28.29475975 0.81165177 -31.18678856
-20.86324120 19.90965080 11.52321053
22.35075951 13.15165234 11.10721016
-7.94224405 -16.65234947 -27.26278877
26.39375877 15.76565075 5.51621103
11.51576042 -9.18534946 -35.67278671
23.90675926 15.88664913 -33.47878647
18.66475487 -18.42234993 -17.00778770
-27.41524315 1.17764914 -32.22978592
-19.14424324 -6.05235052 12.66521263
-31.87524223 15.66464901 1.90721369
14.51576042 22.13364983 7.30921412
-12.81224251 -2.93634939 12.86821175
17.95776176 4.08764887 -39.04978943
32.41175461 8.49865246 -25.34178734
18.93575859 13.93765163 -38.24378586
26.24175835 -6.08134985 9.02621269
-31.94124222 10.88965130 -18.82478905
-29.96824074 17.38265038 4.31921244
11.47775841 19.17965126 11.73821068
16.63475609 -3.54034948 -36.95978928
22.57975578 19.06764793 -32.72278595
30.95776176 -10.90635014 -25.84178734
1.90376055 -24.32035065 -16.67878914
-29.80224037 1.88765204 -28.88178825
22.51875877 15.04564953 -35.21678925
-8.29624367 0.47365054 15.32121086
11.47575951 27.80164909 1.08321238
-22.52124214 -7.01334906 -29.20878792
14.97875786 -11.82134914 11.81621361
-24.26624107 20.07864952 8.40021324
7.50275946 -16.74435043 -29.02678871
-8.78724098 -22.58535004 2.19321299
24.61875725 16.03365135 -32.66378784
16.90675926 14.33764935 -39.46778870
24.00975609 19.34264946 -30.53778839
34.69075394 -10.86435032 -1.88978720
7.58975744 -19.96834946 7.48021173
19.54675865 -11.61835003 -29.25678825
32.95675278 -7.30334997 4.25721216
11.30476189 -18.58934975 -22.97178841
10.08175468 -19.34934998 5.43421412
-19.32124138 -7.15134954 -32.83578873
27.85875511 -0.38234845 11.16221046
27.40376091 14.76864910 5.62221384
19.84475517 -17.73534966 -18.82978821
-9.14323997 -15.45334911 -28.13778877
-12.45124245 -10.27834988 -33.39278793
20.19075584 14.20265102 -37.31878662
4.64375830 12.74064922 16.84121513
-15.55824089 -13.99434948 8.93421364
-10.55224037 2.26265192 19.08920860
17.98375511 20.47764778 -36.26478958
-32.94624329 13.65064907 -12.11878777
-0.81624067 27.69164848 -0.40478665
-27.34224129 4.63464975 -34.90378952
3.78875494 28.66664696 0.84421390
-25.73324013 -0.24834958 -32.73978806
-16.10524178 -12.08534908 -27.24278831
-13.80024147 -2.02734900 -41.25278854
14.49475670 21.50565147 8.10821342
-15.67624092 -14.15234852 -0.92078930
14.11675835 28.51164818 -22.66078758
12.54675865 -12.63134861 13.80321312
18.44975853 -5.63134909 13.32821083
31.33675957 -20.37734985 -9.46378899
-21.75224113 18.91065025 13.30521202
21.24075890 -5.13734961 12.19721031
10.83775902 -21.72735023 -3.04978704
27.54875755 13.96164989 6.34421396
21.50775719 17.21164894 -34.96978760
-16.63024330 -3.54734945 14.42120934
32.16775894 -12.89534855 -0.75278622
-22.06824303 19.12964821 12.43721199
9.56075859 -22.04335022 -14.42978859
-14.81724358 -4.00935125 12.53621101
35.32575607 5.56365061 -22.22378731
-17.91324043 -2.22635031 -38.52478790
5.19975805 -18.33934975 17.05021477
-0.55224073 29.71465111 -8.01678658
-31.91524124 15.04965115 -12.78778648
-30.37224007 14.90565014 -17.42178917
-30.78824043 14.72165203 -16.47978783
21.99875450 -7.93735075 10.00621223
-14.80724144 -5.22335005 -37.70178604
-15.56924248 -5.61734915 -36.99078751
12.09175682 -19.58335114 2.33921289
14.88575554 -5.33335066 -36.85078812
-29.73824120 13.04265118 -22.15578842
-30.82524300 2.80164957 -27.11478806
-28.91724205 2.45065165 -31.36478806
20.64875603 -5.73035002 12.20921135
-30.76924324 17.04364967 -12.83678627
27.00775719 -5.31935072 -30.12478828
24.11575890 14.58864880 8.91621208
27.20675468 15.69864941 4.73321390
13.02175713 -5.87434912 -37.37578583
-23.64624214 1.46465170 -36.24978638
36.20175552 1.11165106 -22.98078728
11.64875603 -20.07835007 1.62421274
-11.60624123 -18.17335129 -20.73578835
16.86875725 -9.40534878 12.27721214
6.38275671 30.67065239 -5.85078955
-19.97024345 -10.38734913 -4.77278662
-19.41824150 23.06464958 6.98921061
-26.67724037 -4.45835066 -25.55278778
17.41975975 -19.50835037 -13.08278847
-22.55124092 -6.50335073 -29.93778801
-33.78724289 3.39864969 -15.08678627
-19.25124168 -12.70135021 -14.41978645
32.32575607 10.04365063 -24.15178871
-0.17624129 27.63964653 0.36621326
6.11076117 -14.23834896 -33.10478592
26.27776146 -13.57434940 3.20721292
9.26075554 17.22265053 13.45421028
-30.03024101 -4.06334829 -15.49078941
5.64775610 -24.10034943 -4.42178869
11.47875786 -14.50335026 12.79121208
-25.43224144 -7.55935049 -22.05078888
19.77575493 18.08764839 9.28721046
14.83975792 -8.54434872 -34.61878586
-9.84724236 -22.32035065 -18.49378777
-19.62424278 -0.73835129 -38.16678619
17.81675529 -16.73935127 3.27021265
28.12975883 -12.58834934 2.78121042
27.39375877 16.33965111 -28.32578850
39.33575821 7.79365015 -13.00678825
-14.46924019 -17.28635025 -18.25678825
38.41175461 7.29564905 -15.53778648
-32.23624420 14.05865002 -13.43478966
-20.28924370 -5.20935011 -34.15878677
26.62576103 -5.42735052 9.28921318
-28.29524040 -5.69234991 -17.57578850
-21.30324364 27.64064598 -2.89178610
12.30776024 -16.56035042 8.20221138
-16.22924232 28.03565025 -2.91778708
-14.63524055 -16.53334999 -18.54578781
-8.15124321 -1.24934900 19.27821159
18.67675591 -16.14235115 -23.07078743
19.13976097 17.54965019 10.26521111
18.81876183 -17.07335091 2.16421366
27.02575493 -8.08434963 -28.84178734
-27.14624214 18.59264946 7.57321405
-29.05524254 1.93564856 -30.55778885
31.47376060 12.36265087 -23.25378799
7.20976019 -11.60834980 -35.31078720
-26.14224052 -4.02335119 -27.38078880
16.78175926 19.25665092 9.76621056
10.08675957 -14.71434879 -30.60978889
-26.22724342 19.09864998 7.94021082
13.67475700 -18.46635056 -20.91178894
-32.26524353 -2.84834814 -9.24378777
-30.98124123 10.63865185 -21.98378754
5.94975805 -24.16534996 -11.65778923
-21.34924126 -10.70135021 -23.09378815
27.51476097 -1.29834878 -31.28078842
18.87576103 -9.86534977 10.51321220
23.27075768 12.74465084 10.71421242
9.59075737 -20.20835114 4.00021219
-28.74324226 2.96364832 -32.11578751
29.35975456 -15.17735004 -0.35178906
11.21975517 15.43464947 13.92321205
11.38976097 -21.02434921 -15.14478874
12.15175438 -20.63534927 -15.38378716
-32.02624130 15.49365139 -11.80178642
-20.04824257 -6.99234915 -32.37778854
9.27275658 -9.50335026 -36.27778625
-32.02624130 11.39165020 -17.86478996
24.12175560 18.52564812 4.19321299
-14.83124352 -15.55034924 -19.44178772
-14.10024071 -15.97434902 -20.06178856
34.29375839 -14.14235020 -22.61578751
12.23676109 -18.48534966 -22.32478905
8.02776146 -23.01935005 -3.87578726
-0.96424329 27.89764977 -1.27678823
-20.73124123 19.11964989 13.57621193
10.26175499 1.44964850 -40.99878693
30.61076164 -14.36135006 -0.56578594
-26.09024239 3.75165033 -35.78778839
34.66675949 -7.69835043 0.77021259
-1.13324201 -24.83934975 -1.00778723
-16.96124077 -1.21235025 -40.20178604
31.48875999 10.37264919 -25.84178734
15.86775780 27.68365288 -31.61078835
20.05676079 24.84765053 -25.74578857
-17.20224190 -7.83534956 10.43121147
-33.76024246 1.15965140 -11.83278847
14.12476158 -9.77435017 14.45721245
23.78075981 12.05465221 10.67121315
-21.98124123 -0.90334839 -35.92478943
-28.12124062 21.66065025 2.14721155
6.49575567 -23.81934929 -4.85778952
-32.94024277 12.11265087 -14.43078804
20.10675621 15.80364895 11.07321358
22.41676140 14.78565121 10.21321297
20.75775719 21.03164864 3.36221170
23.80075645 -10.74434948 -28.30078888
-29.49224281 16.84165001 -17.17378807
-19.93724251 -4.51534986 -35.10378647
12.31675529 29.99864769 -23.72578812
-17.21524239 29.85065269 -9.87978935
-27.49624062 19.09665108 6.34321070
26.24175835 -4.76835012 9.87621117
-18.47824287 -11.55834866 -5.82978582
-12.50624275 -0.64735168 14.78220940
26.18076134 -15.54634953 1.24121332
25.06275749 -16.81735039 -0.01178889
10.07176018 -14.05034924 -31.49878883
17.79176140 -7.05434942 13.07621193
18.53575706 -7.86435080 -33.26378632
-6.03924417 -21.34334946 -22.05378723
29.39175987 16.07864952 0.75321048
-32.49624252 11.70365047 -16.18878746
26.17375755 15.03964901 6.49921274
20.80776024 12.08565044 12.39121056
-15.02924156 -8.10134983 8.17921257
-29.75024223 18.26265144 3.54721308
-14.74324226 15.44264889 19.90620995
28.93675804 -9.95934963 4.31121302
6.68675756 -16.98035049 17.61221123
-29.48024178 18.68165016 -13.95778847
-18.29224205 28.66464806 -5.94078588
-25.71724129 23.79364967 2.39821100
32.89875412 -20.07435036 -7.54678869
26.01775932 14.42665005 7.22721338
39.01975632 7.78864908 -13.77378654
-25.25124168 3.69964838 -36.52278900
-24.31924248 2.90965128 -36.73878860
24.45175743 -17.68435097 -1.35778952
5.93675756 -23.31435013 -15.87778664
30.09976006 -17.29434967 -3.10278845
14.81175804 -18.32135010 -20.21078873
24.10775566 -15.69334888 2.14321375
16.38075829 3.11165094 -39.56878662
-30.20524025 15.67665005 -16.77178764
9.93875694 0.42764911 -40.84178925
18.55075645 -16.67335129 3.00821161
-17.45124245 -1.71434915 -39.36478806
-29.56724358 -5.47434950 -12.27478981
20.46575737 24.59665108 -29.89578819
-9.46524239 -23.05434990 -17.85079002
28.98975945 -9.05034924 5.13521051
19.89875603 -6.23035002 12.34021187
6.29176092 11.10964870 17.05721092
26.84175682 14.18464947 6.71821070
-15.57324028 -15.86234951 -17.44978905
-30.05124092 20.54165077 -8.55878639
-6.65324259 -18.54034996 -25.43978882
5.11076117 13.49764919 16.27020836
-30.59024239 -1.41434991 -20.91378784
27.14975548 -14.99335003 1.29621363
34.29076004 6.28764963 -23.47978783
27.84075737 -0.42334881 -31.29578781
14.77275658 -9.31734943 14.09621239
19.88175774 -15.51434994 4.18021250
30.54376030 -13.17335033 0.42021412
-19.20324135 -7.02934980 11.99221230
24.65675926 14.83365154 8.18221092
27.71975517 17.08265114 1.39121103
-17.95524025 -0.66534942 -39.74878693
24.78175926 16.99464989 5.82221079
19.51476097 -5.07534933 -34.64578629
-1.38224256 29.65965080 -8.36178780
-20.70424080 -3.52034903 -35.19878769
-13.52324104 -3.97034979 -39.43078613
13.71575737 -12.56034946 -31.43978882
14.99675560 -12.32434940 -31.03478813
18.36276054 -10.65434933 10.19921303
-31.30624199 -2.70834875 -14.23078728
10.58075523 -22.02434921 -12.05078697
-32.83024216 15.65165234 -1.43478918
-6.73724222 -20.32534981 -22.96878815
-21.79124260 24.09264946 4.75621271
28.29975700 13.05264950 -29.84678841
7.50176001 2.40664911 -41.87578583
-29.72424126 4.08864832 -30.86178780
20.62875938 -8.60735035 -31.58578873
7.93875647 -16.80335045 16.26321220
-1.95324171 27.77764702 -1.90278769
35.69775772 -6.74234915 2.83421183
24.20575523 16.46264839 7.06721354
-10.87524223 -16.48635101 -24.20978737
-17.67624092 28.56165123 -4.98178625
-27.73924065 20.26564980 4.40321207
-0.03524246 28.53165245 -2.56978750
20.58576012 20.69664955 -33.69078827
24.08675957 -12.87835026 5.09221125
30.37175560 16.41864967 -13.02778816
34.01475906 -12.33734989 -1.94078588
-6.06524134 -24.24135017 0.53721088
-25.81324196 -5.26934958 -26.03278732
35.23675919 10.03465176 -18.09778786
12.48776054 29.63864708 -16.25878716
-13.39724159 21.27564812 9.75821114
19.07076073 17.69164848 -36.79678726
-25.83824348 18.86464882 8.78521156
29.57275963 -11.40834904 2.53921366
17.39076042 25.63065147 -21.13978767
-21.98624229 -3.63435125 -33.84078598
-4.46824121 -19.58135033 -25.42878723
24.60175896 15.61165142 7.51821375
14.14076042 1.32665122 -39.97678757
26.49075890 17.32765007 3.10821390
-8.44524193 2.15664911 16.71921349
26.19476128 -17.22534943 -1.17378759
26.43775749 13.66265011 7.55921412
35.19375992 2.25964975 -23.94278908
24.28375816 -4.23734808 11.07421303
-14.36524010 -2.01234961 17.17220879
-19.07224083 -11.37634945 -25.10178757
31.43076134 -9.37034893 2.61421061
4.58675909 4.51565027 -42.84578705
-25.25824165 22.61665154 4.25521326
-9.65824318 12.41464901 19.75420952
9.21675682 13.05865002 15.02221489
5.53575659 30.70864677 -6.38078833
15.40476036 -12.95434856 10.18221092
14.70976067 -12.80334949 10.98121071
-29.18224144 -4.00834799 -19.14778900
-5.48324060 -21.83034897 -21.65678787
28.95575523 15.74664974 -21.68378830
-7.42124414 -15.44734859 -29.71078873
6.12576056 1.55164969 -41.97878647
16.61875725 16.78465080 12.26821327
18.40975761 17.25065041 11.02821159
33.40575790 -10.76334858 -0.67378765
33.58575821 -9.71434879 -0.21178584
34.36975479 13.60964870 -11.27778816
-25.30424309 25.63765144 -0.63278729
24.27475548 -4.44035101 -32.11878586
32.05375290 -7.13434935 -26.84278870
8.52475548 -19.38635063 7.50721216
-26.28724098 1.74265158 -34.12878799
25.95575523 18.81965065 -18.34278870
36.01475906 4.07264948 -21.99078751
38.63675308 -1.15134943 -20.19678879
-18.59124184 -11.34834957 -25.76578903
-11.49124336 -2.02834845 15.12721062
11.56175804 -17.40135002 7.63121271
33.65375900 13.68464947 -13.27578926
-25.00924110 2.50065088 -35.91978836
-10.19424248 -13.39334965 -30.85278893
16.93475914 -6.09835005 -35.37578583
-20.99824333 -4.28135061 -34.29478836
10.94775963 -21.64035034 -13.18778801
-27.92224312 -5.02934980 -20.97678757
-22.62924004 -0.88334793 -35.34578705
-21.98524284 -1.61535013 -35.39678955
-7.72524118 -24.06335068 -17.23378944
25.31976128 15.02865124 7.33921289
22.25275993 -13.52134991 -25.96178818
-18.68324089 -14.78334904 -11.77778816
-17.72924232 -8.47334957 -32.23378754
11.97075462 3.03365183 -40.88178635
31.39375877 13.61564922 3.93821192
20.15175438 -12.66335011 7.22421122
13.46675682 24.62565041 4.56421137
-26.99724007 -3.74735022 -26.04378891
-3.33924341 21.72265053 9.99521065
-18.52924156 -1.24035013 -38.77978897
18.14875603 24.04464912 -33.84778595
-33.55824280 6.06365061 -18.01978874
20.81475639 16.31965065 10.27521324
30.62075615 7.90664911 -28.59978867
7.78975439 -1.21035135 -40.87978745
12.36875725 -15.61135006 9.63121223
23.30975914 -10.60334873 7.34021235
23.97975731 -9.57434940 7.75721216
-23.26524162 -8.81734943 -24.13078880
-23.85424232 -8.03434849 -24.75878906
22.43176079 17.36665154 -34.03878784
32.22975540 -6.17934942 -27.01478767
19.00675774 25.65965080 -31.53678894
19.60375786 -15.43634892 -24.00678825
-14.75424004 -1.75534952 14.29720879
19.74976158 19.71465111 7.21921396
-24.38324165 -9.28934956 -2.67178869
-19.73324013 -8.03835011 11.67821312
-8.68724251 20.67664909 10.29421043
-32.86524200 4.55864954 -20.59678841
-28.97424126 0.09564838 -28.04278755
10.37075615 -14.11135006 15.40920830
-27.32824135 21.98565102 2.81421137
-29.71924019 -1.46135080 -23.52278900
-32.96324158 10.17365170 -17.04078865
5.00675726 -21.58334923 -21.68378830
29.51075554 12.07765102 -28.48678780
3.12875891 -24.39934921 -15.34978676
-24.47524071 1.58664954 -35.67578888
10.74775505 -0.02235165 17.61321068
25.28475761 15.96164989 6.45221186
18.99775505 21.08764839 5.62521219
33.63475418 -7.31335020 3.51921320
26.44775963 -11.65834904 4.70921183
-31.80824089 -1.13635004 -16.72278786
-8.55824089 -21.45935059 4.05421305
-17.30024147 -0.06635037 -40.75678635
8.43076134 -14.92134953 -31.22078896
30.56876183 -9.93634892 2.90521097
-14.37424278 -11.19734859 1.94421244
4.70675421 -17.45235062 18.51721001
-23.94224358 0.67965180 -35.42078781
-24.66924095 0.68564850 -34.78278732
18.54176140 -5.78835058 -34.74878693
5.47675848 14.99064922 15.35421562
13.54276085 29.38764763 -13.83878899
-14.64524269 -12.43234921 -28.31778908
-32.89724350 3.49465036 -19.82478905
-26.37624168 -4.29435110 -26.47178841
-15.17224312 -11.75634861 -0.59078747
-25.58824348 0.98864990 -34.16578674
12.31775475 -10.83134937 -33.94478607
12.63575554 -20.11535072 0.19321294
13.32275963 -16.09934998 7.84221125
-27.50724220 21.14164925 3.61721277
-22.48124123 -3.98335028 -32.99578857
-25.05424309 0.42365131 -34.17478943
15.59275627 -10.65134907 12.35421181
8.47875786 -0.75734848 -40.86778641
32.28175735 -9.30434895 1.70421076
31.42875481 -10.61835003 1.43321085
-19.45224190 28.75064659 -7.91078711
17.22675896 21.85964775 5.95721292
0.39875945 30.80965233 -12.00678825
10.19175529 24.57364845 6.88221216
15.51275444 -12.21034908 10.92221260
15.55275536 22.18964958 6.61121225
-9.66724205 2.60964823 18.19021416
16.37576103 28.13364983 -26.31678772
22.34175682 20.62164879 1.70621347
-16.66624260 -12.70334911 -25.03678894
-16.80524254 -2.60635138 -39.08578873
-24.83124352 26.32565117 -6.29678869
16.17976189 -19.38134956 -14.70778847
-17.74424171 -9.35735035 -30.66478729
22.21375847 21.37565041 -30.82378769
7.17075872 -12.99734974 19.17721367
12.97575951 28.94364738 -3.80678701
19.97276115 21.56764793 -33.77478790
3.93275976 15.76265240 15.39221001
8.24375725 2.91565180 -41.79478836
11.25675774 2.28064966 -40.91478729
-6.55324411 -22.78434944 3.16521311
-10.96824074 -19.36935043 7.84121180
-22.35024071 -0.08635083 -36.19578934
-18.79524040 -11.94234943 -8.01678658
15.79176140 24.40764809 2.56721354
10.52976036 -9.48334980 -35.82878876
29.69275475 -10.46834850 3.21421289
-12.12424278 -21.03734970 1.99621058
14.14076042 -12.01534939 12.47721291
-13.72424126 -11.63535023 -30.64978790
-11.70324135 -18.43334961 6.87521219
25.88375664 -9.35134983 6.89921045
33.39375687 14.66765118 -9.03778648
-18.22524071 -5.23734999 -35.84478760
33.20075607 13.77965069 -14.32478905
5.48975897 -20.50435066 -23.70078850
19.83376122 20.83365059 -34.39678955
20.38575554 21.92064857 -33.02878571
-7.55824137 -22.23134995 3.60121393
-13.56224251 -16.27334976 7.37921381
9.22176170 -22.38934898 -13.55278969
10.65675926 -16.97035027 9.60521126
-13.26624107 -16.46635056 -20.64778900
-21.25824165 -9.30935001 -0.82478863
7.63375616 -16.27635002 17.28021049
-2.32424402 -6.98935080 -38.98978806
-26.98424339 22.67164803 2.40421152
-0.54224241 -9.94034863 -37.29478836
13.51175499 27.77464867 -1.65578604
12.54775810 26.55864906 2.24921274
-29.73024178 12.14264965 -23.49578857
-26.85124016 21.72564888 3.70621347
16.00275993 -5.37135077 14.54520988
6.66275549 -22.58135033 -17.32778740
10.78075981 -16.31935120 10.65021324
-8.61024284 -22.05234909 3.01621103
4.16676092 -22.63035011 -19.64778900
-24.76624107 -2.48534918 -31.60778809
19.50076103 -7.91435003 -32.71778870
0.37575683 -25.61834908 -12.44978905
34.18175888 -10.28734875 -1.18978643
-32.82824326 1.98364890 -18.49578857
-29.71224022 19.33164787 2.32921076
-13.04624367 -12.23734951 -30.32878876
40.42075729 6.79365015 -11.58078957
-31.89724159 9.20365047 -21.33178902
35.67275620 13.50464916 -6.82078695
19.11076164 12.50765133 13.06021309
28.45475578 -13.30034924 1.95721292
10.20475578 -20.55934906 2.25021219
14.16075706 20.25765038 -39.23778915
3.16776037 -19.41435051 17.01920891
-10.25424004 11.83164883 20.47720909
1.74875414 29.56464958 -4.70078802
-29.20824242 22.34065056 -0.77578884
-19.19724083 -8.21134853 -31.31078911
-23.21724129 0.13965091 -35.60778809
2.94175482 27.35064888 3.40121317
3.52375555 26.66364861 5.01121378
-3.18324137 27.62364769 -2.53078604
-8.34324074 -13.10134983 -32.53178787
4.48275518 29.69364738 -1.96578741
12.16375542 -10.05935001 16.45020866
36.49575424 12.42764950 -9.36278725
-24.08724022 -5.99534941 -28.25878906
21.50475883 19.89465141 4.92021418
12.81675529 30.13764763 -25.77878761
-23.73624229 -6.64335012 -27.82978821
-11.55624199 14.86765194 19.00420952
-13.56024361 -16.94135094 -19.72478867
15.60275841 25.40965080 0.53921360
23.97376060 -16.24735069 1.41221094
-34.83724213 8.19164944 -3.52578878
23.90675926 -15.68534946 -22.86678886
-12.33524132 18.54765129 14.23421288
-23.42024040 -0.87534851 -34.60778809
-7.84524393 1.35064948 15.93620872
7.55975866 -22.99234962 -2.65378714
31.26175499 5.54365015 -28.21378899
31.72376060 -9.93234921 1.70521402
-29.91224098 19.67265129 1.58221292
-17.74724007 -12.58534908 -23.80978775
1.09775698 29.53964806 -5.41478872
7.29575872 -14.09834957 18.81020927
-4.26224375 24.75765038 4.93421412
11.23975945 -13.39634991 -31.71178818
-5.68424082 5.46364832 18.50821495
-33.83424377 4.28864908 -15.87278938
-2.78624201 -18.52034950 -27.68678856
28.64175987 17.26164818 -1.81878805
16.53475761 -14.99534893 -26.25578880
13.23075676 -4.93735075 -37.83578873
-14.88524055 -12.42735004 7.37121058
29.54276085 -10.86734867 -26.32478905
-26.59424019 18.49265099 8.46821022
-25.94424248 21.02865028 5.49721384
-25.37624168 21.84665108 5.04521418
-5.41124201 1.50565207 17.25121117
35.00975418 -13.42035007 -22.76278877
32.19875717 13.34165096 -18.66678810
12.04575920 -7.42534971 -36.76678848
-13.85124016 22.00464821 8.69421196
9.89475822 -21.81335068 -1.42878866
11.04575920 8.28565121 15.70921135
-32.66224289 -1.30634820 -11.85678673
-11.76924324 -20.09135056 2.62521219
25.46275902 18.15764809 -29.77478790
14.97176170 3.35365152 14.97421074
9.15376091 -14.67634869 16.74020958
12.68675804 -20.36435127 -0.67478710
-13.84024239 -16.78334999 8.70421028
38.28575516 4.07165003 -18.13478851
24.98776054 -2.23534918 -32.72578812
-26.22724342 21.66565132 4.44721079
25.76775932 -2.45134878 11.28921318
13.75675774 -11.55634975 -32.53778839
-10.96524239 -17.36734962 -22.52778816
10.35375786 0.92164856 17.59921074
27.56475639 13.24965191 7.03621149
4.47675848 -6.35435057 20.99120903
-15.69224358 -13.46334934 -24.22378731
-22.81024361 24.99664879 2.80121088
33.14075851 -9.12634945 0.83421177
19.72575951 -16.59135056 -21.67778778
4.00076056 -19.68735123 14.97121239
-28.03824043 19.07864952 5.63021326
16.01376152 -7.64434958 13.89721107
39.06875992 -0.97134918 -19.20378876
39.50275803 -9.69334888 -3.39678717
23.25675774 -4.96734953 11.18921089
24.92175865 20.09964943 -2.50078726
16.11176109 -15.60735035 6.24021387
12.49175835 -4.72534895 -38.24278641
-26.26024055 22.69064903 3.19521189
10.84976006 -18.11635017 7.13221216
11.27475548 25.91264915 4.39821100
26.99175835 -9.66634846 5.96821070
27.56876183 -8.86234951 6.25921106
4.21175909 -18.29835129 18.00821495
-19.00724220 -0.12235013 -39.19078827
32.72175980 -11.35134983 -0.33578640
-23.22924232 -5.12034941 -30.83378792
22.71975517 21.75065041 -3.30278921
-0.41824189 29.50864983 -7.01678610
33.29575729 14.18165112 -12.39478874
-12.48324013 -19.39235115 -19.02778816
-14.48924065 -7.95935011 -35.05378723
30.17075920 -2.50435019 -28.95278740
34.13775253 -14.60334873 -2.82678747
-4.18424082 -21.38735008 11.95621300
12.86675835 -15.74734974 8.84821129
11.87476158 -16.28535080 9.17321205
30.47675896 13.43564892 -24.18078804
31.49075890 14.20165157 -18.18578911
-23.60324287 -3.23935080 -32.33578873
-16.80724144 -10.78234959 -1.88378668
-14.92524147 -8.65134907 -33.97778702
-30.58824348 14.12065029 -17.94478798
-23.90824318 0.00665149 -34.89878845
38.59075546 0.88865143 -19.18578911
16.36975670 -16.16735077 -24.25678825
16.28875542 -11.86135006 -30.81178856
16.72276115 -12.43234921 -29.88378906
20.83775902 22.55665016 -1.66478872
-12.33824348 19.22464943 13.02721214
20.02375603 0.39465198 -36.95078659
17.58376122 -14.30834866 6.93821192
3.45876074 -19.72434998 15.85421562
30.69775963 -9.11534977 -26.74978828
-7.19924402 -13.07534885 -33.11178589
-32.60324097 15.82565212 -9.61278725
-32.46924210 0.45365009 -17.45578957
-12.79524040 -20.75135040 -17.96478844
28.58175468 -11.03634930 3.65121317
25.80175591 20.02264977 -7.28278875
16.74775505 26.17265129 -4.46378851
10.48975945 30.74964714 -14.61878777
21.39675713 21.35964775 1.37121058
25.81475639 18.10264778 2.40121317
16.90875816 -18.38834953 -18.13978767
6.21575689 -16.60735130 -29.86678886
-5.30524302 4.45265055 18.15221214
18.08675957 19.48264885 -36.73878860
-27.77024269 -7.58534956 -11.34078789
-10.13624001 -5.14235067 -39.11978912
-18.79424095 -5.65534925 8.95421028
-22.90524101 22.34065056 6.33921289
37.10175705 -17.19334984 -3.55078650
17.40675926 22.83064842 -35.23378754
12.19175529 29.97565269 -15.31178856
-9.95424080 -1.18534982 14.83221245
36.73175430 10.97064877 -13.23578835
23.26275444 14.86865139 9.46221352
12.82475853 -18.12034988 -22.67878723
-19.90224266 -3.26535177 -36.09978867
2.12576056 27.79164696 1.89421320
-27.91824150 3.85264826 -33.74378586
8.28375816 -19.39635086 -23.88478851
12.88175774 -1.47034967 -39.54478836
30.86276054 -8.36435032 4.41421366
39.43975449 -1.72134912 -18.85078812
31.12275505 -10.11934948 2.17021418
5.60775518 -6.23534918 20.23421288
-12.76224327 16.54865074 17.68420982
12.27675438 29.77264977 -22.36678886
-22.93224144 -7.14834929 -28.33378792
-22.51624107 20.25864983 9.58221245
-11.58824348 -18.97335052 -20.06678772
-26.41424370 2.72865152 -34.77778625
-1.46724164 26.64364815 2.20521402
30.53675652 -10.67735004 2.26221323
11.55375481 -15.98235035 10.10221291
22.32176018 21.56265068 -1.26678610
-28.74424171 18.98864937 -15.95678902
9.91475487 -20.19635010 -20.25378799
30.42875481 10.20065212 -28.05278778
-32.86924362 0.98464829 -16.41078758
10.56375694 7.25565195 -41.89778900
6.82375860 -22.19434929 -18.33978844
4.00275946 -23.37734985 -17.80178642
15.28375816 -6.97635031 14.67421532
-25.53624153 0.27965030 -33.51378632
5.36176062 -23.23534966 -16.86578941
18.70375633 20.56764793 -35.60478592
-18.09424019 -10.54134846 -27.96778870
10.95275688 -1.95734918 -39.91878891
32.90975571 -15.31534863 -2.68678808
-6.81424189 0.34065112 16.55221367
-16.15624046 -13.30935001 9.27921104
9.56775475 -19.71834946 -21.96578789
-16.16624260 -15.34035015 -16.93078804
29.03775597 -12.33034992 2.28121042
18.89975548 16.63265038 11.21521187
40.71275711 5.73964930 -11.71578789
-24.47224236 -0.23434964 -34.13978958
-10.77224159 1.01164877 16.80221367
25.49475670 14.18464947 7.93921137
-28.09924126 20.95165062 -14.39878654
10.54376030 27.69865227 2.09921122
-24.40424156 22.42564964 5.18821192
6.46975470 -18.53334999 -26.67878723
21.80175591 22.44064903 -4.10078955
18.18375969 13.67864895 -38.79378891
26.13976097 9.05865002 10.44221306
-32.55824280 13.04564953 -14.09078789
-14.75424004 -12.31935024 0.08721394
-29.00024223 22.83064842 -1.53678656
-6.52424097 -7.31734991 -38.21778870
4.66776037 30.69665337 -6.96178579
14.37375450 -19.42634964 -0.02478938
24.15376091 20.87864876 -3.66278601
-13.03824043 -5.45235014 -38.13178635
-34.76624298 8.87565136 -4.32678747
20.48776054 22.36964989 0.01921315
-32.34624100 15.51965237 0.66721195
32.29076004 5.92764902 -26.74678802
15.65175438 -13.96535015 -28.41378784
1.73975909 28.30264854 0.19221349
30.32975578 -8.27934933 4.93821192
5.85175848 -20.39134979 8.89621162
13.66876030 0.15564975 -39.82578659
33.32675552 -18.30535126 -18.60778809
39.01375961 1.18464911 -18.07978821
12.71275902 21.63564873 8.82621193
-16.43624306 -5.43435049 11.72321129
23.43076134 -17.29535103 -0.16678767
-1.66624296 2.32065058 -43.44678879
2.13976049 -3.50335073 21.11321068
21.63976097 18.14964867 -34.30578613
12.63976097 -15.39434910 -28.06278801
12.06075859 -2.11435080 -39.54778671
-24.12024117 -5.44535017 -28.99578857
-23.35924339 -6.33335066 -28.95378876
11.36875725 -14.90434933 -29.60778809
-28.51024055 18.42465019 5.77721262
-25.36024284 -3.51735067 -29.52078819
1.93875659 14.51965237 16.66021538
9.82575798 -4.92735052 -39.00578690
21.69175529 20.42965126 3.34021235
3.54775763 -18.72035027 17.93720818
-24.38824272 20.59564781 7.49021387
7.31675482 -15.67335033 18.12721062
37.25275803 7.45564890 -17.54678917
6.52575445 15.90064907 14.61221123
13.25875664 -18.21935081 -22.00478745
17.95675468 -17.93935013 0.74021381
19.21275902 -7.03835058 12.27921104
-7.47924280 6.68065119 19.48621178
-24.45224190 21.16164970 6.65921259
9.42875481 16.04464912 13.94421196
14.07975578 18.70564842 -39.95278931
21.30375481 14.05465221 -36.57178879
-16.68224144 -2.79635000 13.60721016
36.22975540 2.90064859 -22.22878838
26.64775658 4.64465189 11.44921303
-18.43824196 -5.70135069 8.25821114
14.25275993 -17.75234985 -22.29178810
-11.09724236 14.06965160 19.47321129
39.07175827 8.76365185 -12.25678825
21.65476036 14.92565060 -35.97978592
30.34175682 13.13065243 -25.40078735
-14.50524330 -13.47834873 0.51021045
-23.40824318 20.69264793 8.16121101
2.86975622 -20.18035126 14.92120934
-9.87324333 -16.00135040 -26.38078880
12.22975731 -2.99934912 -39.14078903
-17.34524345 -6.72335005 -34.95178604
26.15575981 18.18264961 1.48421335
-4.50424051 0.87565094 -43.19578934
39.21675491 9.62465191 -10.42178917
-5.53324366 19.71764946 12.11121178
12.71975517 -7.59135008 -36.37378693
-12.24624062 -17.32035065 -20.92078781
-28.76823997 20.02065086 -13.84078789
32.36175919 6.80264902 -26.34178734
-21.55624199 -3.13734961 -34.67078781
-32.11724091 16.29265022 -10.32678795
20.52575493 19.68564796 6.57421350
-7.68824244 -21.28034973 6.68821192
34.48275375 -9.24234867 -0.82878643
11.74976158 -20.56534958 -16.40778923
-13.18224144 23.32964897 6.63521051
-17.42524147 -2.78135061 14.37621117
19.26075554 -19.17335129 -3.84078741
-14.92424202 -17.27835083 -17.63678932
7.32875586 -22.22635078 0.97721332
7.34975958 9.27865124 17.37121391
1.42375720 29.81564903 -6.30578756
31.37775993 11.28065014 -25.15678787
-0.53724134 26.61364937 2.88521051
-16.80824089 -7.15635061 10.53120995
7.27175665 -19.05134964 -25.27978897
-24.91624260 -0.71035141 -33.20978546
-26.65624046 23.31265068 1.94221354
31.32275963 13.54365063 -20.70978737
26.16375542 17.03864861 4.12021112
28.26675987 16.16765022 2.66921091
-27.31924248 -0.72934860 -30.03578758
-18.58424187 -7.48035002 3.11621332
24.53575706 12.12065029 10.11421013
20.21575737 23.74464989 -11.25878716
31.32575798 14.92265224 1.19421244
-18.87524223 -10.21535015 -27.73678780
3.14775610 16.13965034 15.38521385
-28.64724159 3.90365076 -32.73978806
33.97275925 11.92965221 -17.53378868
17.84375572 17.77964973 10.84021187
-16.03524208 -3.58934927 -38.65878677
19.68176079 13.23065090 -37.94778824
-16.87624168 -13.24534893 -22.89278793
21.03075981 -1.06234872 -35.77278900
-14.75424004 -9.85534954 2.47221231
11.44576073 1.55264914 16.86421013
-8.32824135 -21.97934914 -19.74778748
8.81075859 29.47465324 -0.39178616
-28.74524117 -0.86435074 -26.96778870
-28.39524269 -0.81334823 -27.83678818
-19.13424110 -1.79634988 -37.81678772
39.58875656 1.97064841 -16.04878807
16.79975700 25.26064873 -1.46278906
-14.69824028 -11.23235035 0.89521259
-15.21024132 -10.30434895 0.78921360
8.82475853 14.65465069 14.57620811
-25.55224037 -7.81635046 -20.96478844
16.22176170 -13.14235020 9.30021095
-3.17424250 -8.48334980 -37.95278931
-15.08124352 -15.49834919 0.58021396
-14.27224159 -16.87135124 1.68521357
-20.92324257 -11.74534893 -20.34278870
6.85475683 10.21264935 17.22121239
25.75775719 -10.03234959 -28.12278748
18.49775505 25.02165031 -22.65078735
-23.96324348 -1.32235086 -33.67378616
-14.14624214 -13.52134991 1.47721338
20.77976036 22.44964790 -32.02778625
29.95876122 15.11965084 -20.10078812
38.43675613 -2.39235067 -21.13078880
-24.95824242 21.46964836 5.85621119
32.77075577 -6.25035048 6.22121286
35.50575638 7.07665110 -20.75978851
31.40875816 -12.31834888 0.28521198
-11.85524178 0.82665116 -43.71578979
17.63976097 13.46065044 13.31921196
-18.09224129 -5.51234961 12.66821098
20.78675652 -11.21535015 8.20521355
-8.78224373 -0.82634872 16.00620842
7.90175390 -18.05935097 12.08521080
30.26975822 10.38265133 8.01221275
14.08476067 24.83064842 3.65521097
-11.77523994 -15.66434956 -24.54678726
-12.53924370 -21.60434914 -17.52378654
13.93375969 -13.40534878 11.02521324
-12.30724144 -17.92835045 3.64621210
-17.35124016 -7.45034933 3.43721247
-28.74224281 0.98164994 -29.88978767
-1.28224409 -7.94435072 -38.53578949
9.72376060 -9.99034977 18.33521080
10.19576073 17.66364861 13.07321358
9.96275902 23.50364876 8.13021278
28.18775749 -3.77634954 -29.94278908
29.16375542 15.92864895 -19.89278793
5.36675787 16.61264992 14.53120995
32.72375870 13.04065228 -18.05178833
-16.75524330 -5.89235067 6.96621180
9.51376152 -17.62034988 10.02221107
9.25076103 -19.41634941 6.39721155
12.23175621 1.89765036 16.35320854
11.04376030 29.66464806 -3.06778860
-17.40524101 -10.90635014 -2.84678793
-3.97524118 -15.45434856 -31.57678795
-21.13424110 -10.11435032 -25.00678825
13.34375572 -13.51134968 11.57421303
13.20976067 -14.26234913 10.69521141
13.80875969 21.09165001 8.93921089
-27.41724205 -1.36034906 -28.96878815
-28.40524101 23.14565086 -0.65278774
16.36276054 28.37264824 -27.46478844
-5.31624079 -20.13235092 -24.16678810
-9.91124153 14.94264889 18.01721001
24.93875694 18.93665123 -29.44178772
-19.36024284 -14.14134884 -9.23578835
19.23175621 -13.82734966 -26.62778854
16.93975639 14.25065136 13.30821037
22.01075554 19.31464958 5.51121378
-5.10224390 -23.08934975 -19.75878906
31.59676170 8.46465206 -26.87378883
-19.55324364 -5.86835051 9.28421211
-30.36224174 18.11765099 -12.25178719
-21.79824257 2.99764872 -38.91178894
-12.98024178 -19.96935081 2.14221048
-12.06224251 -12.26934910 -31.11378860
-15.46124077 -9.08434963 2.09921122
15.67875481 -18.66634941 0.65921253
1.40276110 15.78164959 16.03420830
32.50575638 -10.24434948 0.61321110
-32.90224457 9.51064968 -17.99678802
9.52776146 -21.18734932 -17.76278877
40.11275864 -5.99434996 -4.88778830
20.79875755 23.02765083 -14.54978752
8.98676109 -22.15834999 -1.30078650
27.34876060 7.57364893 10.45921135
33.92275620 -6.78734922 4.61721277
-7.20924234 -0.78035110 17.81120872
16.94275475 -19.36334991 -14.04578972
-21.05024147 -7.29535055 -30.80478859
24.92175865 5.32865000 11.95521355
9.87576103 -22.16735077 -3.32278585
30.99976158 14.70564938 2.14221048
32.94875717 -13.05935001 -23.86178780
-18.15924263 -6.17435026 -34.97978592
26.11675835 -10.15134907 6.14021158
-25.08424187 23.52665138 3.33921289
-26.62924004 -7.73134947 -17.27878761
-17.90724373 -5.26534986 8.98821068
35.94375992 -11.93534946 -2.83578634
3.69376135 -10.68435001 -36.73878860
8.80576134 9.17365170 16.65021324
6.61375952 -22.24135017 1.78421259
22.19875908 14.27564907 -35.81978607
16.17575645 14.97764874 13.30321312
4.51376104 17.46164894 14.23121452
-21.96324348 -7.47235060 6.83621073
24.50275993 12.31564999 -34.57778931
-18.55224037 -3.63635015 13.27821159
-26.38324165 19.54165077 7.06521082
-15.70224190 -9.41934872 1.24721384
-14.54424095 -16.09035110 1.27321100
-22.79524040 -3.19135046 -33.33578873
27.04575920 -0.85135025 11.31021309
-6.90224314 14.88965130 17.11221123
-12.77024269 18.08064842 15.27921104
9.24475670 11.97564983 15.38821220
-4.62224054 28.46764946 -6.21278906
-15.40524101 30.18465233 -9.78278923
0.56775820 27.57465172 1.20721292
5.79375982 -21.75334930 -20.68878746
-14.00424004 -2.97535086 14.21921349
-4.33724070 -17.67535019 -28.35278893
37.39075851 5.73864985 -18.74978828
-10.47124290 13.08365154 19.84321404
-14.93124199 -10.14235020 1.53021097
-15.36624336 -1.75534952 15.05121422
38.98475266 -2.10534811 -20.00778770
30.60475731 -13.86135006 -24.15078735
9.28975487 30.95764732 -19.56178856
-24.18024254 -4.85234976 -29.71278763
19.37375450 23.81265068 -3.37378836
4.99976110 -20.52535057 9.62121010
35.70575333 7.96064997 -19.66178894
8.43475914 -15.33834934 17.18520927
-22.45524025 -7.89534903 -27.71178818
-11.11524010 -21.64634895 1.99321222
-21.93324089 -9.74234867 -3.18178701
13.15775871 -15.02634907 9.61221123
19.57975578 9.66364956 13.54221153
19.24976158 -17.81134987 0.39721149
-18.91524315 -6.47534895 -34.03078842
17.69275475 16.83265114 -38.21678925
17.86276054 -16.31134987 -23.12178802
16.09075737 1.00565207 -39.19878769
-13.81924248 29.31065178 -6.79478598
-26.43624306 -7.02234983 -20.51878738
-20.29824257 20.85365105 9.89920998
20.91975975 23.24965096 -10.91278648
-18.33524132 -12.10034847 -7.12578726
-30.46224022 6.90064859 -28.39778900
23.41975975 -11.51534939 6.57221079
-17.48424339 -7.86934996 2.44921350
0.21775590 23.42365074 8.63121223
28.82275963 -16.40435028 -21.92578888
-13.56824303 -19.32534981 2.03521204
14.42475700 -13.12334919 -30.33078766
31.87875938 -11.30434895 0.50921100
-30.84724236 12.49064922 -19.61478806
-6.19024134 -0.78434891 18.87021446
-28.31724358 19.87164879 -15.79178810
14.93575859 27.85265160 -16.92578697
6.75275946 19.11264992 12.82621193
-22.53624153 -9.54634953 -2.36478949
2.89375830 29.60365105 -3.36578894
12.92075920 29.84764671 -24.73478889
-21.36124229 20.36364937 10.23121071
-31.14724159 17.71764946 -10.73778725
23.41876030 21.59665108 -10.82278633
-13.62324333 -19.99835014 -17.80078697
31.55576134 11.68765163 -24.10578728
37.91075516 10.80565166 -10.63078880
4.74976110 -22.59634972 2.37821054
-6.67124414 26.57964897 -0.44878918
25.02275658 12.80865002 9.38121223
-29.70024300 14.66865063 -19.85278893
29.79675865 -14.39334965 -23.92178726
12.15975761 -7.62034941 17.25321007
29.70575523 17.03064919 -12.20378685
21.07875633 -7.35735083 10.95121193
-23.63124275 -7.70034933 -25.97178841
-13.47424126 -14.23134899 -25.42278862
16.02075768 -14.04934978 8.37121010
-12.51424217 -2.30434942 15.24721336
20.34876060 23.38165092 -23.14178848
1.74976122 -23.95534897 0.21921392
12.64275932 24.44465065 5.50421381
-14.97424126 -7.09234953 8.49221230
-27.46824074 24.15965080 -1.01078939
-27.62824059 23.67064857 -0.09578853
10.19775963 11.50364971 15.19021416
-8.81324196 -20.69134903 8.27521324
18.21175957 12.52464962 13.39920998
-19.82224083 21.38765144 9.19521141
-30.74924278 8.93365002 -24.90578842
39.45375443 5.36765146 -14.85678673
-29.97024345 -5.21834898 -11.30478859
26.79775810 -7.24635077 -29.40178871
26.70876122 6.82964945 10.93621254
37.45375443 2.11165094 -20.64878845
-12.26124001 -0.54535049 -42.72978973
-19.42124367 -11.69934940 -8.96879005
-17.49924278 28.31964684 -3.92478704
23.05676079 20.81965065 -18.51278877
29.13175774 14.97064877 3.63121271
34.88075638 11.74965191 -15.84578896
-22.79724312 -8.19334888 -26.51578903
-24.55324364 -7.09135008 -25.31078911
10.34575462 10.36065197 15.47421074
-29.96024132 17.68065071 -14.19478798
34.33975601 13.16965008 -13.16578865
28.41375542 -13.16934872 -25.18878746
-21.81224251 20.91864967 8.95421028
25.58175468 -8.80535030 7.47721338
24.39375877 -14.28334904 3.61421061
24.86276054 13.89465237 8.76621056
-19.34324074 28.29364586 -4.78778601
-9.49324226 -21.78734970 -19.24278831
32.21575546 12.79065228 -20.02078819
-27.29824257 -8.38734913 -4.71378851
-28.82424355 -5.29235029 -16.56378746
-22.50924110 24.02564812 4.50321054
23.16975975 21.64465141 -12.10978889
20.51275444 -12.79134846 -27.44878769
30.49575615 -10.08134937 -26.40178871
31.54875755 -9.77435017 -26.13278770
-24.12324333 23.41964912 4.22921228
22.51675987 -17.42035103 -0.05378871
15.38375664 15.57765102 13.30421257
-11.61724281 -16.42535019 -23.21278763
8.32076073 19.53864861 12.23321342
3.39175940 -21.82835007 6.60921335
21.54875755 23.13664818 -26.27978897
18.00375938 -18.65834999 -16.38278770
-13.94424248 17.77665138 16.35721397
33.67075729 -6.42634916 5.53921366
34.31675339 12.45564938 -15.44478798
3.05476141 14.44864941 16.42020988
-11.83424187 17.86264992 15.24120903
-3.45024347 -17.32835007 -29.22378731
-15.63024330 16.08664894 19.40421104
9.96375847 7.99564981 16.34821129
32.66075516 -3.41935110 9.26321220
-30.77024269 15.87365246 -14.75578880
-27.00524330 -3.17635107 -26.94678879
10.52075768 29.03465080 -0.61778790
16.32076073 26.74965096 -16.93178749
13.25775719 23.52865028 6.32021189
-28.70124245 0.30565128 -28.98978806
-8.02224159 -20.12034988 -22.15378761
-14.66824150 -11.31034946 -30.29778862
28.56976128 16.23964882 -21.05278778
-20.48924065 -11.64034939 -22.01778793
19.45575523 -6.07934904 -34.05678940
-30.86224174 13.16464901 -18.56878853
-14.58124352 -3.99334860 10.31921196
-18.38724327 -3.08134985 14.39420891
24.47476006 19.59765053 -20.15878868
11.70175743 -1.11435068 -39.98478699
-29.84024239 9.45065212 -27.06878853
13.83476067 -20.56934929 -3.75978613
1.31675494 -21.27034950 11.35621071
14.90276146 26.91665077 -1.98478842
7.87175512 -22.68634987 -15.14478874
32.98975754 -20.86334991 -10.06378746
26.30476189 -0.09534970 -32.67078781
16.72575951 8.43165112 14.34821129
29.20475578 16.87964821 -15.65978813
14.41676140 -13.60234928 10.28821373
-13.65124321 -1.36034906 14.27020836
25.95876122 15.04265118 -31.78478813
31.06075859 13.12264919 -22.89778900
16.01875877 14.02965069 13.67421150
-6.81524134 12.64065075 18.41721153
17.13775444 -4.43834829 14.14420891
34.98175430 -8.06634998 -0.17578654
-24.46824074 -6.11234999 -27.36378860
26.92175865 12.70065212 8.00521278
30.88675499 -14.47034931 -23.57378769
34.37575912 -4.42635107 8.14920998
32.71475601 15.06365108 -9.71178627
35.02075577 -6.42435026 4.79221201
5.58675909 -23.91334915 -3.34278631
-19.84924126 -10.98734951 -7.16478872
-21.83524132 27.34364891 -2.04478598
-12.33624077 -17.63834953 6.69321299
-31.88524246 17.45564842 -9.04078865
-7.25224161 -0.39335003 16.84121513
28.92976189 16.07964897 1.72221231
31.77175713 -8.88834858 -26.39678764
2.83775854 12.72965145 17.33621025
1.75975573 28.86465263 -1.66478872
31.04076195 12.66165066 5.50621271
-13.20724297 18.55164909 14.55821037
12.81375694 0.38664874 -40.11578751
6.42475653 17.06365013 14.07321358
-6.39024210 11.99965191 18.56321526
26.75375938 -12.53734875 3.79021311
14.24976158 -9.01134968 14.81521416
5.57575750 -22.56834984 1.71221399
-33.06324387 15.40265179 -8.61978722
-17.61324120 -3.92434835 -37.34778595
-24.07724190 24.24265099 3.17721415
31.58476067 -8.49434948 3.56821299
-2.77524042 -11.29535007 -35.91478729
9.68675804 29.16764641 -0.16678767
26.87075615 16.75665092 3.64421320
12.73275566 -19.28034973 -19.45978737
35.80975723 -13.54934978 -3.03278875
-14.45324135 -2.51934958 12.48221016
4.67075872 -20.38335037 10.53621101
20.09475517 21.12064934 4.18621302
-18.90724373 28.70764732 -6.88378668
31.94175529 9.13265133 -25.83978844
15.89375877 -18.54734993 -18.42078781
0.23475800 -23.53635025 2.07621241
22.67976189 19.81865120 -31.93878746
4.70475531 -22.83734894 1.59221125
17.47975731 -13.56334972 -27.92878723
-11.69524193 28.91364861 -6.27878714
-17.62224007 -8.89534855 0.67321247
-20.11924171 -7.25335073 4.78221369
-11.98524284 -1.96735132 16.14021111
32.44675827 14.32165051 1.88421106
5.37075567 -11.24635029 -36.09378815
-29.42724037 18.22464943 -14.98678780
1.30975878 -24.62134933 -16.06278801
-23.40124321 -9.09634876 -23.05378723
-8.14124107 -0.36834851 -42.87978745
-26.01024055 24.36665154 1.12321329
-5.42224360 21.17864799 10.16121101
-19.35524178 -6.46334982 6.75721216
-19.32524300 28.09264946 -3.60878897
3.87875891 26.31064796 5.68821192
27.56876183 -2.18335104 -30.90078735
-20.18724251 -9.48834896 -1.34278631
-28.17924309 -7.78734922 -5.66078711
4.06876135 29.08464622 -0.12578730
7.32575750 19.85764885 12.17921257
9.68675804 -21.45134926 -16.59379005
-18.57324028 -5.97134924 7.47321177
-31.87524223 -4.47834921 -5.44878912
34.89975357 -5.63834906 6.46321344
28.71775627 -7.68035078 -28.25478745
32.29675674 -8.58434963 2.61521387
-19.76924324 -6.87235022 5.68721247
12.34375572 -18.05035019 -23.28578758
-30.97624207 20.22564888 -1.64978933
5.16676092 -21.40934944 6.46221399
-32.84524155 8.13664913 -19.63578796
19.86276054 16.77665138 -36.55578613
-3.42824411 -18.02635002 -28.23878860
12.88275719 -19.52635002 -18.44678879
6.32975531 -22.62935066 0.67521137
16.55875969 -2.85735083 -37.35278702
22.31075859 -14.61835003 -24.53578758
11.28375816 29.89864922 -4.13078833
-13.99024010 -4.73035002 -38.50678635
24.50675774 -3.30634832 -32.52878571
4.69275427 -23.69535065 -16.12878990
-31.86124229 12.80765057 -16.28778648
14.80776024 -19.55035019 -0.94978863
13.30975914 -19.17535019 1.90121317
2.70976019 28.78165245 -0.38778836
27.52575493 17.60064888 -18.62878799
6.49875402 9.35864925 17.65820885
-4.09424067 20.66565132 11.19521141
15.58875847 27.42965126 -16.16478920
31.74375725 -11.46634960 -25.28378868
-3.29524088 -20.31935120 -24.85678864
23.99475670 20.08465004 -25.15378761
5.43775702 -23.33034897 -0.91278607
23.18575859 -4.10334921 11.71121025
4.69476080 -23.26734924 0.09621281
15.16576195 -19.20034981 -16.64278984
7.09975958 -12.64434910 -34.43078613
32.24975967 13.73865032 -17.37478828
3.36975622 -24.27235031 -1.96078634
35.94075394 -18.26435089 -4.53978872
17.46475792 -1.54834878 -37.53078842
30.43675804 15.24565029 -17.97178841
14.77175713 28.42265129 -13.81278801
-10.72824287 -17.04235077 -23.38878822
-6.81924295 2.96964884 17.16821098
2.96175909 -23.61535072 -17.92278862
27.01175499 17.08265114 -28.00578880
-26.81024361 -8.32034969 -11.65878868
25.23175621 -11.02435017 5.98321390
-28.84024239 19.35564995 -14.89078712
18.44476128 -2.12035131 -36.72978592
-14.61924171 -16.19435120 9.35321236
-31.78424263 -3.47934866 -9.24378777
16.50975609 -17.70935059 2.21521235
6.37576056 -21.47234917 4.74021387
-21.51624107 -10.50834942 -7.17678595
-0.57524335 -10.76735020 -36.69178772
-31.74924278 8.87765026 -22.16978836
16.43475914 -2.09734869 -37.80078888
9.51875877 18.00964928 13.00021172
-20.31924248 28.05865288 -4.29178762
5.17976141 -22.91334915 0.87021106
13.49375725 -19.58035088 0.61521381
7.23475409 -20.23134995 -22.97978783
-32.63524246 3.57565165 -20.94778824
20.71076012 18.19164848 -35.13678741
9.39375877 20.96665001 10.70421028
26.62476158 -1.76334894 11.21221352
3.01775885 -2.29034948 19.97221184
25.65476036 16.94465065 -30.76778793
-17.48724174 1.17164862 -41.46978760
9.74976158 -21.61134911 -0.39578778
15.23776054 -2.30035162 -38.29478836
-21.77024269 27.14764977 -1.24378729
34.65975571 -20.32934952 -7.41878653
15.88175774 -18.21935081 -19.55578804
26.65775871 16.36364937 4.49921274
-13.31524086 -15.86334896 -21.50078773
9.91475487 -17.71834946 9.20421028
-14.70324135 -3.62534857 -39.32678604
7.80676031 -21.85034943 -18.12278748
-27.55724144 -6.49035025 -18.04878807
30.44075584 16.51764870 -11.88278770
12.27776146 23.93765068 6.46721125
17.79775810 21.62964821 -35.70578766
23.62175560 -3.33735037 11.86021233
-28.43424034 22.25565147 -9.80278969
-17.89124107 -12.79234982 -22.87178802
-3.27324152 -19.66634941 -25.84378815
-27.42824364 -3.63834906 -25.25878906
-29.93224144 7.41264963 -29.60478783
28.01376152 12.05964947 7.77921152
32.61975479 -10.49034977 -25.36778831
-31.15324211 17.44664955 1.45021296
5.12875891 31.02764702 -8.30178642
27.31075859 -5.87135077 8.70621300
19.04176140 -3.08735037 -35.94278717
-32.52324295 16.45464897 -1.13078833
-32.21424103 17.35064888 -1.27878714
8.36375999 25.49064827 6.52721262
-21.35024071 -10.37234974 -6.16678762
-30.44624138 8.80665112 -25.98678780
9.37676048 -18.63535118 -24.55378723
-20.83224297 27.87464714 -3.58478689
17.55776024 20.28064919 8.01521111
-26.62924004 -2.37135077 -28.93878746
34.72375870 -6.83435011 3.72421122
12.08175468 19.90664864 10.87121010
-29.20324135 -4.67135000 -17.02078819
-6.17724085 1.09165061 16.75921440
-27.53924370 23.05764961 -11.26478767
-20.30624199 -6.75234938 7.34621286
9.28775597 -11.04634953 18.32921410
-30.85624123 5.58465052 -27.98478889
-5.55524302 -9.30935001 -36.95978928
-34.11024094 11.89865017 -4.53278875
2.84475470 -24.96935081 -4.18678808
3.31075811 -23.25835037 1.31321192
-13.76324272 -13.64834881 -26.60178757
8.82875633 0.26664981 -41.06478882
-17.52024269 -5.54734945 7.82521296
13.91676140 -1.06535089 15.96420860
4.40575933 -23.57035065 -0.63878781
-33.93424225 12.69565105 -4.41278601
16.46575737 -8.60634899 13.08521080
-31.45124245 16.46264839 1.95421076
-29.56324196 22.23264885 -5.46678686
8.68375969 -20.62734985 4.14421320
-23.18424034 23.63965034 4.62621164
-30.70824242 -4.43634939 -10.75278664
27.57775688 0.82964951 11.36821175
-17.65124321 -13.09534931 -21.97978783
-19.64224052 -10.15834904 -3.67878866
-35.17824173 4.80665064 -9.55778694
10.20175743 -18.73534966 -23.66178894
-17.27224159 -11.32534885 9.73221016
12.70675468 23.25464821 7.03421259
-26.75324059 24.70165062 -7.64478827
38.50475693 5.40564966 -16.88178825
12.42175865 -6.79334974 17.18321037
40.19875717 -0.53635162 -15.21778679
-24.90324211 24.20865059 2.62921381
25.13775444 -13.66534901 3.81521082
12.35475731 -2.80534887 17.20321465
15.03475761 27.71764946 -22.43478775
29.36375999 -14.02435017 0.67021412
23.66776085 4.09665155 -35.60078812
-26.67224312 -1.74035013 -29.73278809
15.84676170 -1.16534936 -38.53278732
-23.41924095 -5.56134939 -29.96278763
-22.02724266 -11.10234928 -13.57978630
16.03075981 26.57964897 -3.66078711
37.80375290 9.15664959 -14.38878822
-29.92824364 9.75065136 -26.30478859
-24.77224159 -8.86534977 0.38321155
12.55676079 2.62164927 16.03721428
36.18275833 0.23765048 -23.28778839
15.88375664 26.97464943 -22.26078796
-7.30824137 -1.07734811 19.04520988
-25.16724205 -6.94634962 -24.23778725
-23.78524208 19.31064796 10.27420998
30.72176170 -20.14235115 -13.93578911
33.61975479 10.17565060 -21.14478874
-22.68424034 20.66464806 8.75621223
-23.49524117 20.02865028 9.18021202
15.84075737 -3.23335028 -37.52478790
-11.48924065 0.38865146 16.13921165
17.43375969 -3.73734808 -36.45278931
39.60775375 -0.93534988 -17.89678764
-19.87824059 23.84765053 5.78421259
-32.94824219 -3.07935095 -5.71878958
14.23475456 -2.94234991 -38.42978668
-29.99624062 -4.40635061 -14.41578865
11.33276176 -21.34334946 -2.14778662
17.23275566 -18.37835121 0.09921116
11.79475975 -0.29234830 17.09020805
12.10275841 -15.02134991 -28.99478722
-15.91124153 -4.65035009 -37.73078918
-20.05124092 28.26865196 -5.57878637
-22.80524254 -9.81434917 -4.14778662
-21.83524132 -9.94734859 -4.24578619
21.43375969 15.44164944 10.46721077
-25.14724159 25.26064873 0.47821277
33.71475601 -9.39134884 -25.29178810
-24.20324135 25.94164848 -0.04578929
11.90975761 -1.73634851 17.31821251
-21.85824013 -8.84834957 0.81621403
6.47376013 -19.34634972 10.89221001
16.29775810 28.18465233 -29.88378906
22.64875603 9.53565121 12.20321083
24.24875450 10.13265133 11.07521248
34.92675400 -10.44634914 -24.25278854
-32.54624176 7.68165064 -20.96078873
-20.64624214 -10.70434856 -7.09378958
6.59375525 31.08364677 -7.76578665
39.26775742 4.25765085 -15.87378883
27.51775932 18.58465004 -12.70378685
-14.85924339 -13.18834972 -26.29678726
18.09976006 -3.15535116 -36.40678787
-10.74824333 17.56365013 15.27621269
-4.44024134 27.51864815 -3.07478857
-23.76924324 -9.64935017 -4.18478918
4.16576147 -24.61034966 -12.84578896
-21.43824196 18.63165092 14.32420921
-17.88824272 -4.42035055 11.09821129
28.75076103 8.68365002 9.53621101
23.46875572 -1.62135065 12.51221275
-29.55124092 15.33565044 -19.29478836
24.53675652 19.49165154 -24.09978867
-31.26224136 18.16364861 0.42821354
-14.94824028 18.05264854 16.20721245
-1.78024137 27.51064873 -0.72478634
29.78775597 8.40965176 9.37621117
33.62075424 8.00865078 -23.32778740
10.34475517 -17.88735008 8.24421120
27.91275597 -7.96235037 -28.48978806
6.53875494 -23.16934967 -1.72978735
-8.39024162 -6.77234983 -38.26078796
-24.12824059 -6.86734915 -26.66978836
-16.23124123 -14.00734997 9.75221062
-2.66524363 27.47564888 -1.46578741
-24.04624367 18.67265129 11.36321068
-4.84324121 20.73864937 10.91521263
19.90476036 24.19664955 -31.74278831
-8.13924217 -20.72735023 -21.32778740
-20.11124229 -11.08734989 -8.04778862
14.19175529 6.35365152 14.90421104
11.34375572 -2.63034964 -39.57078934
-10.03924370 -17.18334961 -24.06978798
24.78075981 -19.19734955 -14.60778999
22.23075676 -4.43435049 12.02821159
17.30576134 0.91665131 -38.61578751
-24.78524208 -7.62734938 -23.58278847
8.17375755 -21.04534912 -20.06978798
32.34175491 14.97564983 -0.60478741
33.48575974 -11.18534946 -24.67778778
-32.60624313 16.71465111 -1.89778662
23.27475548 -8.99534893 8.55121040
-28.86224174 17.27765083 -18.51478767
-12.05224037 -11.60834980 -32.02278900
-17.15324211 -5.17335081 12.48821068
11.90075493 -10.81134892 16.26920891
25.24275780 -4.49534941 -31.51478767
8.57076073 15.62465191 14.27020836
33.79175949 10.67365170 -20.14778900
-34.84024429 9.45865154 -6.07978582
-33.74824142 9.21364880 -15.80678749
16.46775627 -0.13834897 -38.65378952
8.24075890 -20.63434982 -21.08478737
36.52475357 5.59065104 -20.23978806
24.60075951 2.77765131 -34.71378708
-1.82324064 22.71665001 9.06721306
-12.88224220 -11.80935001 -31.11878777
32.46875381 -20.56435013 -9.13478661
-25.21224022 24.45765114 1.96321344
10.32076073 -19.20335007 -22.45078850
16.70675468 -18.16035080 1.04321146
-30.89624214 0.00964984 -22.82378769
13.06976128 -8.13734913 -35.80878830
34.34875870 14.11765194 -8.33178902
25.01275444 12.86365032 -33.89578629
-24.03224373 25.51764870 1.06021357
6.19075537 8.42565060 17.98921013
24.34075737 20.60064888 -14.14078712
-32.97124100 10.83664989 -16.14578819
-33.68424225 12.49365139 -1.79478598
-2.40724421 21.77464867 10.18021202
18.36775780 -17.29635048 -20.54778862
29.22675896 16.65965080 -16.59078789
10.97276115 -18.95235062 5.18921137
18.76775932 11.71765041 13.42721367
26.96975517 15.71565151 -29.87778854
3.35175848 -23.61034966 0.15321203
25.66275597 -5.43934965 9.70421028
20.19376183 -3.38635015 13.33321190
25.60975456 -8.18035030 7.91221094
33.97075272 -8.82534885 0.10521168
29.96875572 -1.97234857 10.31721306
-13.66724205 -0.62334961 16.51820946
5.64475775 -23.00835037 0.03721089
20.79575920 -2.25634909 13.34721184
27.89175987 15.59665203 -28.16678810
31.76275444 -12.26634884 -24.84078789
-12.63624001 -6.23534918 -37.51878738
21.11775780 22.57964897 -2.56478643
-4.25424051 -9.66934872 -36.93178940
-17.41024208 28.82165337 -5.90278769
20.09175682 23.08365059 -32.48678589
-19.38024330 -3.59134817 13.85421181
30.34075737 -8.26834965 -27.25378799
26.00375938 -5.39635038 -30.66978836
33.74775314 9.29765224 -21.84878731
-22.96524239 25.56064796 1.73921061
-24.80224037 -9.45034885 -16.83578682
-8.06224251 -25.20335007 -14.75978661
-20.39424324 -7.59234953 4.00921106
24.94775963 19.93865013 -15.79878807
14.93575859 -20.08535004 -3.34878683
-15.79724312 -15.10334873 -0.30578762
28.30776024 15.49764919 -27.23778725
24.55875969 -5.19135046 -31.58878899
-29.95324135 8.10565090 -28.72578812
25.77375603 19.40664864 -15.59379005
34.56175613 -12.43534946 -23.50478745
39.76075363 -0.22934857 -16.87278938
10.37476158 30.86665154 -13.80078697
20.47376060 12.33764935 -37.63478851
-19.27924156 -10.88934994 -5.59878683
2.59275579 3.51664972 -43.02778625
-25.17024040 -5.45235014 -27.06478882
13.28875542 -20.33435059 -1.52878714
35.61975479 12.91265011 -10.14578819
28.44376183 -1.16634881 -30.55978775
24.00975609 -2.36634970 12.06721306
-31.74124146 7.72564936 -23.28278732
24.71475792 -10.44435024 -28.20278740
25.88275719 -7.25335073 -29.85278893
11.75275993 -19.37135124 -20.38078880
-22.29624367 21.36364937 7.97021341
-2.73424387 28.40865135 -5.05178595
27.96975517 14.72465038 -29.00978851
-26.65524101 24.81464958 -0.86878735
8.57675743 16.52364922 13.90021324
-32.31024170 1.64565146 -20.30078888
-20.16924095 -10.64434910 -6.06078863
-17.52124214 -13.33335018 -20.86778831
20.65476036 -4.32135153 12.84921074
11.98275566 -20.23935127 -17.26178932
-23.55824089 23.09364891 5.04421091
7.99475622 29.68265343 -0.62578732
5.40075445 -23.69235039 -2.18278646
6.84676123 -22.77734947 -16.44278908
34.91875839 8.97165203 -20.00478745
-32.71624374 2.34665155 -19.49078751
-31.74324226 18.81764793 -6.72678900
33.74575424 8.52665234 -22.60778809
25.71175957 17.70065117 3.54221201
14.70475578 -17.20434952 -23.22378731
-20.67724037 -7.28334951 5.69021082
4.29076147 -3.02535009 -40.92278671
14.38976097 -16.55235100 6.16921091
15.32675743 -16.26135063 5.87221384
28.21875572 7.30964899 10.25221062
-35.16224289 5.85365152 -10.18378639
9.68176079 29.54465294 -1.20478582
-21.40524101 -0.38934842 -36.82078934
19.16175652 -4.40535116 13.40421104
17.41776085 -17.47735023 -20.62978745
-26.01424217 -2.68634939 -29.54978752
16.02475548 -6.40635061 14.30621147
-32.99324417 14.42565060 -10.74978828
2.56575537 -24.74334908 -14.49478722
1.74875414 -20.62335014 14.40221214
23.39475822 10.71264935 -35.84178925
27.80875969 18.27564812 -4.49778891
24.84475517 -3.10234976 11.38821220
10.51675987 1.89864981 17.29121208
35.67375565 11.97664928 -13.29378700
-21.17124367 27.04865074 -0.59278637
13.61375999 2.19365168 -40.30578613
-33.45324326 4.01064920 -17.63878822
2.18176031 -24.54335022 -15.68778801
13.33576012 -18.19034958 4.11421061
6.35675573 14.89264965 15.13721275
-11.52124214 -1.53135049 -42.08078766
13.88075829 -7.04434919 15.90521049
4.28675604 -21.37834930 -22.56578827
35.29475784 12.61365032 -12.35778999
21.86675835 14.25065136 10.88221169
19.56275749 -2.53635168 13.68821144
-13.61324120 -2.50634909 15.28921318
24.40975761 -5.39235067 10.33421135
12.29176140 -15.20334911 10.39221001
-31.21024132 18.86564827 -0.22478633
-25.95324135 -8.31235027 -17.74278831
29.55476189 -8.92234898 -27.28378868
-30.83724022 20.81365013 -4.20378637
-23.88424110 -8.97434902 -0.13278727
-29.59724236 7.42365122 -30.58578873
5.27375555 30.19665337 -3.85278845
-33.62124252 13.05765057 -10.84678841
-6.40724421 15.64165020 16.50420952
14.07275963 -16.85935020 -24.44478798
6.55075598 -16.09634972 18.38621330
-15.64024162 -10.45534992 8.41221046
6.16776037 -21.08535004 -21.97178841
-29.70924187 20.72564888 -9.24878883
-30.64024162 -3.73835135 -13.81178856
31.88876152 15.04564953 -13.67378807
10.52776146 10.56764889 -42.34178925
16.52776146 -14.22734928 -27.49078751
-26.63224220 -7.50534964 -18.22278786
-22.70724297 -10.47634983 -20.31978798
15.37576103 -19.52835083 -1.61578894
-27.35524178 -4.66634893 -23.53078842
31.08675957 -6.06834936 -27.67278862
7.24375677 -20.83734894 -21.61678886
-4.76924372 25.67064857 2.86921167
-34.90624237 8.61464977 -10.88478661
39.79375839 -2.05534887 -18.27778816
18.38876152 -0.95034927 -37.30978775
1.20275652 24.35864830 7.67721415
24.15276146 16.89565086 -32.58878708
1.73475420 25.11564827 6.80521250
30.79276085 -11.50134945 1.40121317
-33.08724213 4.47265100 -19.65778732
35.74175644 -6.48235083 4.09621286
34.72875595 13.53864956 -10.33778954
7.81575537 -14.97434902 18.05621147
-21.06424141 -10.77435017 -8.06778908
10.37775993 -15.12634945 -29.86578751
7.48576117 26.48064995 5.49421167
15.22875786 -17.18334961 4.34121180
-5.84124231 -10.30935001 -36.09178925
35.43875504 -10.94134998 -2.40878820
10.79475975 -20.60334969 1.31821299
38.50575638 3.02364969 -18.20978737
16.56475639 13.10764980 13.78521156
7.45675421 -21.94134903 1.82621241
10.56475639 -18.12434959 -24.64578819
-19.89924049 -12.30834866 -14.89978981
-28.46324348 -4.84534979 -19.51678848
24.32275963 -11.79334927 5.87421274
-21.02424049 -7.21434927 6.67121363
28.91175652 12.75565243 -29.03978729
-30.45824242 17.80364799 2.58221292
-22.34224129 -9.90734959 -23.21578789
19.93875694 -18.68634987 -2.39678717
4.70876074 -24.13735008 -2.96078634
4.07975531 -16.04134941 -31.40878868
33.62775803 7.18265009 -23.98478889
-31.26524162 16.10365105 2.94921350
-22.08124352 -6.92035055 8.60321236
20.17275810 -5.25834990 12.67221260
18.61575890 -16.52734947 -22.28278732
33.26175308 3.62365198 -26.06578827
15.04475975 14.66165066 13.70421028
19.25575829 -5.63635015 12.94921303
-13.86824226 -14.47334957 5.90421152
-33.91924286 12.34765148 -3.65178823
0.32275924 30.44464684 -10.39978981
27.90975761 -6.39434958 8.07421303
-19.20124245 -10.57834911 -26.63478851
-7.02024317 -4.54235029 -39.89978790
14.85275841 -16.17435074 -25.22878838
-24.69224358 -5.39034986 -28.07378769
11.64076042 -18.93535042 4.40721369
-31.26324272 13.86965084 -16.38578987
-6.67824411 21.56265068 9.31621361
-19.23824120 -9.97235012 -2.82578802
-29.84024239 21.69465065 -6.29478598
1.26476061 -24.97735023 -14.66578865
34.14475632 2.17664957 -25.25178909
15.71975517 27.46964836 -23.38378906
-25.02124214 -8.77634907 1.44521189
30.21975517 11.26864910 7.31021357
15.56775475 21.43364906 7.61621332
14.32176018 -15.70334911 -26.43478775
4.62075567 -3.24834967 19.81220818
-0.77424085 30.36765099 -10.62278938
20.28275871 -2.96035147 -35.32278824
5.52776098 9.40664959 17.92220879
9.86375999 -21.02935028 1.37921381
29.25775719 13.03365231 -28.17678833
-1.30624235 -10.34834957 -36.92178726
-14.85124016 -4.99234915 10.83221245
25.35075951 18.80364799 -23.46678734
23.47075462 9.57665157 11.72421074
-31.62724113 17.13165092 -10.35178947
12.78675652 4.91865015 -40.99278641
-34.87724304 9.28765011 -10.21378899
2.50775671 -24.59235001 -2.31478643
-31.08224106 -2.17535162 -16.98878670
17.77175713 25.42064857 -21.82278824
25.51975822 -6.34934950 -30.49978828
-23.01724052 26.30364799 0.14021154
0.48275909 3.16865015 -43.32578659
33.45975876 -3.37035131 -26.50778770
-26.04024315 25.00464821 -0.16078715
-18.48224068 -7.11135054 3.89321375
8.06175804 -9.47834873 -36.70678711
28.32975578 17.62664986 -15.25878716
13.52275658 5.44864893 -40.86678696
12.42275810 15.05264950 -41.76978683
-25.70024300 25.71565056 -6.49978781
29.39475822 -6.93135023 -28.26078796
6.34175634 -18.19334984 15.96320915
-1.29724348 29.41965294 -7.43278646
-28.72524071 21.00164986 -12.01578712
-21.70624352 -11.49734974 -18.56578827
32.20575333 10.76064968 -23.62378883
20.98676109 23.87264824 -29.60478783
18.54076195 16.18364906 -37.80078888
-27.10624123 -4.44534826 -24.59278870
-32.83424377 16.43464851 -2.98378897
12.90276146 -17.87434959 5.22121286
2.04975653 -23.97534943 -17.55178642
-18.62024117 28.46165276 -5.14678717
-29.98224068 0.15165195 -25.79678726
16.03875542 23.73164940 3.71121073
10.61975670 -11.66434956 17.09321404
26.81976128 0.83365113 -32.52778625
8.52475548 -22.51034927 -2.09578848
34.10075760 -2.51135015 -25.96778870
2.52075720 -21.99634933 6.48921061
15.88876152 17.47564888 12.04921150
-34.89224243 5.62565088 -11.42878914
-32.33524323 3.45365000 -21.96178818
12.27375603 -14.44734859 -29.73978806
-24.74124336 -9.38134861 -17.78178978
36.98975754 9.71465206 -15.13778877
-19.11524010 23.57665062 6.33921289
18.84876060 -18.63535118 -1.66478872
27.55676079 -6.37135077 -29.40678787
38.32575607 -12.42735004 -3.03078604
8.83875847 -0.02535000 18.31321526
27.60275841 17.45965004 0.43021244
31.19875908 15.75464916 -13.06378746
-30.53624153 17.11765099 3.32221079
-16.58924294 -11.52734852 -27.79078865
34.98775864 9.57665157 -19.19378853
0.45675811 -24.76434898 -15.96178627
-19.19224358 28.47665215 -5.84878683
-8.77624321 -25.65234947 -12.83078957
-2.00924158 25.80264854 3.90421152
10.95375633 -16.50934982 -27.34678841
25.38375664 20.37164879 -8.10378838
27.66576195 -1.50935113 10.98321342
22.71875572 -17.79034996 -0.94078594
12.02475548 -21.34835052 -12.06278801
-5.19424295 27.21465111 -2.30878592
20.11675835 13.87065029 12.04321098
-33.70624161 4.39164972 -16.71378899
-18.32624245 -2.83735037 -37.69378662
29.74575615 -9.78034878 -26.80678749
16.26175499 -17.01334953 3.80921412
28.44676018 -9.95734882 -27.16578865
2.80775976 -0.31435147 -41.93478775
6.09676123 -1.87735116 -40.99578857
34.36875534 -3.66335058 -25.85178757
17.69676018 -11.66634846 9.74021339
29.11475945 15.58864880 2.54321146
15.01175499 -16.76935005 5.28821421
-33.71224213 12.91965008 -2.87578726
36.83575821 6.12465143 -19.38778877
21.45876122 -11.64734936 7.47821283
13.37275505 15.03365231 -41.33678818
2.82375860 29.80664635 -4.48078680
30.56575584 -7.28935003 -27.54078865
-32.74224091 -1.48034799 -11.02278709
-12.85624123 -17.36635017 -20.15878868
-29.50724220 0.13265094 -26.88278770
34.91675949 8.14065075 -20.81878853
7.72075415 -22.46834946 -16.20078850
-0.47624055 2.36965036 -43.23778915
36.40075302 -8.36934948 -23.88078880
10.13275719 13.53864956 14.64320946
37.43975449 -3.43235159 -22.96578789
12.83476067 -0.87135071 16.58920860
25.29176140 8.39364910 11.07421303
34.32975388 10.62964916 -19.05578804
1.98475420 -22.22735023 5.71821070
27.37375450 14.72465038 -30.07178879
3.90376043 -0.01835003 -41.90378952
-31.90224266 1.37565100 -21.51678848
16.78075981 -5.58035040 14.08421135
-32.16524124 8.33565044 -21.55478859
-26.68324089 -8.52934933 2.71721125
13.87676048 -19.28434944 -17.97678757
-15.60324287 -2.26934958 13.85121346
9.71175957 -19.79434967 4.87121058
-32.77224350 6.59865046 -20.82278824
-16.04324150 16.63265038 18.76621056
11.15575981 0.82565171 17.19920921
-31.43424225 2.13065195 -24.09678841
-8.28224373 -1.10035074 18.06921196
-35.34224319 5.59765100 -9.13178825
-33.17824173 2.77464914 -17.71879005
-3.97224283 -14.71134853 -32.40778732
11.36775780 -19.03535080 -21.77178764
24.44075584 -6.19934988 -31.15078735
10.15575981 -17.80735016 -25.56378746
-23.90924263 -8.86435032 0.69321293
-24.84324074 -8.74834919 -20.14578819
11.36775780 -17.01135063 8.57621193
6.47575903 -20.28135109 8.37521172
14.50575829 2.77065134 -40.15078735
-30.38224220 18.58764839 1.84221125
31.96975517 11.70464993 -22.94878769
-34.04824448 0.74664932 -9.63478661
36.03075790 5.07464838 -21.36278725
-23.39024162 21.42664909 7.14021158
-25.97924232 -6.08735037 -24.11278725
16.46475792 23.86464882 2.92721415
-33.41024399 9.99865246 -16.00278664
3.51376104 17.84165001 14.14021111
13.31976128 -20.16135025 -15.32878685
-14.69524193 -14.44435024 -22.49378777
20.38876152 19.84464836 -34.46478653
19.26175499 -0.29535046 -37.10778809
-18.48324013 28.30364799 -4.22978735
-29.81224251 -2.35434866 -21.31278801
-21.96624184 -7.93835020 4.86021280
26.86875725 16.62264824 -29.08878899
34.91675949 13.88465023 -7.35978842
-18.56224251 28.99764824 -7.88078833
-17.91224098 29.41864586 -8.92478752
22.21275902 10.29765224 12.22221184
3.56075811 -24.54134941 -3.18978643
18.59175682 -19.32635117 -13.37478828
-4.18724298 27.32264900 -2.16978598
2.81175756 27.76464653 2.43221140
17.41375542 -11.75335026 -30.28178787
-3.56124353 27.26265144 -1.43278646
10.95175743 -13.93134975 14.61321068
10.86975670 -21.29434967 -1.07778692
23.59175682 21.17164803 -3.15478659
28.99075890 13.84165096 -27.90078735
35.44275284 -11.34035015 -23.58678818
3.51275396 -25.14035034 -6.86178732
-4.36224222 -21.78935051 9.70921135
-21.17924309 19.41364861 12.48421288
22.32076073 21.86364937 -29.75778770
15.63976097 -16.99234962 -23.01178741
-18.10724068 -11.29535007 10.30321312
2.16175604 15.24965191 16.20321465
31.19875908 9.85764980 8.18021202
-28.84324074 -4.00935125 -20.43878746
-17.23024178 -3.17735052 -38.24578857
7.18975592 8.35365200 17.69021416
27.03275871 0.02065143 11.44621086
11.38575554 -15.69034863 -28.40578842
2.14775610 -25.03434944 -13.56178856
26.36675835 18.61464882 -0.59478909
8.15875816 -18.17735100 11.11221123
33.51875687 -12.12634945 -24.16978836
12.66776085 -17.40335083 -24.42778778
-16.31124306 30.08865166 -9.98778725
34.05475998 14.00464916 -10.49678993
1.70675433 -24.59734917 -1.68378592
-21.56524086 -7.61334944 5.80121088
28.99175835 -17.70835114 -3.18078756
23.07076073 13.73964977 10.34221077
-9.40524101 -18.48335075 -22.85078812
2.44476080 16.68364906 15.18321037
13.73175621 29.11765099 -23.93278885
8.77075768 -22.29335022 -15.00978661
-0.76124036 23.81965065 7.85521173
-14.78324318 -6.21935034 8.71221352
-15.81624031 -11.59834957 -1.41878653
-15.56524086 -11.09134960 -0.74178845
2.88375616 0.43965015 -42.16378784
20.70876122 23.20364952 -13.49578667
8.56375694 -21.11935043 -19.34978867
37.39675522 12.04765224 -8.34578896
16.70675468 12.06465054 13.99821281
-11.60424232 13.37765026 20.37021446
-13.36224174 -21.11635017 -17.29478645
-33.46224213 13.57065105 -2.03378820
-7.29624414 -0.77335113 -42.50278854
30.86176109 -11.98235035 -25.32578850
41.37875748 -1.23235071 -8.81878853
38.36275864 4.78665018 -17.56478691
17.07475853 -17.25435066 -21.42978859
-34.08224106 1.77364981 -11.20278740
11.51275444 10.16065121 -42.04678726
32.78275681 10.77564907 -22.19478798
28.16876030 17.80064964 -2.89978933
3.22975683 -16.55735016 19.92521477
34.84975815 7.23665094 -21.73078728
-32.23724365 16.51164818 -0.25078732
-32.56224442 15.84364986 -0.49078900
33.97575760 -5.88034964 6.34621286
-33.19724274 14.84165096 -2.36378622
2.31675482 13.65465069 17.00821495
8.57076073 -21.41035080 -18.44278908
13.38976097 7.52564859 -41.15678787
-29.04724312 -3.06635046 -22.11778831
17.33276176 -15.55134869 5.45421076
17.69975853 16.20165062 12.12121010
6.77475500 -4.27734900 19.34321404
-27.17324257 -8.17234898 -10.73578835
3.84676123 -24.43535042 -14.31078911
-33.98224258 11.36765194 -12.10678673
7.96475744 -2.98534918 -40.28278732
-30.66424370 -3.42535162 -14.84278679
3.83775854 -21.51734924 7.52821207
6.65875769 2.54365015 -42.08878708
26.24475670 -7.95935011 -29.28578758
29.94875908 12.45965099 -27.31378746
-13.20324135 -0.10735074 18.51321220
9.77075768 9.78065014 -42.43478775
-30.66424370 19.07264900 0.75021213
23.83376122 2.06664896 -35.12778854
20.23576164 -13.65734959 -26.44778824
10.83376122 -9.51735020 17.75221062
28.06775475 15.31064892 4.30221415
37.86875534 3.89065027 -19.00278854
10.46875572 -20.03635025 3.27321100
21.52776146 -13.06634998 6.15721369
-34.28624344 11.50364971 -5.36678839
17.77675438 -19.20635033 -14.19278908
-22.35124016 -10.04734898 -5.28578711
-7.25824213 10.45165157 19.30421257
-9.72824287 -5.78034925 -38.68978882
-30.66624260 16.41364861 4.06621408
-17.64824104 -11.92434978 -25.64978790
4.59375525 6.15064859 -43.09578705
-7.88524103 -7.41234922 -37.90378952
-10.08724022 20.64964867 10.34621239
-17.83824348 28.97064781 -6.92478704
-32.12024307 17.66164970 -7.83678579
3.52876043 -20.32234955 -24.92378807
-17.12124062 -8.24635029 -33.09178543
-21.25924110 -6.98635054 7.79321146
-31.96724129 -2.96534872 -10.12578773
19.38775444 -3.36134863 13.61821175
38.74375534 7.61265039 -14.52678871
-20.76724052 -6.38935041 9.03421211
18.20575523 -7.58335066 12.55021095
30.55275536 11.65865231 -26.83078766
-19.29924202 -12.48935032 -21.17878723
5.65675879 -21.86235046 4.16221094
-3.68624353 28.62464714 -6.35578680
21.47376060 -14.33034992 -25.13578796
22.29475975 -12.18634892 6.58921289
32.47375870 -8.21734905 -26.30378723
18.77275658 -19.04034996 -14.51378822
-3.90024042 -21.72834969 -22.34578896
-31.59924126 12.37964916 -17.60478783
31.93575859 -20.62235069 -10.43278694
9.11076164 20.13765144 11.53821373
4.92175817 -23.14234924 -17.63878822
4.82775640 -22.81934929 -18.63678741
-31.79324150 10.44264889 -19.90078735
14.20575523 -19.77235031 -15.54878807
-11.99324226 -13.78334904 -28.45078850
34.39975357 11.88664913 -16.63078880
4.75675726 10.19864941 17.88020897
-6.12324381 25.68264961 2.31721354
8.73475456 21.52165031 10.38221169
13.24575615 -3.44835043 -38.57878876
27.90975761 -3.27734900 10.20921135
-20.42624092 -9.77034855 -2.69378805
34.81975937 6.33864832 -22.51578903
14.51576042 -20.31035042 -12.31678963
39.32375717 1.54365027 -17.05678749
7.96475744 -13.67934895 18.47321129
-4.42024088 26.44365120 0.95821232
-13.71424294 -12.74934864 -28.75778770
14.59676170 -11.86034870 -31.78978729
-32.30224228 2.49465036 -21.29778862
-32.59724426 2.70564890 -20.37178802
-5.26224375 26.02564812 1.76921320
-8.16924095 -24.65735054 -15.96778679
14.99375725 -4.24934912 -37.40878677
18.30576134 -15.14134884 5.42621088
-25.78024101 -8.82134914 -0.36978680
-12.67324257 -13.86234951 -27.49978828
6.21875525 30.14565086 -3.01978827
29.05175591 14.39264965 -27.03978729
-29.86424065 -3.31934881 -18.51578903
19.24976158 -17.12135124 -20.58378792
3.46475744 5.85064936 -43.30178833
30.28475761 7.44465113 -29.15078735
10.63475609 3.32765055 -41.26778793
5.83775854 -22.75234985 -17.80178642
-32.87324142 1.52865088 -17.46879005
-19.50624275 -6.18234968 8.16421318
20.29675865 -14.80935001 4.86621332
32.92675400 -8.60735035 1.74021387
21.75875664 -12.69134998 -27.09878731
-8.86624336 -25.33835030 -13.93778801
-10.22724342 -19.82934952 4.42821360
-29.33424187 -0.75435013 -25.79778862
-34.22424316 3.80864954 -13.17778969
20.33476067 18.95865059 7.83821344
38.52975845 -4.40134954 -21.72778893
20.71076012 13.02365017 12.09021187
13.89575768 -6.14134932 -36.82578659
9.36375999 6.80665064 16.97121239
-14.87824059 -9.61034870 7.39921045
-4.25924158 -8.96535015 -37.45278931
29.31375694 14.50165081 -26.08078766
7.22176123 -18.59835052 -26.13078880
31.90276146 10.47664928 -24.71478844
1.44376147 -25.50135040 -11.77578926
4.41375494 30.22765160 -4.80678701
-34.18924332 6.37064981 -15.22478676
27.55776024 16.14264870 3.70521402
36.09275436 -15.48235035 -3.29578924
20.64076042 -17.32135010 0.90221256
-11.70224190 -10.01735020 -34.09678650
18.91876030 15.72664928 11.78921318
17.11375999 -14.97434902 6.39921045
27.05075645 5.67664957 11.11921120
36.48575974 7.77364969 -18.56778908
27.99575615 -16.85135078 -21.38878822
16.96875572 25.96964836 -19.97078896
9.15376091 3.41065073 -41.65678787
3.13075781 4.65465021 -43.16478729
-19.80824089 28.46665001 -6.74478674
21.90476036 19.97364998 -32.74578857
-27.59224129 -2.12634802 -27.40578842
-17.46024132 -3.71735144 14.47720909
2.42375708 -20.75734901 12.37521172
13.62676048 -20.46935081 -2.73578787
-19.19024086 22.05264854 8.39621162
32.43075943 9.21964931 -24.71478844
-35.27824402 7.47664881 -6.52378607
19.16876030 24.76664925 -23.68378830
25.54475975 -4.02634954 10.61421013
-4.32424402 -8.15434933 -38.00878906
11.39076042 5.67265177 -41.46378708
11.09776115 5.18765116 16.31621361
9.01675987 28.93865013 0.70321125
5.30975866 1.81564963 -42.19978714
22.21875572 -5.59735060 11.38921165
-25.98724174 -3.48634863 -28.47878838
-32.47724152 8.47064877 -20.43678856
-12.86024284 -1.58234918 -41.83778763
34.87975693 5.47464991 -23.04378891
-11.32724190 -22.94134903 -16.95778847
-13.71124077 -13.16434956 -27.86178780
4.28175879 -24.05534935 -2.14178610
30.86775780 10.77065182 -26.89578819
28.63375664 -0.09634915 -30.69378853
-33.33124161 4.98264933 -18.75578880
17.13575554 -19.14935112 -14.83778954
12.66975975 29.88664818 -6.49678946
-22.56524086 18.73464775 12.95121193
-35.33824158 5.94164896 -3.83578634
-15.79524040 -6.40735006 6.60821390
-35.34624100 6.39665079 -9.19678688
-0.66124189 -25.86235046 -11.83178902
13.77575493 -18.52535057 2.92621088
15.90675926 -4.49735022 -36.81878662
-18.25024223 -9.24635029 -0.10178905
10.35375786 30.65865135 -15.51378822
9.17375755 -2.80835104 -40.07478714
-31.95024109 8.06564999 -22.41078758
-12.21324348 0.52065140 18.37321281
-20.85324287 -9.98935032 -3.89078665
-21.10024071 -10.19435024 -5.01378775
8.77675438 -22.57835007 -3.04178762
4.96575689 29.06365013 0.49721378
23.44075584 -13.67434978 4.69121408
18.58775902 -6.53734922 12.88821220
25.85075951 15.95865154 -31.28878784
5.27575445 -22.29335022 -19.71478844
8.76775932 30.96265221 -7.40778875
3.53875494 -22.41934967 -20.51678848
15.05676079 1.25065100 -39.66278839
4.04775763 29.91164970 -3.51778936
2.55175543 -24.20434952 -1.05578756
-23.94824028 21.89064980 6.15621042
-10.75324059 21.28664970 9.42821312
30.98275566 11.45464993 -26.00078773
-26.46224022 24.05864906 -13.18478966
19.63075829 -10.34735012 -30.54878807
19.57875633 14.88265133 11.86221123
23.59676170 7.77665186 12.10721016
-5.62924051 1.45065176 -43.71178818
-34.19624329 8.04564953 -14.99978828
16.80175591 -4.33834982 -36.45778656
10.65276146 -21.41334915 -14.93278694
11.53975487 -21.41435051 -2.96078634
-3.34424067 25.59564781 3.66521311
-31.12024117 16.00364876 -13.50878716
28.47875786 10.42064953 -30.81078911
11.81475639 -21.66835022 -6.10378790
5.77776098 -20.75734901 7.94421244
11.83276176 -18.34334946 5.46421289
-32.66424179 14.59364986 0.82321399
-32.76124191 14.97664928 -0.15878825
-5.05524302 -18.10235023 -27.29078865
-8.50224113 -18.59735107 -23.66778755
-33.90424347 11.92665005 -2.69778585
-14.86124229 -13.79835033 -24.48978806
-10.73924065 -19.16234970 4.87421274
38.40675735 -1.68134820 -20.87378883
5.10975409 -23.89035034 -14.89778709
13.66975975 17.19864845 12.87721062
39.19775772 3.60964823 -16.34678841
20.63675499 -19.05134964 -14.30078697
23.16275597 -14.48434925 3.98521280
-26.28124046 -8.43534946 3.81621408
3.79575872 -23.91135025 -1.16278601
19.58675957 25.07164955 -31.36278725
17.14675713 24.57864952 -0.06678920
-26.17024040 -6.93634939 -21.61178780
38.10275650 -0.89335006 -21.01178741
7.20575476 -21.15135002 4.70021296
15.70675468 -19.23335075 -15.87278938
6.22276068 -23.48134995 -14.89278984
5.27075720 29.95564842 -2.53878927
-8.86924171 1.65165198 16.32821465
7.22075415 31.19164848 -8.44278908
-7.39324045 5.08664942 18.71721458
-31.40024185 14.53864956 -15.01978874
-33.24224091 1.59865057 -15.48778725
-10.89224052 -14.07334995 -28.98278809
12.55776024 -18.91534996 3.37421274
-27.04024315 -6.88034964 -18.87578773
7.83276129 31.24664879 -9.08478737
32.06875992 15.25565243 -1.62078619
-19.25024223 27.82964897 -2.38478613
9.40975761 15.20365047 14.26021385
7.42575598 -22.28134918 -17.26078987
-33.47724152 2.48765039 -15.63878822
-14.32724190 -12.40334988 1.14921045
-33.79524231 9.80465221 -14.98678780
26.26275444 12.13765240 8.89621162
26.20175743 11.15565014 9.50521278
27.27575493 0.24465045 -31.97578812
30.68775749 -18.29034996 -4.65478659
27.17775536 18.68665123 -4.07978582
14.78175926 16.51265144 13.00721169
15.46675682 -17.60135078 3.29921198
25.36575890 19.63765144 -1.87078619
4.27075720 11.88965130 17.36021233
10.09575462 -20.45935059 -19.24678802
41.32075882 0.80565125 -9.84978676
32.85075760 -6.90534925 5.12221384
-20.23424339 -7.97034979 -30.58478737
14.00875664 -20.58835030 -11.50578880
-13.67424202 -14.44234943 4.91221094
-26.60224342 4.80665064 -35.85178757
-32.95824432 11.50665188 -15.24278831
31.28275871 6.33465052 -28.03878784
-12.87824059 -14.22534847 -26.34678841
-31.56624222 13.78864956 -15.66978645
-31.32424164 4.12365198 -26.17178726
36.29575729 -11.10234928 -2.84878683
11.75975609 3.16665125 16.35521507
19.67775536 -1.99535120 -36.11478806
-10.20524025 -20.79635048 -19.70878792
28.16375542 10.74265194 8.65721321
-19.37524223 -9.75035000 -2.07378912
-11.47524071 -0.05235043 15.16121483
-35.01024246 7.92565012 -4.53778601
26.17275810 19.68165016 -6.48878622
9.06675529 8.87964916 -42.47378922
-14.65023994 -1.93335092 -41.03478622
17.39375877 19.64264870 8.94821358
38.34875870 10.20464993 -11.09978676
-31.42724228 16.20765114 -12.32578850
-21.03424263 -7.64335012 4.79221201
20.37476158 21.63564873 2.48221064
-33.53824234 3.30665064 -16.43478966
-25.42024040 -4.66234922 -27.80378723
-5.30924082 -6.89235067 -38.66978836
-6.81124353 -24.70434952 -16.42578697
1.92976153 4.91364908 -43.46978760
-29.46224022 5.16065073 -31.53578758
21.82575798 -10.21434879 -29.61178780
36.13675308 -7.79835081 -1.14678717
8.50775719 -4.45334959 -39.59078598
-0.64924085 -25.65035057 -13.18478966
21.39875603 22.94565010 -6.49078894
-27.53224373 -3.06234884 -25.99278831
-30.60724068 20.17064857 -7.62378836
35.61175919 -7.03135061 -24.77078819
26.78875542 -3.93335104 10.18421364
31.03375816 16.22265053 -4.94778585
17.93575859 -15.44134998 -24.72078896
17.83675957 22.83365059 3.50921106
-22.91124153 -9.81534863 -22.15278816
-3.34724283 -21.77734947 10.18721199
-8.06324196 -4.10735083 -40.10778809
31.22376060 9.64765072 -26.92078781
-2.40424204 29.39764977 -7.98978949
6.13175726 -19.08035088 -25.92078781
-23.52624321 -9.79634953 -5.00978613
-3.96424341 26.90365028 -0.33378750
-0.86324155 28.49664879 -3.43978643
-34.36324310 11.25965023 -10.16978645
3.23975897 -23.97534943 -16.66678810
19.37676048 -4.06635046 -35.27278900
-14.46824074 -13.01334858 -27.26878738
12.14275932 -3.98235083 -38.72878647
-11.43324089 -20.08735085 -19.36878777
-32.69824219 -2.45234823 -8.61678886
-31.86524200 2.26764917 -22.64478874
16.88976097 -18.11734962 -19.08378792
-15.96424294 29.37164879 -7.10578680
-35.31224442 7.35565042 -8.56678963
18.01075554 -18.95535088 -2.21478796
-1.47224271 -25.83734894 -12.76678658
33.12375259 14.60964870 0.08521122
-29.98424339 20.42265129 0.52721256
-30.90324211 7.44964838 -26.18478775
-2.33424234 26.68865013 1.50521326
3.67875433 30.04765129 -4.63678885
-33.95924377 12.03264904 -11.07878685
39.43475723 0.43564853 -17.42078972
1.39875567 30.72665215 -10.98478889
-22.72324181 19.64465141 10.62221336
28.74075890 -6.07635069 -28.91178894
-21.42324257 -11.28534985 -12.94978905
4.29875708 -21.59734917 6.74421167
-32.52324295 1.49365103 -19.22178841
-33.78624344 5.75065088 -17.11278725
-18.48924065 -10.43035030 -3.34478903
0.89375842 -23.74634933 1.26021051
9.75275993 29.89964867 -2.58678579
-14.87424278 -9.54835033 7.39821100
-3.77924204 22.82464790 8.29921150
-2.66024256 22.82065010 8.65921211
34.48275375 -7.21134901 2.63821268
-35.08224106 8.67565060 -6.79278708
-17.32324028 -13.60934925 -19.51978874
4.40276098 -18.42535019 -27.75178909
-32.92124176 16.10864830 -7.62178946
-4.81624079 0.99265152 17.79321098
27.30776024 11.81465054 8.43221092
-31.32724190 -1.01334894 -19.16478729
24.62476158 15.15565014 -33.17078781
11.68575859 11.29165173 -42.08678818
36.91875839 0.60264832 -22.16978836
18.67575645 -17.48834991 1.39021158
-16.53324318 -10.86234951 9.18021202
9.71275902 -1.90834939 18.37721062
17.99976158 -18.01435089 -18.69878769
14.43575859 -17.86535072 3.69521189
23.24075890 21.16364861 -2.06378698
6.73576117 -23.54834938 -3.81178808
-18.24624062 28.03964806 -3.02478933
27.95275688 13.94764996 -29.75078773
6.92375708 -14.99635029 18.72021294
-30.15924263 0.98964936 -26.64678764
26.53075981 13.93865108 -31.75678825
-27.33824348 2.33764887 -33.42378616
-22.20624352 -10.46535015 -8.01878929
-28.77324104 -7.43334913 -5.03678656
9.07176018 -21.59634972 0.70321125
12.93675804 -14.56534863 -29.15778732
0.57875597 2.03764963 -42.95478821
-1.47424161 25.45765114 4.90221262
31.95475578 9.80565166 -25.28578758
1.50475848 -22.88934898 3.48121119
10.37975883 -21.76235008 -2.18178701
-19.98424339 -11.58335018 -10.15478706
-24.06924248 -8.26234913 -23.71478844
5.95275640 31.14964867 -8.61178780
3.83975744 30.89265251 -9.06078911
2.57875586 26.65265083 4.64321375
11.09876060 30.78465080 -8.53078651
13.03675652 26.88364983 1.09621286
8.39875603 20.89465141 11.04921150
36.46975327 7.06764841 -19.24278831
-16.98824120 29.35764885 -7.71378851
38.52975845 1.91165030 -18.75578880
32.78575516 9.64565182 -23.49778748
3.86176062 -24.89534950 -11.44478798
-30.20824242 2.30964899 -28.40578842
33.83675766 -13.44134998 -23.24478722
-15.69024086 -14.77334881 -19.17478752
13.79775810 -7.93035078 15.77121544
33.31375504 6.52965021 -24.94778824
9.50375938 25.38464928 6.20421076
-34.34024429 10.91364956 -4.71178579
-13.97024345 -17.42634964 -18.81978798
-34.34324265 10.69864941 -11.34379005
3.77275610 29.31564903 -1.14978933
2.80676031 29.17065239 -1.59878683
-33.03424454 -0.02034894 -13.26378822
-32.84024429 -0.72734970 -12.50778770
12.44775963 -13.05634975 -31.50478745
-28.75824165 -6.32635069 -12.60278893
-33.14824295 14.15565014 -0.90078884
14.23676109 -19.48235130 -16.71678734
5.69675970 -20.04235077 -24.46978760
-3.07424402 -25.95434952 -12.55378914
-3.04624414 -25.72735023 -13.90278816
8.97476006 31.09965324 -13.65178871
7.32775640 -3.98135138 -40.04978943
10.36375999 -2.72435141 -39.80678940
34.91975784 -13.59735012 -2.80378866
-22.51624107 -2.61234808 -34.10878754
13.55676079 8.46164989 -41.21778870
41.15475845 2.81165171 -11.33878899
-8.09924126 11.34464931 19.38621330
-35.35024261 6.10164881 -4.60778952
-6.23224115 -6.19334936 -38.97778702
20.15276146 -7.06034994 11.70821190
-31.26124191 8.40465069 -24.03078842
13.22975731 1.26565039 -40.21178818
-21.85724068 19.58564949 11.52121162
20.58975792 23.48964882 -6.95378637
-28.47124290 -6.85334921 -11.62078667
21.73275566 16.36264992 -35.23878860
-24.75524330 19.28764915 9.27521324
33.39975357 -7.88635015 2.39021158
19.49976158 -8.46934986 11.16721153
34.49875259 3.00464869 -24.63878822
37.83075333 7.54165125 -16.41078758
14.32775688 28.19264793 -4.27378607
-0.53924406 30.66764641 -11.72878838
31.89575768 -7.65335035 4.54821253
-18.16924095 -10.13535023 -2.21878958
-24.90524101 -4.49834967 -28.96478844
4.63475561 -22.12335014 -20.63178825
-4.77424097 -21.87335014 8.70421028
-34.35524368 5.10864878 -13.66178703
-27.42524147 24.05364799 -7.55778646
17.86575890 -3.80334997 13.97521019
24.21675682 20.05864906 -26.04878807
19.36076164 -18.23735046 -0.73878628
-33.45224380 13.06965160 -1.02778769
-24.64824104 -9.37034893 -3.81178808
16.17175865 4.88165140 -39.89178848
28.50475883 -15.67434978 -0.24178843
-22.86924171 26.00364876 0.93221134
-19.88724327 -9.74734974 -27.50078773
39.06975937 0.10365161 -18.56678772
16.49075890 15.47064877 -39.45778656
5.51075506 31.20464897 -9.79478645
18.86276054 -18.97134972 -2.84178686
25.67976189 -17.63535118 -1.71978903
19.08875847 -11.22334957 -29.93178749
12.89076042 13.56265163 14.29021263
-35.34124374 3.95865107 -6.94578695
20.89076042 -13.92934895 5.57721186
0.36375961 15.93464947 16.07520866
-12.23124123 19.80264854 11.99521065
-14.17524147 19.40365028 13.15521049
-33.85424423 10.41765118 -13.88078880
-0.27224198 -23.84535027 1.42321253
-31.54224205 7.46764994 -24.12778854
0.72375643 -25.82135010 -9.37478828
8.75475883 -20.03734970 -22.04378891
15.95776176 19.34864998 -38.41978836
19.40675926 -12.34934902 7.93821192
24.26275444 -11.54934978 -27.41078758
30.76075554 8.84265041 -28.07578850
30.79276085 -1.77734888 10.28021049
2.61475897 -20.44734955 13.86721230
10.75975609 4.56664896 -41.44378662
-34.69524384 1.88965094 -8.25778770
30.14675713 16.75864983 -5.15478659
8.93176079 31.17964745 -12.36178780
-35.28724289 3.15965128 -6.33278799
-4.01524210 -25.89634895 -13.11478996
7.41175604 -22.45534897 -0.03778606
3.52075720 -23.15335083 -18.73078728
-16.72724342 -3.93734884 11.14721107
11.96775627 -16.05434990 -27.44078827
-2.08024073 -25.97934914 -11.82278633
37.83775711 6.87964869 -17.06578636
4.83075476 -1.24934900 19.16621208
28.06375694 -8.04334927 6.65421152
-24.70924187 -9.13034916 -1.99578619
27.07475853 9.40865231 9.87821007
37.37075424 -0.66034836 -22.04278755
5.48875952 -2.48434973 19.33421135
20.96175957 18.97564888 -34.44578934
-11.66924095 -18.13735008 4.93521357
7.38876104 30.10864830 -2.53178930
4.19075537 30.79865074 -8.01078987
-15.08924294 -16.38834953 -17.82778740
8.44576073 -0.67834991 18.50121117
-8.18924141 -12.45234966 -33.37078857
7.10475683 -21.79134941 2.73121119
-34.93124390 3.80065012 -9.82378960
6.33775854 -21.98834991 -19.54178810
-1.46324384 26.24165154 3.21821070
1.93775713 -25.58734894 -9.50878716
10.88475609 -14.36334896 -30.64178848
-2.73824167 -16.77835083 -30.21078873
19.93176079 3.07464838 -37.84578705
20.57076073 -5.29334974 -33.90378952
10.46275902 8.66065121 -42.11878967
19.02475548 -9.90734959 -31.28178787
-34.10624313 11.01565075 -2.75378942
-34.11224365 11.42064953 -3.67478704
-33.40424347 9.23264980 -16.82878685
0.53475726 26.58265114 3.66221094
-21.75224113 22.81265068 6.41421366
28.23776054 -19.02935028 -16.42078972
-28.09524345 -0.17434826 -29.46678734
27.95575523 -18.70135117 -17.22078896
-33.18124390 3.76664972 -18.75978851
8.47675896 -2.98534918 18.79221153
4.36575842 1.80364859 -42.34578705
3.99575567 3.19064951 -42.71678925
-32.87024307 13.77865124 1.24821329
-12.01124001 20.31965065 11.09021187
-17.66024208 -3.36435080 13.17821312
-14.37424278 -2.05135107 13.34621239
25.08975792 16.51764870 -31.80978775
-2.82924128 28.67065239 -6.00578833
7.38375616 3.61965036 -42.11678696
-31.53124237 -1.88234842 -15.84178734
1.35875475 30.96665001 -12.33478737
9.34776115 -18.23534966 8.92721367
32.57375717 -7.86535025 3.50321054
0.50375903 30.18565178 -9.15578651
26.62576103 19.39264870 -7.28178930
33.15375900 4.60565042 -25.96078873
10.54176140 -1.23534906 -40.25078583
5.21175909 -19.53235054 12.77921104
11.44075584 6.77464914 -41.61678696
-5.86324167 -21.69034958 8.56521034
-5.23424387 -19.72534943 -24.79678726
-0.01424255 -25.88735008 -10.58778954
3.94576025 -22.94434929 1.85921335
21.66175652 -14.50934887 4.61521387
22.92275810 12.03565121 -35.94678879
-34.08924103 2.32565165 -12.00978661
0.79275668 27.99065208 0.22021337
1.51775897 27.93964958 1.02521372
-22.45924187 -9.33634853 -1.31778860
21.63675499 -3.35534811 12.76221275
11.48075676 3.63564920 -41.10878754
41.20075607 -3.41835165 -10.20878792
40.38275528 0.99365097 -13.42978859
-11.01424217 -18.83735085 5.67221308
-9.15424156 -24.85334969 -15.04478645
-16.56224251 -2.24635077 15.01521111
-18.72724342 -10.87034893 -4.52478933
-4.18524408 -25.68634987 -14.27378654
32.87975693 7.79265070 -24.91978836
17.56976128 -12.35134983 -29.48178864
30.94775963 -2.64035177 9.91121101
6.92075872 -23.51235008 -13.33778954
-20.42524147 21.85465050 8.26821327
-35.27624130 7.84865046 -7.48178625
-17.79324150 -2.46235037 15.61021233
37.48475266 -6.39734983 1.03021097
20.32875633 23.70165062 -7.74278784
-33.47724152 0.92664963 -12.93478966
5.15276098 -1.55634820 -41.26378632
18.49675560 -0.06834927 -37.63678741
-20.89224052 27.45765114 -1.73578787
-24.99224281 -8.97834873 -1.13378668
17.09976006 -7.54935026 13.22821236
20.01576042 17.75364876 -35.97378922
-15.22724342 -10.99534893 0.03121037
23.62075615 0.56965119 -34.82678604
-13.02624321 -12.75335026 -29.45678902
-28.94224358 5.09264994 -32.54078674
34.00075912 -14.90134907 -22.17778778
-19.99924278 -12.30134869 -20.13478851
-18.72524071 29.41464806 -10.02978706
2.87175512 -0.14035168 19.17521477
-7.97624063 24.70664787 3.98421335
-16.11724281 -8.58234882 9.36621284
34.37275314 5.35565042 -23.94278908
31.71875572 -6.99735022 5.66421366
-12.98524284 -19.87235069 -18.36578751
15.54775810 -14.93735027 -26.94778824
3.89675665 -20.85334969 10.03221321
-7.36124277 -11.52834988 -34.62378693
5.52876043 30.94064903 -7.54678869
21.69576073 12.44365215 11.77721214
-35.33724213 4.91565180 -8.54678917
4.71375799 -15.05434895 19.87920952
-21.67424202 27.70464897 -4.13678885
-25.46124077 20.51365089 6.63421106
13.30875969 -20.89634895 -4.60278845
27.29376030 -18.34735107 -3.70178747
13.82176018 15.20564938 13.74921227
8.23275566 31.20065117 -13.11678886
-5.56024408 26.27765083 0.91621250
31.16175652 15.78565121 -2.19778585
1.54575884 30.48764610 -9.61478996
9.28375816 -20.16835022 -21.10578728
-7.28624201 -21.61034966 5.79421091
-2.84824228 27.18865013 -0.52578884
14.28475761 27.16864967 -1.46978903
12.05875969 30.36164665 -7.81878805
-15.90424156 -3.33535147 11.75721169
-34.07524109 3.98864985 -14.14578819
23.95175743 -0.31234875 -34.27878952
11.30676079 24.24564934 6.69821405
26.93975639 -7.58335066 7.63521051
-16.64224052 -11.87934971 9.30021095
19.84375572 -18.32135010 -17.05378914
-35.41624451 6.02564859 -8.35878944
-35.25924301 6.94164896 -5.31478643
10.42675591 25.63564873 5.38921213
15.37476158 13.56064892 -40.51878738
-27.44624138 -7.56734991 -13.07178688
-15.09624290 -3.37835073 11.33121300
-24.53624153 26.22064781 -1.30478811
4.98275518 -24.19434929 -13.75578880
6.03075933 -4.53235006 -40.07678604
20.89975548 -15.39034939 3.90221262
19.85375786 24.00964928 -23.45878792
-27.80324364 -1.45234811 -28.05978775
32.18775558 11.90365124 -22.00878906
-13.12224007 21.70865059 9.05921364
40.46975327 -1.29435098 -14.79178810
-15.38024330 -0.25935116 -41.89078903
6.38075781 -3.24834967 19.26621056
36.77175522 -6.42534971 3.59821177
-35.05724335 2.73565149 -7.41178656
39.61575699 6.01965189 -14.04878807
-35.40324402 6.68265009 -7.46578741
11.69376183 -17.86435127 6.59221125
29.88275719 16.97764778 -11.35378838
9.57875633 7.63965082 -42.17978668
3.60575628 -17.23235130 19.33021355
21.27675438 20.08164787 -33.37578583
-11.26624107 28.51464653 -5.37178946
8.42575645 7.85565042 -42.47178650
-33.73024368 -1.25534952 -6.96878958
6.12576056 -19.89134979 9.89021111
-14.27424049 -7.13834906 -36.03878784
19.75975609 23.83064842 -22.55578804
33.87975693 -8.21034908 1.02821207
20.27175713 3.97965097 -37.82178879
-6.83824396 -21.33734894 9.26821327
10.96275902 14.24165249 14.31721306
28.83576012 16.89264870 -0.80378872
23.24175835 -16.25135040 1.74521112
-9.26324272 2.12064981 17.10521507
-16.64624214 -13.07734966 -23.96978760
3.48576117 -20.39335060 12.38521004
11.97975731 -8.29334927 -36.16178894
-16.17824364 -4.61234999 12.57021141
-11.48824120 -15.25134945 -25.87478828
25.32375908 -14.46934986 2.91521311
-7.62824106 -21.70134926 4.80421305
8.63675499 7.10664988 17.33920860
-31.22724152 1.09165061 -23.47778893
9.65675926 30.91764641 -14.60478783
15.57176018 5.49965143 -40.18078613
32.90775681 14.25765133 -13.40478706
6.90376043 -0.98835129 -41.11978912
18.49976158 -4.87535048 -35.31078720
-20.87424278 -12.01634884 -18.12278748
34.10275650 -21.11334991 -10.36278725
11.12875938 -20.04235077 2.39721155
0.28275833 -25.37635040 -13.74578667
11.91876030 0.03365192 -40.25078583
-2.62624216 -25.35935020 -15.11778831
27.18875694 -17.96134949 -19.00978851
24.73075676 -15.90934849 1.52621317
-16.03024101 -14.85634899 -18.07978821
-12.85224342 0.36364993 -43.25678635
-34.35824203 10.29965115 -3.67478704
15.90675926 -19.55035019 -2.38978720
-12.82224083 26.08965111 1.38221216
-18.60624123 -10.27034855 10.59521294
-11.71524239 25.89064980 1.61321115
2.19476080 27.42664909 2.81421137
21.48475456 21.87365150 -31.48678780
-19.78324318 19.20564842 13.88621330
-0.68324125 -25.34435081 -14.48678780
-15.31924248 -12.54434872 -27.24178886
23.56876183 -6.38434935 -31.52378845
-7.38224268 -22.38234901 -19.82578850
16.94676018 -18.93735123 -15.94378853
-2.09824228 27.10664940 0.39121097
-1.12824094 27.36364937 0.36921161
1.34375536 -25.30934906 -13.03778648
34.11875534 -21.14634895 -11.70278740
28.86675835 4.65664911 10.85321236
15.31575584 -0.10635129 -39.17578888
14.53175926 0.37665042 -39.62578583
-34.33924103 3.42064905 -12.18578911
21.05075645 -12.46634960 6.95521402
5.71175909 2.55465174 -42.28978729
12.99675560 -16.10235023 -26.64878845
2.55576086 -22.46834946 4.44721079
1.60975420 -1.32734811 19.85821342
6.38475561 -23.47234917 -2.74878836
-35.44224167 4.91464853 -6.47078848
2.99976110 -21.48035049 8.53521156
22.47675896 -11.24635029 7.27821207
35.55575943 -14.65434933 -3.13678885
2.28475714 1.12764990 -42.43978882
12.89475822 -20.92435074 -3.56378698
7.17575598 17.45765114 13.73721123
26.76975822 17.54564857 2.07121134
-35.42324448 4.08365107 -5.91478872
21.55275536 20.85465050 2.48021173
0.46175918 29.59364891 -6.42978811
-30.40624046 1.98264945 -27.40378761
18.68276024 21.76664925 4.73021173
11.21475792 11.12065029 14.99821281
3.97176123 -21.06634903 9.17821312
-16.67324257 -9.01634884 0.94021076
17.32875633 -11.01035023 -31.12578773
9.32275963 30.84464836 -16.49578667
26.74675560 -19.49435043 -14.34778786
-33.55424118 2.28764963 -14.87178993
5.86675787 -22.15335083 2.87421274
-16.37024117 -1.64935052 17.29021263
33.02575302 -20.93135071 -11.11578941
-17.18224144 17.03764915 18.37621117
25.51875877 -16.16534996 0.76021045
17.80476189 23.81165123 0.90121311
12.54376030 28.54965019 -2.07178640
14.41876030 -15.78634930 7.31121302
-14.84324074 18.61364937 15.01121330
-21.81224251 25.71565056 2.07021189
11.18176079 20.04165077 11.00621223
15.90975761 27.02065086 -32.69078827
-35.41424179 5.19864893 -7.45778799
-29.54424095 2.15465021 -29.73478889
-17.45724297 -10.23434925 9.89821053
7.37975836 -18.76634979 10.98521233
7.62775946 -17.68935013 -27.43478775
-29.49224281 2.95865107 -30.67778778
37.84375381 6.04165125 -17.70178795
9.16876030 10.79765224 -42.69778824
-34.63524246 9.74465084 -4.94478750
7.29375982 -20.52734947 6.40621042
-23.80824089 -9.18735027 -1.41278601
-35.41324234 6.09964991 -6.46678686
-8.09724236 -0.78235000 16.84621239
-6.41124201 -21.30834961 10.43421364
2.12175512 29.84364891 -5.57178640
24.94775963 -1.99234903 11.77821159
20.18775749 -18.33035088 -1.38978720
-34.07424164 12.49764919 -5.45578909
-21.49124336 -10.78934956 -8.95278740
6.16676092 -22.93734932 -16.82978630
19.57275963 -13.22634983 -27.29278755
11.72775841 24.57464790 6.00721216
6.82475805 31.26064873 -9.56678963
-23.65424156 26.76764870 -2.09778738
29.89775658 10.21565151 -28.92378807
-13.97524071 -15.46034908 7.30521250
9.01476097 -18.34435081 -25.38078880
2.11076117 -21.01434898 11.63321114
8.84275627 -8.66034985 -37.04678726
-35.43424225 5.36265039 -5.48478842
-34.09524155 4.97265100 -14.94678688
-17.46524239 -4.38635015 13.58321190
-5.48924112 -21.62134933 9.65620995
13.53075981 -0.85234970 -39.57478714
14.31675529 -0.59134811 -39.40378952
1.20375597 -23.33435059 2.27321100
-0.52124250 27.14164925 1.51521158
22.48375511 21.67664909 -25.47378731
17.72875786 20.80364799 7.15421152
13.87476158 -1.50834787 -39.22278595
3.68775702 -2.29934835 -41.24078751
10.01175499 11.65165234 -42.56578827
-5.20024347 -14.30935001 -32.44578552
0.54575884 -25.76135063 -6.46478796
-15.24824333 -15.61234951 -18.42578888
-9.78924370 -14.04434872 -30.06978798
37.84875870 -6.27835035 3.81021357
1.17475665 -24.41234970 -0.77578884
-18.77523994 -9.61534977 -1.20978689
-9.27324104 -11.18234921 -34.14978790
25.01275444 -7.71834898 8.53921318
16.85775566 -3.38635015 14.39121056
16.72775841 18.51164818 10.65821266
-30.12424278 14.33064938 -19.04378891
17.63275719 -5.49934912 -35.40278625
-15.14024162 -9.34834957 -32.88778687
11.68975639 -21.08835030 -14.23978996
-31.46724129 11.90764904 -18.66178894
23.24275780 10.50765133 11.56421089
-30.51624107 12.07565212 -21.23778725
17.56275749 3.08864832 -39.05678940
24.27675438 11.25364971 10.65121269
6.84975958 -23.73035049 -12.15378761
6.59876013 -2.45034933 19.06921196
10.57475853 -21.62434959 -14.12978935
-33.81624222 1.91264975 -12.82878685
21.30676079 -3.17234945 -34.62078857
16.94275475 -19.93835068 -10.86378670
-22.44624138 -9.36835003 -24.44778824
-0.35624161 -1.59435022 -41.64278793
-3.46824121 -21.24435043 -23.31478882
-31.26724243 18.07464790 -9.79778862
-32.11824417 0.68665177 -19.57278824
-4.79424143 -21.51835060 10.89121056
11.11276054 20.65564919 10.43021202
-10.82724190 25.78164864 1.72421122
-0.45124283 -7.32834959 -38.99278641
30.04376030 -11.69634914 -25.74378777
40.09775925 7.86065149 -11.23678780
7.73975897 -22.62534904 -1.26378775
-17.96524239 -11.20835018 -26.78578758
10.39375877 -15.77834988 12.39021111
-30.83924294 -0.66835159 -21.71478844
-35.45024109 5.14364862 -4.42278814
-4.90124369 -25.96035004 -12.39178658
4.24675512 31.07064629 -10.08278847
-14.98024178 -14.40635014 0.02021260
18.18176079 0.53565079 -38.04378891
23.84676170 -9.93934917 -28.97078896
-30.66524315 19.02564812 -9.83278847
-30.81124306 3.59964991 -27.90178871
16.35975456 -18.68935013 -0.04878764
9.28975487 1.38464987 -41.22578812
16.95275688 24.35064888 0.95321125
15.60075951 -5.58435011 -36.35178757
-14.13024330 21.53164864 9.44421196
14.65975761 17.49965096 -40.01778793
-10.59624290 24.23764992 4.83821344
30.25275993 16.43665123 -3.04478598
29.97075462 5.89164972 10.38121223
14.16275597 27.60564995 -2.33978796
-30.34524345 20.83164787 -0.87478787
19.89675713 -1.30735147 13.69321251
38.06075668 -11.49934864 -3.12778616
4.67575598 -20.34435081 -24.43978882
20.39975548 21.97564888 1.49721384
-6.23824167 23.60764885 6.37721109
-17.99724007 -12.08034992 -24.84678841
-3.98124170 -26.00435066 -11.89878654
6.13375616 -2.94234991 -40.64278793
9.88775444 30.67964745 -18.36878777
25.15875816 -8.25934887 -29.60878754
20.07076073 10.51365185 13.20821190
-32.39024353 14.60665035 1.88321161
11.82875633 23.47464943 7.29821253
-0.35924378 -25.91035080 -7.16678762
39.56775284 4.44864893 -15.06978798
-13.01624107 28.16364861 -3.92178869
-35.46924210 4.30765009 -5.01978827
9.20675468 30.92465019 -15.46378899
-23.02424049 18.93665123 11.92521095
18.64575768 12.84965038 -38.68378830
-34.89824295 2.96264887 -8.83278847
7.86575842 31.27564812 -9.87378883
-7.68024302 -22.84334946 2.41521311
8.34776115 -20.20335007 5.74521112
6.00575781 -23.77034950 -14.01078987
16.77275658 2.03064966 -39.17978668
1.33575976 -22.52434921 4.77321100
-19.94824028 27.62564659 -1.81178808
26.64575768 0.95765167 11.62721062
18.62075615 24.68964958 -21.39878845
-27.26424217 24.37565041 -6.85078955
21.50076103 -0.42934933 -35.75678635
-8.05024147 -14.76834965 -30.32078743
-14.53824043 22.35064888 8.24921227
-0.43324128 25.53664970 5.31321192
-0.33924332 29.31964684 -6.13178778
22.32176018 22.25464821 -28.51178741
-16.70824242 -3.97435141 -37.89678955
27.89375877 18.37864876 -6.36978674
-6.31624079 -22.11734962 5.20421076
-7.24224329 13.27564907 18.20020866
5.69476080 7.80465174 18.22521019
29.41975975 -0.37634793 -29.94878769
9.13375664 -9.42534924 18.72121239
-7.23424387 15.92265224 16.35320854
11.15075493 -22.01434898 -6.92378759
13.59375572 21.95165062 8.04421043
3.40276098 29.52364922 -2.36478949
2.29475927 29.26564598 -2.59678793
-26.64323997 20.07665062 6.00221109
9.78775597 -3.71334982 -39.56978607
4.13475561 31.16965294 -11.51978874
4.82675695 31.06265068 -8.98978996
25.31675529 -2.87334967 -32.20478821
-1.08424222 29.19765282 -6.40678930
29.79276085 16.42864799 -1.56578588
-17.89424324 -13.72834873 -16.15978813
8.20375633 13.73464870 15.08720970
8.25375938 -18.91835022 -24.84578896
8.71675682 31.22565269 -9.51678658
-28.08524132 -2.04435110 -26.45478821
-12.38024330 -15.64434910 -23.55878830
-29.05924034 16.33465004 -19.32578850
-3.29224253 28.06764793 -4.30478811
30.48875999 0.46864948 10.77321053
-14.07624245 28.10265160 -3.47778845
-13.36424065 -0.33535138 17.38721275
-11.41724205 18.19565010 14.50921440
6.09275579 31.26865196 -10.78078651
6.70776129 30.89365196 -6.82978582
23.01275444 -0.22535077 -34.91878891
16.44275475 24.87365150 0.46321338
-16.10424232 -4.30735159 10.05221367
-0.66824186 -25.98234940 -9.59878731
8.15675926 -18.49135017 -25.70878792
5.08075476 -24.54034996 -11.06478691
19.54875755 14.08965206 -37.80378723
19.81075859 -18.89735031 -14.91278648
-2.87024164 27.94164848 -3.49578619
-9.92024040 28.26264763 -5.16178656
34.54375839 -21.02134895 -9.18478966
29.29276085 -19.47434998 -15.51978874
26.06575584 6.25765085 11.33921242
-15.85524178 -11.54234982 8.56221199
17.56175804 11.16965008 13.90121269
25.47675896 14.53465176 -32.62178802
-14.32724190 -2.72134924 -40.40478897
-15.38724327 -3.24035025 14.39821434
11.50375938 8.01365185 -41.77678680
9.97276115 3.71565104 -41.50178909
9.88175774 2.52665186 -41.31278610
9.18575859 -16.62434959 -28.27478790
9.79775810 31.13764763 -11.39178658
-33.24924469 15.22965145 -3.54378653
-0.83824384 -24.12635040 0.85521168
15.17875481 25.20265007 1.64921045
26.63876152 -9.74034977 -27.98478889
19.04775810 -15.16934872 -24.67078781
5.05576086 31.21665001 -10.83278847
22.72675896 -15.95934963 2.41721201
-16.61424065 28.80264854 -5.39378881
12.91475487 11.65064907 14.60921288
-20.15924263 28.91065025 -10.30878639
14.85075951 23.86765099 4.60221338
39.99475479 -0.34634915 -16.05178642
17.39275932 27.62765312 -26.94078827
3.82475805 16.71665001 14.83221245
7.60875463 9.20265102 -42.85078812
26.60875511 15.15265179 -30.87678909
33.66576004 -20.52535057 -8.25678825
9.55776024 -22.52734947 -11.90078926
12.94975853 -9.77134991 -34.55478668
-21.01324272 28.00365257 -5.32378912
-2.18224192 -21.87834930 9.48521233
4.12175512 -16.67234993 19.43221092
-16.67924309 -12.71334934 9.54821205
-3.47224283 -21.94235039 8.85221291
13.11775780 -16.72434998 -25.43578911
31.43975639 0.79765183 10.74921227
-7.27524042 24.42965126 4.65321207
17.26075554 26.72764778 -31.88378906
6.19275427 -5.34534979 19.74821281
-9.65224266 -20.34835052 9.08521080
24.06275749 5.10664988 12.30421257
39.92475510 1.38265097 -15.20378685
32.44675827 4.93265009 -26.78678894
-34.55024338 9.24565029 -3.21178579
-2.00924158 28.03864861 -2.96778631
-1.00924146 28.15665245 -2.29178762
35.48475266 11.12465191 -15.79678917
-8.17324257 -14.31434917 -30.95878792
11.62775993 30.34764671 -6.76878881
30.92475700 12.29664898 -25.00678825
35.28175735 3.31764841 -23.47578812
-19.38724327 -4.52634954 12.06521034
-6.94124079 25.38165092 2.76721048
-15.91624260 -2.83834982 12.76421165
-35.37924194 3.04965067 -5.08878851
33.14975357 -20.93135071 -12.28378868
14.00275993 -18.09735107 -21.62778854
-25.76224327 -7.91834974 -19.98578835
22.48475456 -16.95235062 0.89021152
-22.54124260 2.62964869 -37.98678589
-28.32524300 5.16665125 -33.67178726
12.62375450 2.41565180 -40.60078812
24.74075890 -16.29535103 -21.98178864
-11.71724129 24.35664940 4.75921106
0.00975952 0.64164978 -42.52278900
10.25775719 -22.45834923 -9.40378761
-29.32224083 17.75065041 -16.21178627
18.88175774 -18.60835075 -16.21178627
-13.31424141 23.85164833 5.84721231
4.78075933 -24.53235054 -5.12478781
4.72176123 -4.90635061 -40.12578583
17.80975914 -5.05635023 13.75921059
-12.32724190 -17.30535126 5.67621088
2.93275976 31.13464928 -12.39578819
-4.44024134 -22.64134979 4.49721384
1.85775530 0.12764987 -42.15778732
-9.17524147 11.42064953 19.94021416
38.84875870 -13.47235012 -2.72078848
36.12175369 -10.88734913 -23.38778877
3.80375433 8.92665005 18.36421013
-13.97924232 18.82264900 14.28721428
20.69775963 -1.74735010 -35.65978622
-35.10724258 2.21864939 -6.19978857
38.94575882 -3.80534887 -20.87678909
29.29376030 -16.83535004 -2.15378714
-2.95224237 -7.60135031 -38.55278778
-18.68824196 19.88364983 12.49521065
37.16375351 -10.68735027 -2.97878790
6.69175482 -19.84934998 9.19621086
9.42675591 2.68065119 17.64621544
20.49075890 18.22664833 8.61621284
8.84575462 -17.34435081 -27.27878761
20.45175743 -4.15134954 -34.62078857
-31.96124268 18.47265053 -2.16678762
16.73275566 20.37964821 8.38121223
5.74175787 -7.20434904 -38.81278610
-3.37924051 -6.76435041 -38.98678589
-13.66124153 22.45765114 7.99821329
24.00775719 -16.64435005 -21.28278732
27.23275566 12.89264965 -31.48678780
-2.06324244 28.34264946 -4.17578650
17.16275597 -19.99335098 -9.84678841
26.88275719 17.80964851 1.02421045
15.69975853 6.45365000 -40.21178818
26.81675529 -15.98334980 0.35021061
12.46675682 27.50065041 0.56521076
9.08075523 -20.65735054 -20.00378799
12.58576012 -21.27935028 -5.37678671
17.93875694 14.58064938 12.78421211
35.32975388 -14.42335033 -22.02078819
13.43775749 28.17065239 -2.51278830
18.68575859 -17.55535126 -19.69178772
18.28875542 -19.92634964 -9.42478752
1.07175601 28.40264702 -0.80578762
-0.03724136 27.98764610 -0.59878689
20.56675529 9.79465008 13.14721107
25.31876183 17.39764977 4.62721109
14.02876091 12.84265041 14.30421257
36.66275406 3.70365000 -21.13178825
30.58476067 15.88365078 -1.26278830
-29.33324242 20.90165138 -10.08578682
-0.56624067 -24.93935013 -15.77778816
6.83075476 4.58864832 -42.38478851
16.15975761 -17.23235130 -22.08678818
0.22375642 -21.44535065 11.40021324
0.44275817 27.11165047 2.32321405
11.32076073 30.46165276 -14.71478844
9.83875847 -1.90635049 -40.21678925
13.34275627 10.95965099 14.63521385
6.26775885 29.82365227 -1.44978857
16.17976189 -17.74234962 -20.75278854
16.85175896 -17.84934998 -19.94778824
8.97575951 26.59264946 4.81821299
-14.79124260 30.00465202 -8.95378685
-21.60324287 26.52665138 0.46921390
10.58875847 -5.97434950 -38.20678711
27.44376183 -9.04234982 -28.09278870
-14.66224098 -13.55434895 7.28821421
16.26775932 14.02265072 -39.93278885
3.64175940 -4.46935034 20.74020958
-5.36124277 -21.94034958 7.40921259
21.18675804 18.41765022 7.83021402
7.17575598 -14.27334881 -32.67178726
21.28875542 -1.03534830 13.33721352
38.05575943 1.55665076 -19.86978722
25.22476006 10.73765087 10.26521111
0.92375720 -25.80834961 -8.31478691
-21.51924324 -9.42634869 -25.97278786
-16.29724312 -8.17534924 2.68621302
-5.59424067 -23.75135040 -18.48478889
29.32975578 -20.03734970 -9.68578911
-15.87824059 29.76164818 -8.47778893
33.30775833 -7.49134970 -26.08678818
34.88175583 -11.84634876 -2.31778860
26.52575493 17.88364983 -22.54078865
18.44175529 1.47664893 -38.22178650
11.20575523 12.97465038 14.59821129
7.46475744 -23.39335060 -4.83078909
5.34275579 -18.63635063 -27.04778862
27.82775688 -16.26535034 -0.53978878
-23.03124046 -7.27634954 8.09821129
3.43775702 -3.40435171 20.35320854
14.58476067 5.78365183 -40.56378937
13.41776085 -10.30734921 -33.88678741
-14.43924141 -14.46134853 0.90321201
5.35075903 -19.71434975 -25.24878883
-34.84224319 9.75765133 -6.99478674
18.48875999 3.62465143 -38.72578812
22.26576042 -5.46535063 -32.78378677
-0.17424239 -25.93434906 -8.36378670
-12.63224220 -15.17035007 -24.25178909
16.50975609 -9.71134853 -32.78478622
-4.42924356 -13.92634869 -33.09778595
-1.10024107 -25.44635010 -3.22378683
0.12775956 29.95364952 -8.45378685
8.95675468 -20.21035004 4.87221384
40.72875595 -1.73634851 -12.65078926
8.21275902 31.10465050 -14.92378807
-6.21724176 -20.82934952 -22.65378761
20.53475761 -14.22935009 -25.56378746
40.61875534 -0.76535171 -11.74178886
-34.59524155 3.86865091 -11.47178841
-34.39024353 2.79464960 -11.15978813
-3.13924265 -26.02635002 -11.47579002
27.64375877 -18.70034981 -4.58978796
31.91075706 2.12764978 10.81221199
2.99175787 6.43165064 18.68821526
24.51875877 20.98164940 -7.89378881
-24.31224251 -9.64634991 -5.69178915
14.89076042 -17.86734962 -21.45078850
-10.49924278 28.00164604 -4.25678778
-16.13724327 -5.31935072 8.04421043
-9.83824348 -1.42535150 19.13321495
27.19576073 -3.36734915 -30.73078728
17.22775841 15.29265118 12.78621101
8.61875725 31.24365044 -10.78878975
7.81876135 31.26064873 -11.65878868
19.45675468 -16.63535118 2.67121363
35.01775742 4.55264902 -23.35078812
22.71775627 20.76064873 0.57321399
-23.04424095 -8.54034901 -25.26578903
5.01675940 29.47264671 -0.74578625
25.26275444 1.17565024 -33.83678818
40.65375900 0.32765064 -11.64778709
-34.32424164 11.65865231 -6.16378927
9.54775810 -0.79934829 -40.61078644
-1.55924070 -25.95834923 -6.86178732
-33.53324127 14.00464916 -3.38678885
-10.20024300 -9.76134968 -35.08778763
21.37075615 -8.89634991 -30.97378731
-5.61124277 -19.20835114 -25.26878738
19.27275658 -7.72935057 11.81421089
-33.23924255 15.64765072 -6.52778769
-1.83424222 -5.93735075 -39.62878799
-14.75224113 -3.49434805 13.52821159
-28.91724205 20.30864906 -12.77278709
-5.24224329 -24.39134979 0.36621326
-30.43624306 11.59165096 -22.19378853
-3.50424051 -25.96035004 -6.10878897
12.19075584 1.17965186 -40.45378876
-24.75224113 -8.66434956 2.51921320
14.56375694 -19.00835037 0.92321247
-17.02224159 -9.37835026 -31.33378792
-16.00624275 -12.45934963 8.82921028
13.60675621 -15.40834904 -27.40378761
11.06375694 0.80964905 -40.65278625
10.77976036 -0.33834973 -40.43978882
28.76675987 -0.38034955 10.94821358
15.71775627 -17.86435127 2.52321100
8.41475487 -19.79335022 -22.94078827
13.63375664 -8.78734875 15.57620811
22.31275749 22.17764854 -26.45978737
-17.97224236 -8.30935001 10.69221306
2.91275549 30.76865196 -9.60678673
17.35275841 -19.99735069 -8.71378899
-14.21024132 23.57164955 6.40721369
-13.58324242 -18.83535004 -18.42978859
10.44875908 -22.30635071 -10.37678719
-4.78824091 0.19665012 18.34721184
28.55875969 -19.97035027 -9.66678810
11.98275566 12.01665020 14.67721367
-33.76724243 13.59865093 -4.73178625
-12.94524193 22.77364922 7.43721247
-11.89024162 -16.89134979 -21.98278809
-3.15024042 26.79364967 0.62621158
-20.00924110 22.54165077 7.50421381
13.59275627 28.70065117 -18.45678902
12.24075890 27.16364861 1.52221155
21.69376183 21.50864983 0.33021396
-31.41724205 3.50964975 -25.49378777
-10.33524132 -14.85934925 -28.02178764
7.31175756 31.28165245 -10.71478844
4.66676092 -21.02235031 8.42621040
22.38075829 16.50565147 -34.58978653
-1.11424100 -25.98435020 -7.79978704
-2.64724207 -26.03034973 -10.39878654
31.01875877 2.04865122 10.80521202
19.82775688 23.62565041 -21.78578758
36.67375565 -13.94534969 -3.10678625
20.62075615 13.33965206 -37.29578781
13.58376122 10.15865231 14.68420982
-33.82524109 2.64864969 -13.85678673
2.75575781 -2.57734823 -41.22778702
11.32375908 -10.50934887 17.01221275
-7.40724421 28.91464806 -7.35378790
-4.96724176 -15.14434910 -31.56278801
-32.46324158 10.47465038 -17.98878860
-14.05824089 -12.11734867 -29.55578804
18.28275871 -19.93135071 -8.43278694
13.90376091 26.63265038 0.40121311
6.53075933 0.31165180 -41.56878662
-5.27724314 -22.40335083 -20.84878731
8.55375481 22.32065010 9.67121315
29.80676079 -3.44334936 -29.02378845
-9.10824013 29.68964958 -8.93478966
17.95075798 5.03565073 -39.14978790
-1.74524152 -26.03235054 -9.68778801
36.80075455 -10.43435001 -23.09578896
3.98475409 31.26164818 -13.04878807
-9.10224342 -21.30134964 -19.99378777
24.31775475 -16.64834976 0.59221119
7.54775763 31.24365044 -12.66778755
27.75475883 -19.95935059 -10.31678963
27.17475700 17.33864784 -22.32078743
5.55975866 -19.91335106 10.67621040
22.43375969 -8.96134853 9.03421211
-3.56424189 -25.47234917 -14.97978783
-34.32324219 6.06064844 -14.37178993
1.06275713 6.94764948 18.75721550
2.63675451 -25.10935020 -12.40278816
14.06575584 -5.11234999 -37.36878586
-21.73324013 -11.32635021 -19.65878868
-34.47124100 1.78565085 -9.27878761
-25.42324257 -8.38134861 4.45521402
-5.55724192 -23.78034973 1.51421213
26.08675957 -18.93435097 -15.96378899
8.85775566 -20.86635017 3.22821283
-9.90724373 3.05964899 19.08820915
4.26575994 0.93265015 -42.13378906
-3.73324060 -7.56034994 -38.47178650
-8.29224205 13.51565075 18.38120842
-0.07524338 28.25765038 -1.57678747
-2.05524302 29.06564903 -6.73878622
-18.24224281 -8.68435001 -31.40678787
7.47376013 31.20864677 -13.81478691
5.26075506 31.25864983 -12.06678963
-1.39624250 30.55664635 -11.52978706
-1.40324247 -26.01235008 -8.72978783
29.33875847 -5.05034971 -28.92078781
7.99976110 27.89365196 3.10221338
6.80075598 5.75464869 -42.54778671
20.43076134 -15.38634968 -23.82178879
-34.32924271 9.41765118 -13.04478645
11.68775749 -21.70235062 -10.58678627
-26.98324013 -2.49735022 -28.07378769
-31.85024261 3.37365198 -23.62578773
31.40975761 -4.78835058 -27.76978874
-6.35824060 16.45564842 15.82121086
-9.84024239 -10.46434879 -34.57578659
8.66876030 0.93065125 18.19621086
26.60575676 -19.93634987 -9.85178947
7.56675482 -21.56335068 -19.32478905
26.27575493 2.17265177 11.75321007
32.06675339 3.29464960 10.80421257
21.89575768 0.49365100 -35.88778687
4.91776037 2.50765085 -42.42778778
5.06775427 3.25665140 -42.54478836
16.91075706 -19.39435005 -2.94378805
2.98576117 30.62564659 -8.52778816
39.89675522 7.22865152 -12.31778908
-32.00224304 13.39465237 -15.06778908
26.61475945 12.66165066 -32.32278824
28.17375755 -5.02135038 -29.56578827
27.92875481 -19.96335030 -11.53378868
-6.26024103 -17.98935127 -26.59678841
-34.47524261 9.11765194 -2.12278891
10.36176109 -13.30034924 -32.28978729
27.50375938 18.72364998 -7.21778631
12.34475517 29.59764671 -17.20578957
-7.63624048 7.65764856 19.75620842
26.41975975 -4.26635122 -30.88778877
10.43276024 21.17064857 10.17221260
7.17575598 11.09165096 16.68420982
12.49875450 6.14964914 -41.24678802
23.30776024 -3.05534887 -33.41778564
37.30175400 3.77965021 -20.04278755
26.05476189 18.25565147 -23.53178787
-30.44424248 0.83164841 -25.66578865
-21.17524147 -11.35834980 -21.36478806
39.01875687 6.42565012 -15.05578804
-3.03624201 -25.90735054 -5.11978674
-2.00624323 -25.99835014 -7.90578604
-0.77824247 29.06464958 -5.56878805
9.93076134 -8.95934963 18.39320946
-32.49324417 12.39065075 -15.22178841
7.09676123 -8.24134922 -37.84378815
11.87275505 4.80964899 -41.20778656
26.99175835 19.03064919 -6.15978765
14.35975456 28.15064812 -18.32578850
1.95075762 11.22365093 18.02521324
-2.61124277 -25.95635033 -6.34978628
35.87175369 -5.54034948 6.42821360
10.58975792 7.11665201 16.20221519
-9.86324120 -21.94334984 2.33421183
-35.14324188 7.00865030 -3.90478659
16.42875481 22.18464851 6.04921198
-8.23424339 -23.31934929 -18.12178802
-3.86924219 -26.02034950 -10.70778847
11.52275658 26.50665092 3.30821085
2.82975531 31.29164696 -14.02978706
15.05875969 24.39364815 3.45621347
19.14975548 -15.14834881 4.97121286
-16.39323997 -5.16735029 -37.00578690
-9.68524361 -9.35634899 -35.71378708
21.74875450 3.07865000 -36.74178696
17.08075523 -18.68535042 -0.62978894
-20.50824165 26.95464897 -0.04978709
24.13775444 -0.40834942 12.41421318
23.52776146 -5.35334921 -32.09878540
17.49875450 -19.42535019 -3.67978811
30.18575859 15.86365032 -0.24478678
-33.21424103 2.07865000 -16.49578667
-4.91524363 28.12664604 -5.32978582
18.09776115 25.46764946 -8.14078712
40.01975632 3.63464975 -14.26978874
11.16776085 28.47164726 0.01921315
-13.20924187 19.05264854 13.58521080
-8.65324211 -14.78634930 -29.77778816
-5.81724405 -25.96635056 -11.80478859
31.75675774 -3.35934973 9.40221214
29.08476067 -2.89735174 -29.60478783
-34.68324280 9.57865047 -11.10678673
34.85275650 -20.81834984 -8.30878639
-5.34024286 24.73364830 4.60021067
17.35175896 -14.53434849 -26.54178810
0.07375870 7.78465128 18.73521233
-7.46624231 -17.71535110 -25.98378754
-31.16024208 2.16464853 -25.18578911
40.30875778 -1.33334863 -15.82778740
-35.23424149 3.93265009 -8.01478767
-12.64124107 29.21665001 -6.82178640
21.82176018 22.59364891 -5.45578909
-18.24724007 -13.53234959 -14.98778725
-32.04224396 -3.93435049 -6.72778845
6.68176031 31.27264977 -11.84678841
6.31475592 11.94864941 16.63020897
25.22476006 -17.80235100 -18.91378784
10.83875847 9.68965054 -42.16878891
-30.74924278 15.27965069 -15.76078987
-30.90724182 6.51064920 -27.14978790
27.43675804 -4.93835020 9.30821037
-0.12524261 6.45965052 18.75821495
18.03175926 -18.90335083 -15.36078835
-17.35824013 -5.98035002 -35.70578766
-25.52124214 -7.01835012 -23.16778755
1.92075884 29.40464592 -3.72178793
-5.83924341 27.48064995 -3.48478842
-4.19924402 7.54664850 18.75420952
3.19576025 -22.68235016 3.27521372
-19.00724220 -14.36534977 -10.44378853
-10.01324272 19.98464775 11.37321281
-33.63324356 12.24664974 -0.75978619
14.64275932 -18.76535034 -18.92278862
-19.97024345 18.41964912 15.70821190
-2.48224115 -25.97834969 -7.24578619
-4.88024378 -26.00234985 -11.19078636
7.87576056 21.65965080 10.44621086
-32.91624451 7.41065073 -19.90678787
18.56175804 23.66364861 -0.24578623
8.17075920 -19.93435097 6.69021082
-19.02824211 -12.77634907 -20.09078789
4.05375433 19.61964989 12.70121193
3.33975744 7.78764963 18.57620811
-19.03924370 -11.76634884 -24.18578911
-24.47024345 -8.37934971 4.35821390
27.03375816 18.64565086 -3.07678747
-33.50424194 0.09765109 -11.11378670
27.26476097 -10.97634983 -26.93278885
-6.87724161 -2.82534933 -40.97878647
35.37275314 -4.20535040 8.31021309
5.91475439 -17.48035049 -28.63978767
-5.49524164 -23.17334938 2.78121042
28.91676140 -20.03734970 -10.71078682
7.38275671 13.05465221 15.65521049
28.02675438 9.54664898 9.39421272
-3.24824381 7.26365137 18.73121452
-32.59924316 14.51565075 -11.74378777
1.83376086 6.15064859 18.75221062
26.19775963 -8.92634869 -28.70478821
-2.78924417 -25.98534966 -7.94478750
-14.20624352 -16.44635010 -19.31778908
22.58376122 -6.66735029 -31.89378738
12.75875664 10.25065136 14.81321526
13.28675652 -2.39935064 -39.04078674
-10.81724358 -20.79534912 2.74821329
-30.13324165 17.87764931 -13.31178856
-34.72024155 6.05465174 -12.39278984
1.01875842 -24.31035042 -17.12778664
-11.22724342 21.86765099 8.59321022
13.00675774 12.45365047 14.48721123
34.76675797 -9.44734859 -24.69678879
24.15175438 20.26365089 -27.06178856
-5.26124048 -25.96335030 -5.97478628
-13.58024025 -14.63234997 3.76721048
-32.53224182 14.07765102 -12.60378838
2.24275732 -21.46035004 9.56921196
27.66776085 -19.89834976 -9.00478935
20.88775444 -19.79635048 -7.38778830
-24.14124107 26.70965004 -6.47078848
-3.27824259 8.29664898 18.70221519
12.81775475 -8.41834927 16.51721001
18.56775475 25.01864815 -7.43178701
-2.28524256 -8.07234859 -38.34178925
-6.70124292 -21.48234940 8.31121254
19.40376091 11.83265209 -38.40278625
7.04276037 31.22865105 -16.11278725
-0.22024383 14.24465084 17.08820915
8.57875633 -15.39634991 -30.47278786
28.66975975 17.79364967 -5.94078588
1.47675860 8.16665173 18.68420982
34.98575974 -9.99335003 -1.75178671
-31.93024254 -0.15535107 -18.62078857
21.60875511 15.71065044 -35.66278839
-1.26224363 24.50264931 6.66421366
33.25675583 -6.41534948 -26.35778809
21.42976189 -4.19635153 -34.00978851
19.54276085 -8.85735035 -31.93878746
0.83275759 29.19564629 -4.21078634
4.85175848 15.72465038 15.14621544
15.99275780 11.26064968 14.24721336
-12.18524361 21.37565041 9.45421028
19.18775749 24.26965141 -21.98578835
-29.51324272 -1.21235025 -24.53678894
18.34475517 -14.33335018 -26.31378746
-16.73024178 -10.19734859 -30.15978813
15.77675438 -16.02435112 -24.90378761
17.47276115 27.59664726 -29.63178825
-2.55124140 -26.01235008 -8.93478966
13.51075554 22.73264885 7.16121149
34.51475906 -6.21334982 5.55521250
21.48875999 22.92664909 -7.31678915
-16.06824303 -10.15834904 -30.87878799
-34.13224411 10.54865170 -12.58378792
18.71675682 24.96764946 -9.07478905
18.88375664 13.75364971 12.68421364
27.81375694 18.36464882 -5.46478796
3.05676031 -24.82634926 -13.47478676
18.89875603 19.65165138 -35.96078873
-12.29324150 -0.15535107 15.62920952
0.80275881 5.82464838 18.75821495
-2.19224405 1.16464865 -43.03678894
8.90075493 2.32964945 -41.52378845
-0.31124344 25.02564812 6.27021265
-12.20924187 21.93765068 8.60121346
29.03975487 -19.92835045 -8.72678947
19.56275749 23.81564903 -20.91078758
19.66576195 -0.32235089 13.76921272
-17.89924049 -9.80535030 -29.64278793
19.58476067 19.98464775 -35.15278625
-3.45624399 -13.92534924 -33.36578751
40.89675522 1.04765189 -11.13778877
13.53675652 -19.14435005 -18.90378761
13.67175865 -18.83835030 -19.76478767
26.73576164 -19.92735100 -11.16978645
-29.40324211 17.49165154 5.42621088
-23.91224098 -8.22334957 4.98421335
-2.53524256 6.37864923 18.71121025
-5.57724237 -22.64834976 4.05021143
26.68076134 17.73064995 -23.74278831
-33.20224380 -1.95634973 -7.79878759
-6.52124262 -25.95734978 -6.62978888
2.02776098 -23.50135040 -18.65978813
17.63275719 -19.93035126 -7.49178839
-34.45724106 9.83164883 -12.00378990
9.30875969 -14.77634907 -30.94878769
-7.62024164 -25.96234894 -7.25978613
18.66676140 -3.06834936 13.84821129
28.23975945 11.41364956 -30.80678749
8.78775597 5.61965036 -42.07878876
7.82675695 6.59665155 -42.43078613
-4.40224314 -25.95534897 -7.51178885
16.44875908 -12.12135029 10.23421288
-24.55324364 -8.18534946 -22.68878746
10.20275688 -22.32634926 -11.26078987
-21.00424004 24.47965050 4.48521280
16.88976097 27.55865288 -30.70878792
4.65675879 18.88065147 13.24721336
15.64375877 7.88365030 14.55421257
29.88275719 7.01465082 9.99021339
-5.35724115 -25.93935013 -4.97778845
-7.05624247 -25.96134949 -7.73478842
-25.70524025 -8.61835003 2.94621134
-34.73724365 0.54765183 -5.44378805
-15.16924095 -11.60334873 -29.30378723
11.27475548 2.36564875 16.78120995
-30.10824013 16.40764809 -15.92178917
19.56075859 -17.19935036 1.58621073
-9.40424156 -24.26634979 -16.09578896
25.98275566 18.62465096 0.38821262
-1.74824369 23.28164864 8.28821373
29.31775475 13.03465176 6.03121042
-2.30124140 7.72165155 18.72121239
14.53175926 10.81265163 14.50021172
11.92075920 -19.72935104 -19.06778908
2.03975439 25.94164848 5.68221140
-3.93824244 0.94665009 18.45821190
-34.33124161 11.91665173 -7.89478827
5.76476049 -8.30034924 -38.10978699
19.09575462 24.64064980 -8.33578682
-8.12824059 -25.96935081 -8.18378639
17.15875816 26.35465050 -8.42978859
-3.37324381 -25.97934914 -8.42378807
2.25475836 30.94364738 -11.53878975
-5.33924341 7.85365152 18.90321159
1.46275866 5.25964975 18.74621391
-4.78624201 -16.68235016 -29.56278801
18.00375938 25.58664894 -9.28878975
25.67475700 18.55264854 -22.50778770
13.67575645 9.26864910 -41.25478745
-3.44724131 -25.96635056 -7.31378698
6.03975439 3.70365000 -42.42278671
5.82475805 5.09564829 -42.67378616
14.97276115 -19.01235008 -17.63778877
3.10175848 -1.31635034 -41.59678650
31.44975853 15.90664959 -3.95478582
29.19275475 8.87065029 -30.21778870
11.85775566 12.44964886 -42.10778809
-3.62824106 -25.99835014 -9.47178841
21.51875877 -17.96235085 -0.92578655
0.76975787 4.93464899 18.72820854
-6.97724390 -24.49135017 -0.06078868
-7.11324167 -14.99234867 -30.64978790
2.20876074 7.28764963 18.71021080
-28.04624367 -4.49035025 -21.95478821
-31.86224174 6.55964899 -23.70378876
23.70776176 14.75464916 -34.27178955
-4.75824213 -25.98735046 -9.92278862
10.10675621 -16.85435104 10.68321037
24.44676018 21.01564980 -9.44678688
-5.17924356 -25.95734978 -7.11878729
-0.21224059 5.19665003 18.71721458
7.78875494 -16.08335114 -29.88178825
-4.28724146 -25.96434975 -6.55178595
-5.09224176 -25.95134926 -8.05778694
34.11575699 -7.76035070 -25.58078766
-6.82624292 -25.95335007 -11.38078880
-8.13624001 -25.95635033 -6.24178839
9.37676048 -6.93135023 -38.03778839
-31.25924110 9.74664974 -22.43578911
1.09275591 30.14764977 -8.37878990
10.39076042 -19.67835045 -21.12378883
-6.02324152 -25.95434952 -7.92278814
-7.24824381 17.54464912 14.74521446
22.60475731 21.95564842 -27.35978889
-7.28224421 16.80465126 15.53521538
21.04875755 0.66964966 -36.45278931
-5.85124063 -25.96335030 -9.18878746
7.76075506 5.02965021 -42.23578644
-4.34124231 -25.94535065 -5.29678869
4.35975409 -19.17135048 16.17421532
-4.35024118 -25.96335030 -8.53978920
27.77876091 -15.61034870 0.27721256
-11.17824364 -1.51135004 18.66921043
39.60375595 -2.62835073 -19.06978798
15.33175468 -19.08234978 -0.12978892
9.49675560 -11.40834904 -34.65378952
-26.86724281 23.17664909 -14.19478798
-0.33424225 -21.12635040 13.43221092
12.41175652 30.03664970 -14.30078697
25.76075554 -19.93735123 -10.48978996
-35.18624115 1.94565070 -5.21978903
-5.57424402 15.97865200 16.18520927
-13.21724129 20.18964958 11.50321007
-1.91424406 -13.03334904 -34.57078934
-5.03724146 22.72965050 8.07321358
-7.19624186 -2.17035055 -41.45178604
-17.85324287 17.77264977 17.27521324
5.29276037 -14.18435001 19.89320946
6.93575811 -16.53135109 -29.64378738
7.69675970 0.04165134 -41.25478745
8.19075584 1.51965201 -41.51778793
26.10575676 19.62764931 -5.33578634
27.95375633 -19.91335106 -12.53578758
-6.05024195 -5.16335058 -39.60278702
-6.99124384 -25.96134949 -8.67678642
-32.10824203 11.83265209 -17.01578712
8.45075798 -7.87135077 -37.71778870
4.38976049 -20.07335091 12.11621284
-30.10224342 20.01965141 -9.56078911
19.34475517 -19.86535072 -10.03578758
-11.69724083 22.53764915 7.63721323
15.04376030 27.65765190 -17.96378899
2.76275396 -25.16334915 -5.18278646
-8.40424156 -5.87235022 -38.87578583
15.96975517 3.97664881 -39.86378860
17.63075829 25.43564796 -20.19678879
23.10075951 21.23064995 -28.87078857
32.56275558 1.26864874 10.84521294
7.93076086 9.95365047 16.82221031
-11.01724052 -15.00634861 -26.97478867
19.02876091 -18.10034943 -17.98978806
13.69875908 -7.22335005 -36.18878937
-14.00924110 -14.59334850 -23.34778786
-21.90924263 -10.62034893 -22.08778763
-5.84624338 -25.98335075 -10.59978676
32.71975327 -3.84435034 -27.02478790
-6.88924265 -25.97335052 -10.29578972
-8.52124214 17.22364998 15.20321465
-13.98724174 -0.59935135 18.04820824
8.29575920 11.24265194 16.08720970
-34.66224289 10.49465084 -7.02478933
17.95275688 21.81165123 5.41521311
-7.12224054 -25.96935081 -9.53578758
6.11975622 31.27065086 -13.29278755
25.37676048 -19.93035126 -9.53078651
-14.04624367 -14.41234875 1.75121164
24.91475487 20.71164894 -8.84379005
26.17976189 -17.99435043 -18.67078781
26.14175987 -16.71035004 -0.33278805
4.30075598 -19.93334961 12.97321129
6.40775824 -18.00735092 -27.56778908
29.99075890 8.25165081 -29.33078766
17.43475914 26.03964806 -7.65678930
35.27075577 -6.00234938 5.69121408
-1.17224348 8.33064938 18.69521141
1.05875933 28.94765282 -2.86178732
14.87075615 27.72164726 -18.82778740
3.36375952 30.15565300 -5.61178732
5.28175879 -21.03235054 -22.74278831
-27.78724098 23.22664833 -9.26178932
23.99976158 21.32565117 -8.62778664
-33.62624359 -0.11535016 -10.08378792
-18.87424278 -8.85034847 -30.44178772
-13.14524269 26.70564842 -0.03378825
-9.55924034 -12.33335018 -32.77078629
18.90276146 24.39364815 -20.34278870
17.01476097 25.39964867 -2.56978750
-1.23024213 7.09665155 18.74621391
26.29575920 -19.87935066 -8.72778893
25.51376152 -19.87434959 -11.46378899
-12.15424156 27.33365059 -1.95878744
36.11075974 9.39465237 -17.34678841
-6.74124384 27.28664970 -2.99278784
5.38075781 17.91364861 13.79321098
10.27675438 28.51264763 0.74221271
36.44575882 1.68165076 -22.43578911
-7.11224222 24.95364952 3.65121317
30.24675560 -20.13134956 -9.23978996
26.33276176 7.93165064 10.74621010
25.40675926 3.36265039 -34.16978836
-32.18224335 -1.82534921 -12.64278984
-6.21124125 -25.93535042 -5.20478582
18.93975639 -0.77034897 13.92821312
1.78475726 31.17764854 -13.53978920
3.00575781 30.47364616 -7.64678717
34.47475815 -5.91435003 -25.69678879
31.26975822 7.58064890 -27.74278831
23.50176048 -19.81834984 -11.24178886
-19.99424171 -11.32034969 -23.90178871
4.65376043 20.18165016 12.17521095
24.80275536 19.52865028 0.07221074
34.21175766 -6.95634985 -25.69878769
10.01075554 -2.89335012 18.41121483
-3.48124170 -22.58535004 4.85921335
-5.27524042 17.02865028 15.29421043
20.50875664 7.51365137 13.45021248
15.51775932 14.83465099 -40.22878647
-4.32424402 -23.49435043 2.36821222
-5.81924295 2.67265177 -44.48478699
-5.41424417 -24.94734955 -0.82978588
4.12075567 -18.81534958 17.32221031
19.12476158 24.21565056 -19.34978867
-7.69824076 26.56764793 -0.58078915
20.31876183 -0.69934982 -36.32978821
23.70976067 2.87565088 -35.38878632
20.58075523 -0.35234967 13.55021095
-19.43924141 -9.24335003 -0.35678631
-10.08224297 -1.38734949 17.99020958
28.73676109 7.99564981 -30.88878822
20.50375938 22.55964851 -0.77078778
-13.69924355 27.17064857 -1.06878805
28.42976189 2.21665049 -31.25378799
30.70175743 5.69665003 -28.86078835
18.76775932 24.92664909 -10.08678627
21.57176018 -17.48235130 0.20221181
34.10375595 -19.39335060 -17.10678673
17.77776146 -17.35334969 2.12021112
17.52375603 13.98065090 -39.14278793
17.27275658 26.27165031 -9.55078697
-31.33524132 6.10864878 -25.84478760
-30.44524193 3.27364969 -28.73278809
-6.45524073 18.14364815 14.05321312
3.75475836 20.22664833 12.16021156
3.18675756 15.42064953 15.81821251
-16.82924080 -11.80134869 -26.92778778
22.16275597 -19.90234947 -8.70278740
4.29375982 -24.84634972 -10.51178932
25.12775993 6.93965006 -34.59678650
-7.85124063 -25.96935081 -10.13678932
-8.23024178 -25.97134972 -9.34478951
21.62175560 21.78764915 -21.28978729
11.80375481 -20.65834999 -0.31878811
29.87375450 -4.22134924 -28.82178879
-7.83024073 18.16765022 13.99921227
26.25875664 18.81265068 -17.12678719
18.42075920 24.88564873 -17.95778847
21.61975670 -19.83135033 -7.75178671
21.09475517 -6.26035070 11.64121056
-12.23124123 -9.03934956 -34.87378693
30.11475945 -19.91234970 -8.09578896
18.59375572 22.25765038 3.81021357
5.39675665 -0.19534817 18.86121178
-0.24324264 8.79265118 18.66121483
2.04575872 -0.90934891 -41.79878616
-6.19824076 26.01365089 1.43421412
26.57575798 10.57765102 -32.99378586
17.10375786 9.64364910 14.20521355
1.65575945 17.18865013 14.95621300
28.51275444 3.52265024 -31.24178886
-15.82724190 -11.74534893 -28.28078842
-32.03624344 -0.46235028 -17.45378685
4.17475653 20.74365044 11.64521217
16.44376183 -20.10235023 -9.11678886
22.23975945 -16.52235031 1.75021219
7.83575964 -23.22534943 -12.54878807
5.46175909 31.32565117 -14.93678856
32.29575729 7.88564920 -25.94078827
-4.78824091 16.35365105 15.88921165
16.85075951 26.58564949 -7.30378866
3.76175451 21.34165001 11.04721260
16.56876183 -19.75035095 -12.55178642
23.22775841 21.24664879 -27.75278854
1.95375597 -23.05534935 -19.67278862
-29.20424080 18.29065132 4.67021418
23.60475731 20.57765007 -17.51578712
-1.27424085 5.87565088 18.72521019
9.82575798 27.51864815 2.91421366
3.17375708 20.65265083 11.74421120
24.18975639 -17.57234955 -19.26078796
-30.70224190 19.53964806 -8.71678734
-33.54624176 14.77265072 -6.23278952
10.61475945 22.07665062 9.25421333
-22.91224098 -10.81935024 -16.02178764
14.41175652 20.44164848 9.45321083
-6.62724161 -22.44635010 -20.15878868
-6.27824259 17.35964775 14.93921471
32.53375626 -15.81134892 -21.82578850
19.88675499 12.84665203 12.57621193
-24.02624321 -8.76035023 1.53121042
-23.36424065 -9.73434925 -21.20578766
-34.58624268 4.78164911 -12.30878639
23.98175621 20.41964912 -28.13278770
-30.49224281 16.86464882 -13.94278908
18.24075890 -15.74034977 4.64521265
-9.50424004 -23.69334984 -16.98378944
-31.95824242 13.99565029 -14.29078865
9.30776024 28.19965172 1.98121119
17.41576195 -8.51234913 12.48221016
28.07375908 7.69264841 -31.63578796
17.61775780 25.54464912 -18.41678810
31.54475975 13.76665020 -19.35178757
-29.93024254 5.14065027 -30.57078743
-23.35824013 -10.50734997 -16.91578865
24.39575768 6.58864832 -35.22378922
3.44275427 22.04765129 10.34021187
-24.93624306 -8.19435024 5.32821131
35.61375809 3.93665171 -22.71678734
-14.07524300 -11.68634892 3.50221109
27.19676018 17.25765038 -23.38578796
36.92975998 11.19365215 -12.16878700
2.44975805 5.12964869 18.72121239
-19.88824272 19.71864891 12.50521278
-33.22724152 -2.37235022 -6.50478888
-23.72424126 26.92465019 -3.51278830
27.68775749 18.34864998 -13.61178780
9.43875694 -13.53835011 -32.46278763
-6.97324228 -23.48834991 -18.45578766
17.28275871 -1.36934793 14.33820915
22.36475945 -17.86435127 -18.29278755
21.33175468 21.99764824 -0.58378750
23.75975609 -18.38834953 -2.85078955
30.74875450 -4.49934912 8.72621346
29.19376183 4.43665171 -30.55378723
30.17675591 13.13365078 5.35321283
19.07275963 24.30964851 -5.09778738
26.43675804 19.23864937 -4.12278891
-8.04824257 -17.10735130 -26.41178894
31.22675896 15.50065136 -0.97678906
4.55476141 21.99865150 10.37821007
21.86975670 10.18564892 -37.00278854
30.60775566 4.28264856 -29.08178902
20.23975945 -19.90435028 -9.48978996
30.01376152 4.94665003 -29.68478775
-6.11924219 -2.38834906 -41.26078796
29.74875450 14.16464901 -25.18178749
17.54176140 25.80164909 -15.43578911
19.63375664 23.74464989 -19.84978867
27.48175621 -2.37835073 10.75121117
18.31275749 24.92265129 -19.07578850
29.55576134 17.03264809 -4.18078756
24.98175621 20.62565041 -7.12978888
-26.86224174 -8.61435032 -0.15878825
2.31775427 4.24265146 18.71021080
18.67976189 22.64665031 2.70421076
31.75875664 5.43564844 -27.58278847
-14.10824013 -11.68834972 2.72821283
-16.78424263 28.54264641 -4.54178762
16.88976097 26.64364815 -10.35478783
2.36775732 30.14565086 -6.76378775
10.48576164 30.96665001 -12.52878761
31.83175468 -0.51934952 10.56521034
-3.78824091 28.28565025 -5.35778952
30.75176048 1.98864996 -28.97578812
27.24875450 17.20865059 -24.64878845
-31.97324181 4.63065195 -23.67678833
-32.76424408 8.83365154 -19.15878868
-1.90524137 -18.37635040 -28.06278801
-16.78024101 -4.55935049 -37.33478928
16.07375908 27.45464897 -10.29178810
21.51775932 7.93765116 13.03921318
4.02575445 13.66965008 16.55521202
26.98475456 5.47764826 -32.77478790
2.92475653 -25.32634926 -9.53678703
32.66075516 0.14164981 10.73221016
5.69775915 31.36164665 -16.40178871
27.07076073 6.39864969 -32.68278885
16.32275963 27.20265007 -9.28478813
15.06175804 -19.61435127 -15.01678658
15.28075981 -19.79535103 -13.90178871
8.03575706 26.75464821 4.94621134
-4.99224329 11.86965084 18.31120872
20.74976158 -19.89435005 -8.46178627
27.95175743 6.35465097 -31.79078865
25.71275902 6.60064936 -34.04578781
23.54575920 -4.03035116 -32.76978683
-4.39724207 8.83365154 18.73621178
4.86475897 21.30364799 11.06521034
28.45175743 -1.15234888 10.86821175
-4.43824244 17.72265053 14.66921043
17.62576103 -7.79235029 -33.78878784
7.86775732 -19.37434959 8.54921150
22.92675591 0.98665100 12.86921120
19.35975456 -19.90435028 -8.72678947
-16.01624107 -9.72434902 -31.64878845
18.22376060 -16.29235077 3.82221079
28.86675835 9.44565105 9.11421013
29.93575859 3.65764856 -29.80978775
2.54076147 21.31064796 11.08721352
33.53675461 1.74265158 -26.00378799
-4.24524164 17.05764961 15.32320976
15.46275902 9.99265194 14.45621300
22.35575676 21.57765007 -16.72178841
4.18575811 22.73264885 9.65620995
26.30375481 6.24465036 -33.45678711
26.14875603 10.15265179 10.00321007
35.17875290 -4.96134901 7.40221262
-28.08524132 23.32464790 -7.57378912
-18.17124367 -13.14834881 -20.15678787
4.90775824 -17.51435089 -28.98278809
7.52876043 -0.95134872 18.69121361
16.48776054 -10.31734943 11.88421059
26.48375511 7.20464945 -33.27278900
2.24075842 -14.87934971 -32.96578598
2.39475775 22.17664909 10.20721245
38.09875870 -6.61535025 -1.58578634
-8.84624290 -1.28735101 18.88921165
27.55175591 5.50565195 -32.20278549
28.24375725 4.80864954 -31.51578903
-22.71424294 27.61064720 -10.88478661
26.89175987 17.69064903 -21.25778770
-26.64724159 24.95865059 -6.68578863
-33.22924423 -1.48434961 -8.87678719
14.96175957 27.60365105 -19.57778740
-6.38624048 -1.43935144 -41.93578720
30.93276024 14.52965069 -18.86578751
26.24275780 -17.66035080 -19.53978729
14.43575859 -20.54734993 -10.38378716
25.68775749 4.36265039 -34.01778793
-2.19624186 -19.66534996 -26.12678909
5.11875677 20.70364952 11.65121269
32.60675430 14.68065166 -12.64878654
8.62275505 29.85564995 -1.51778936
-32.90724182 16.49564934 -6.62378836
29.20776176 2.97064829 -30.53878784
-3.62024164 0.20564899 -42.71178818
25.75975609 7.50565195 -33.99078751
-3.74924326 -22.45534897 -21.14478874
27.14975548 7.60465097 -32.59978867
17.31775475 -16.38635063 4.18121195
14.54575920 27.96764946 -21.44278908
28.76075554 5.62864923 -30.97578812
16.69775963 26.25264931 -19.03878784
-7.24024057 -25.93235016 -5.37378836
24.20876122 20.65265083 -2.69278860
5.01476049 19.57765007 12.68021202
-3.75724268 23.93065071 6.58121347
28.18975639 -19.78135109 -8.00078773
0.17075883 19.08465004 13.34021187
-30.37424278 10.89065075 -23.38978767
-2.24724054 8.92164898 18.63721275
-27.66124153 23.17164803 -10.16578865
-11.48924065 18.74965096 13.61321068
-0.91124189 19.37664986 13.04521370
21.60975456 22.35864830 -15.01278877
-11.50024223 20.79564857 10.26321220
25.67475700 5.68965006 -34.07678604
4.71675634 23.35064888 9.05721092
29.96975517 9.45664883 -29.05278778
28.40175438 16.20165062 -22.22178841
23.81375694 21.11665154 -12.99078941
-9.42424202 -1.23034799 16.95120811
7.13175726 -19.89134979 8.41421318
3.15675879 22.78664970 9.59221077
-5.40024042 21.78664970 9.32021141
-15.36424065 -13.31134892 -25.22178841
16.33376122 27.17564964 -11.30078697
-30.86024094 14.18165112 -17.05878639
-28.95824242 -2.21334982 -24.07978821
9.20475578 -19.10634995 7.17721415
-4.03224421 -25.86334991 -4.19778585
4.69476080 31.31464958 -13.94678688
13.42275810 29.02364922 -4.81378698
28.95475578 15.23264980 -25.42578888
-20.23924065 26.66565132 0.66121143
-10.52324104 -24.37635040 -15.27878761
2.11775732 -14.25134945 -33.61678696
27.78175926 16.72965050 -22.86278725
-18.75424004 -5.21034956 10.09821129
28.34776115 8.73665142 -31.26078796
-2.18824244 5.14364862 18.65121269
-20.35324287 -4.80434942 12.10221291
-6.28924417 -14.61934948 -31.63178825
1.64875567 -15.51735020 -32.27778625
29.45675468 5.79865122 -30.24178886
-28.32824135 1.33664954 -31.11278725
30.59475517 3.14264917 -29.14378738
16.31575584 -19.61734962 -13.48678780
27.09876060 -19.76435089 -7.90878820
12.15175438 15.60064983 13.79121208
18.02175713 25.30064964 -5.93978643
-3.09024286 -13.11934948 -34.23178864
10.98875999 -7.78734922 -36.90978622
27.56275749 18.04265022 -1.88078833
-7.01024103 -16.75634956 -27.94278908
-22.02024269 26.04364967 1.34821177
-28.26624107 20.33365059 -15.04578972
-0.18624343 20.16065025 12.24321175
22.34976006 -19.91735077 -9.93278694
-33.86324310 8.00565243 -16.25078773
-20.36124229 1.55665076 -39.18478775
21.85575676 -6.31034994 -32.52978897
31.29575920 2.96064997 -28.40578842
25.20475578 18.28964806 3.02921152
16.92175865 26.40165138 -15.00178719
29.89275932 1.37064993 -29.78478813
-7.53424311 20.94864845 10.01121330
24.57675743 -19.91035080 -10.56378746
23.81075859 0.89065033 12.57721138
20.61176109 23.38664818 -12.24778938
33.88375473 0.59564835 -25.76378822
0.99275744 -14.83834934 -33.00678635
-12.92124367 -16.70034981 3.49521112
-1.53024137 18.54965019 13.89721107
11.47875786 30.19865227 -15.97178841
-5.43424082 -17.19135094 -28.45278740
3.72975683 23.55264854 8.83521080
17.99775505 -14.73734951 6.12521219
24.11975670 -19.93334961 -9.37178993
16.88175774 26.35064888 -16.08778954
-1.16724241 -24.48534966 -0.02878719
23.07176018 -19.94135094 -9.31378746
26.48576164 4.69565058 -33.26678848
2.03475714 -11.96234989 -35.80978775
17.20575523 26.18364906 -14.23978996
16.13675499 27.34665108 -7.99078894
0.62675631 -15.62234974 -32.15978622
25.17275810 5.05065012 -34.51878738
15.44875908 28.03365135 -11.79478645
27.58075523 1.45664847 -31.96278763
-6.68624353 -22.33634949 4.13921213
-33.36224365 15.33965206 -5.50178671
-35.06524277 8.88765240 -8.08178902
15.62175560 16.90965080 12.55521202
39.68875504 6.77364969 -13.26078987
-30.17524147 13.71164989 -19.83078766
28.18076134 -11.44334888 -26.37878799
26.26675987 19.64164925 -11.28078651
17.87975883 25.69365120 -10.53178978
14.79076195 19.28664970 -39.24878693
-0.67124403 18.79765129 13.64721107
-10.43524361 16.04765129 17.15521049
34.20675278 1.34065115 -25.31478882
1.11775744 -13.76035023 -34.11178589
19.97075462 23.46264839 -18.90978813
17.97675896 25.44365120 -14.40078926
-17.71724129 -7.21334982 -34.08578873
20.43375969 22.98864937 -21.35778809
19.28875542 24.11065102 -18.16578865
-14.02523994 -12.37934971 4.31121302
-12.38624001 -1.59335077 18.72620964
16.62075615 26.73764992 -14.23078728
-6.35324335 -0.35135022 -42.68578720
20.51576042 22.90265083 -20.00278854
24.46775627 -1.23634851 -33.53778839
15.88575554 2.94864893 14.73221397
1.03075945 20.03465080 12.37521172
17.34475517 25.92965126 -5.90078878
17.45475578 25.61765099 -19.38978767
18.74875450 -19.87635040 -7.76678610
-24.15324211 -9.12334919 -21.02178764
26.31976128 8.20265102 -33.43678665
17.59676170 25.34665108 -4.26478720
31.55175591 2.15165186 -28.15878868
15.84375572 -7.21834898 -35.14078903
16.25875664 26.52464867 -20.14678764
0.36175689 4.13965082 18.68921471
-33.78824234 13.75265026 -8.41878700
-0.68724287 4.18065119 18.65620995
29.17976189 5.46565104 10.60821342
29.23576164 15.30765057 -22.56478882
15.35375786 28.14365196 -10.82778740
17.27275658 26.23665047 -11.39778709
-7.40124369 23.23364830 6.70021296
13.47276115 -17.66234970 -23.17778778
-5.84824228 26.89665031 -1.34378958
2.16776037 20.36765099 12.03120995
4.48175573 -2.16835165 -41.17878723
22.68076134 -19.85634995 -10.79278755
12.27275658 29.56464958 -4.44378805
5.98075628 20.07964897 12.14821053
1.53675616 20.89364815 11.51421165
25.46675682 -15.56734943 1.60821390
23.07575798 0.00964984 12.83021355
-29.97224236 19.03964806 -11.82278633
16.34475517 -20.12535095 -8.00778770
11.52275658 27.11765099 2.31421137
19.16175652 23.54865074 -1.38078833
-2.43924189 17.73464775 14.71021080
-16.47524071 -8.53934956 1.82621241
20.02275658 23.02665138 -1.52278662
2.86575842 -15.34035015 -32.42778778
14.62676048 25.03664970 2.68921137
2.30975866 -21.87834930 -22.18078804
36.10975266 -0.72834915 -23.68378830
30.05776024 6.02765131 -29.58078766
32.48875809 -2.73235083 -27.23678780
21.77275658 0.33265170 13.22121239
23.18176079 20.09864998 1.64721155
-2.84224176 18.63464928 13.77420998
-7.41024256 -6.50134993 -38.62178802
24.98875999 5.90965128 -34.71178818
-18.38124275 -4.09034872 12.22121239
-33.83024216 13.71065044 -6.22378683
-3.53824091 17.79664803 14.64021111
17.37975883 26.05565071 -13.23578835
33.15075302 0.81664902 -26.50278854
0.76675951 -13.06235027 -34.80378723
18.00975609 25.46364784 -13.05878639
-3.25824213 16.97965050 15.40920830
0.32575759 18.30764961 14.10120964
-32.84524155 13.29765224 -12.92978859
35.98375320 13.51665020 -5.67178869
-10.42524147 23.55064964 5.95821238
1.62775958 -13.04334927 -34.82378769
31.11176109 -20.45034981 -11.26478767
26.84275627 8.71364880 -32.89978790
24.97775841 -19.85435104 -8.36278725
5.72176123 28.93665123 1.13421106
-28.64524269 21.56265068 -10.97978783
-19.90624046 -5.17135000 11.15321159
-8.34124184 -25.14534950 -1.18578863
-5.07724237 -25.86134911 -4.13778830
-29.64524269 15.90764904 -18.13678741
5.37075567 22.69864845 9.67721367
15.35875511 27.27464867 -21.54178810
23.36975670 -19.92435074 -10.18578911
-14.83924294 -14.86634922 8.42821312
1.24775469 -12.52134991 -35.31878662
-11.04324150 -12.85435009 -31.03578758
24.86375999 8.59665203 -34.81378937
-8.18824196 15.45765209 16.91421318
1.63475573 -8.71234989 -38.20478821
12.47675896 -19.82035065 1.24121332
32.34375381 -17.50835037 -19.77778816
25.29376030 18.97764778 -20.50578880
-17.47124290 -3.83334875 11.98821068
1.07675707 19.25164986 13.15321159
27.48375511 -16.39335060 -22.04178810
0.30575714 -9.64634991 -37.55578613
-5.26824045 -21.31335068 -22.48678780
-30.31424141 5.09564829 -29.71578789
28.03275871 3.90865183 -31.73078728
-7.00924158 -3.59634924 -40.48278809
16.71275902 26.70765114 -13.30478859
30.31175804 6.68065119 -29.23178864
15.61575890 27.10764885 -19.16378784
-3.27024317 -21.56934929 11.36421013
18.64775658 24.85164833 -13.90478706
-13.30924034 -14.68534946 -24.36078835
-2.26724100 -25.86334991 -13.02278709
27.95475578 9.63465023 -31.60578728
8.86076164 24.75565147 7.18721247
3.65975714 30.46764946 -6.85278845
4.51875830 30.46764946 -5.97078848
24.34275627 20.22965050 -1.33378744
29.28475761 16.10164833 -18.69678879
24.25875664 3.42664957 -35.09378815
26.07675743 3.35365152 -33.57478714
33.46975327 -0.17134991 -26.26878738
31.86775780 -3.68034887 -27.62178802
-5.21024179 18.07864952 14.20921135
-14.78724098 19.73565102 12.60721016
20.03175926 23.75565147 -13.13578987
29.12375450 -19.71735001 -7.57878637
21.40276146 22.02165031 -20.31278801
37.54875565 -13.19334888 -3.05178595
31.83675957 6.61464930 -27.19678879
14.77976036 6.96864939 14.74521446
17.74775505 2.01764917 -38.73178864
20.77075768 22.73064995 -18.58078766
23.76175499 20.44264793 -29.03678894
-6.00624323 -24.65435028 -0.26178890
10.46975517 -7.00134993 -37.62878799
27.94775963 16.49664879 -24.03578758
26.14076042 2.13165140 -33.34178543
-3.51024103 18.97865105 13.34321022
38.04375839 -9.80935001 -3.04478598
29.30175591 10.09865093 -29.79778862
24.91975975 20.31564903 -3.67378759
8.32875633 4.34964991 17.86921501
-9.69124031 18.99865150 12.89920998
-30.18624306 13.06564999 -20.76578903
-2.00924158 19.40764809 12.97121239
24.90875816 20.40664864 -12.81678963
-3.25824213 9.39865017 18.60421562
16.90675926 26.56265068 -12.28178978
-3.96224070 16.22564888 15.99120903
9.51075554 9.73765087 16.05821037
-21.24324226 -8.51035023 1.86621332
2.17575598 22.92664909 9.41421318
-21.64724159 -11.05334949 -11.70178795
17.50875664 25.96364784 -12.32878685
3.58476019 -16.70135117 -30.56178856
38.93075943 2.08764887 -17.77278709
14.24675560 28.18865013 -19.24378777
10.83875847 -20.96234894 0.14821096
-7.57824183 20.33564949 10.89920998
-24.72624016 26.37764931 -2.55278921
-3.78824091 13.06165218 17.69321251
32.20775986 1.88765204 -27.45778847
32.45575333 0.94465119 -27.22378731
-7.58524179 -23.67034912 1.17121363
1.49275744 4.30565119 18.71320915
26.05075645 18.35864830 -21.16878891
-20.12424278 20.35164833 10.95721245
4.11875677 4.45965052 18.66121483
6.74775457 21.89465141 10.37721062
27.45475578 4.38265085 -32.30278778
6.57875586 -0.11634961 18.70421410
-7.80224085 -9.02934933 -36.68078613
14.14675713 28.73664665 -14.97278786
-0.45424119 -17.69535065 -29.19078827
-8.67924309 19.24464989 12.47621346
-15.99924278 -12.59035015 -26.22678757
-8.71624184 -23.68334961 -17.39278984
-28.98924065 -6.89335012 -7.59378958
12.74976158 7.28264856 15.19121361
32.83175278 1.61165106 -26.79178810
26.38976097 18.01365089 -24.62078857
29.19376183 0.67265183 -30.34778786
4.45175695 14.72265148 15.82520866
22.97575951 21.88065147 -5.52278662
29.35275841 -1.05935037 10.69021034
4.35675573 3.54464960 18.65321159
-29.47424126 6.64164972 -31.24678802
-12.95624352 27.56564903 -2.35078955
-1.04024351 -21.90435028 8.80721092
21.26576042 23.77765083 -27.51978874
0.10575638 -13.41934872 -34.43678665
19.35275841 24.27564812 -13.47478676
-18.72824287 -12.29634953 -23.16278839
-26.26424217 24.68264961 -10.88578987
-22.64323997 -1.70535028 -34.69578934
3.03475714 19.86065102 12.50721169
-1.23824155 4.93464899 18.67621422
15.31775475 28.18865013 -9.80978966
-23.85124016 -10.20334911 -15.58478737
35.31575394 -15.89334965 -3.42878866
21.20675468 22.26764870 -19.32078743
3.59075689 31.35864830 -14.57678795
7.51775885 22.39964867 9.80221367
29.88375664 0.47365054 -29.69178772
-33.36424255 11.41265011 -14.19678688
-0.11024322 3.14065027 18.68821526
24.95175743 19.47764778 -27.52378845
23.33975792 -15.28334904 -23.46378899
2.78175879 23.39764977 8.94621086
0.60175860 20.98164940 11.41521263
-5.51424265 23.96665001 5.96521235
21.05676079 22.34665108 -21.04378891
1.48975909 21.62264824 10.77121162
-19.76924324 -12.53034878 -18.84678841
0.88075793 -11.99434948 -35.78278732
29.91275597 2.45464945 -29.82878876
-26.34724236 -8.35735035 -14.39478874
28.85675621 6.88664865 -30.82878876
22.19476128 21.28465080 -20.67378807
-1.74824369 -19.01935005 -27.11878777
18.82975578 24.63265038 -5.99978781
16.53175926 -20.03734970 -6.74178839
-9.26424217 3.41464853 18.65620995
24.92775536 -9.41034985 -28.91978836
18.15675926 -19.82835007 -10.77578926
-31.38924217 11.39165020 -19.65078735
24.42775536 7.65664911 -35.21678925
5.92976141 -19.38834953 11.77721214
-22.81724358 -9.06235027 -0.21778636
27.55576134 8.66464901 -32.14778900
22.84776115 12.16065121 11.22021294
-29.58024025 19.12964821 -12.83978844
-0.79024351 -13.30334949 -34.48478699
24.36475945 -14.98635006 -23.80878830
26.74675560 -17.46735001 -1.82578802
12.13475609 -5.51035070 -37.93878937
-10.55224037 22.29065132 7.89721155
31.17275810 -19.91335106 -15.07378960
5.95876074 21.13165092 11.17821312
0.26375732 -21.77935028 9.20721245
21.43875694 9.25865078 -37.34178925
-6.38924265 24.72064781 4.30921412
-2.05824137 -20.55134964 -24.79978752
20.22575951 23.27765083 -17.77978706
20.42575645 23.11065102 -22.36078835
2.47675848 -12.60334873 -35.22678757
27.91776085 -17.43035126 -2.28478765
10.62476158 26.53565025 3.96621180
19.68176079 23.79664803 -17.13378716
31.57575798 1.11464942 -28.12478828
2.96175909 -16.17135048 -31.38178825
23.44875908 -15.63934994 2.53821421
36.33375931 -6.49635077 -24.29078865
-28.94424248 -6.78734922 -8.76478767
4.62975836 24.08465004 8.34621239
5.64075994 21.89964867 10.44621086
14.75675774 28.66164970 -12.16378975
8.72075462 30.59464836 -5.63178778
32.05275345 2.89065027 -27.57378769
-25.23824120 25.70564842 -10.76278877
-15.53424263 -2.35735083 16.53921318
6.13675451 30.33965111 -4.14878607
1.07975924 -16.12135124 -31.55378723
22.58075523 21.05864906 -19.50878906
21.07375908 23.03664970 -30.82278824
18.70475578 24.87064934 -12.64578819
20.34075737 23.26965141 -15.93078804
20.31175804 23.24865150 -16.73078728
29.32176018 14.88564968 -24.78078842
-10.43024254 22.87264824 7.01321268
-25.59724236 25.32565117 -11.65478706
10.71775627 12.55765057 -42.44978714
-24.87524223 18.53164864 10.62421227
22.63876152 7.79965067 12.57921028
34.86375809 -15.54234982 -21.37478828
29.84976006 -5.94734907 -28.38378906
18.01675987 25.51265144 -11.86378670
25.17575645 0.02265033 12.06021309
-4.18524408 -22.03935051 7.67621088
-28.15124321 -2.67834997 -25.22078896
-27.21624184 -7.58534956 -14.20678902
-26.08024025 24.99365044 -9.78778648
17.99275780 -0.64235061 14.14121056
30.71775627 -3.67834997 -28.38878822
31.10575676 3.78365183 -28.57178879
38.13575363 0.69465119 -20.17278862
29.22376060 17.46465111 -11.23078728
23.34776115 11.43365002 11.18621254
-14.25524330 19.94064903 12.11921120
21.08276176 20.47865105 4.17721415
5.58276129 -19.05535126 14.16421318
2.65475988 -13.44034863 -34.41878891
-30.11024284 -6.21334982 -5.74378729
-5.84824228 -22.61134911 -20.29778862
-31.13324165 11.08664989 -20.86878777
8.90476036 -10.22634983 18.72321129
23.28975487 20.52065086 -19.47278786
23.22276115 -14.77134991 -24.17378807
2.05576086 -15.99934864 -31.68178749
3.22075415 4.15465021 18.69221306
22.84575462 -3.78434896 -33.33878708
22.33576012 -0.70734924 13.05121040
35.48275375 4.77865076 -22.47178841
-6.59924173 19.33365059 12.47921181
5.77776098 14.15465069 15.68720818
6.13075781 22.35365105 9.98321342
22.57775688 3.60264826 12.89121056
20.20075798 0.63265091 13.63121223
-26.75624275 24.97865105 -2.07478857
-8.92324257 -16.58535004 -26.39578819
0.07975922 -12.61835003 -35.19178772
-34.33424377 8.43165112 -13.98978996
28.78575706 15.56165218 -24.48578835
27.43875694 18.84264946 -9.13978767
18.74775505 24.71364784 -14.99378777
35.43775558 -12.75834942 -2.80478811
-21.25724220 -11.47834873 -13.89778709
31.22975731 2.87565088 10.78421211
26.16275597 19.28164864 -14.62978935
0.56675875 -8.89834881 -38.06778717
-18.49724007 -9.91834927 -28.74978828
-32.56224442 17.07765007 -7.17378759
8.07575798 -22.07934952 0.48621219
21.90575981 21.83465004 -17.43878746
22.32975578 11.31365108 11.83021355
-17.73724174 -10.40334988 -28.64778900
18.37975883 24.08564949 -1.40278769
35.28975296 -0.93534988 -24.61578751
21.49675560 22.07964897 -18.38878822
-31.03724098 4.46264887 -27.47478867
0.44475707 21.83965111 10.50521278
2.20575476 3.43165064 18.71220970
-3.69824076 -20.77434921 -24.02778816
18.88175774 24.51764870 -17.02978706
23.23975945 3.10764933 12.69421196
-20.09324074 -10.79034901 -25.01478767
30.36375999 -15.20634937 -23.01778793
32.79375839 12.58565044 -18.99578857
33.54675674 -20.87034988 -9.38678932
34.29475784 -0.54134887 -25.51778793
-33.38624191 12.85465145 -11.99878883
1.38175738 22.40265083 9.94421196
-30.04324150 17.08465004 -14.98478889
1.34475482 -25.65534973 -10.55878639
-34.67124176 8.40965176 -2.46478796
13.14675713 -6.08035040 16.66121483
24.59776115 19.41065025 -21.14278793
32.22275925 0.04664859 -27.47878838
20.87375450 22.86964989 -15.46678734
26.02776146 -19.78535080 -7.88078833
-31.94124222 -1.59734857 -14.65078926
-12.47024345 -17.05735016 4.59621286
-11.98124123 -7.95135069 -36.10178757
-30.78724098 -4.98635054 -7.94778585
28.66975975 14.43165112 4.86321115
20.69376183 23.32864952 -5.78078604
-0.74524152 -18.44635010 -28.04678726
16.13275719 27.32464790 -12.46778679
12.11675835 29.15565300 -3.01978827
-9.02024269 4.84464884 19.69021416
3.71375799 24.43964958 7.93721247
9.68375969 -22.70834923 -8.78078651
25.67075920 8.69864941 -34.06578827
18.42075920 24.80264854 -19.94878769
-8.86124229 18.62365150 13.40521049
-0.49824372 18.17564964 14.25821495
-10.06924248 21.81664848 8.58121300
13.16776085 5.25964975 15.33521080
-4.02724314 18.48464775 13.86221123
14.60375786 28.82964897 -11.42978859
-8.40724373 -2.05935049 -41.60878754
-2.72924280 -20.97934914 -23.95778847
-12.09824181 -12.80034924 -30.23478889
-31.41424179 -1.30935037 -18.01678848
19.46575737 24.36665154 -9.51578712
-26.97424126 24.11865044 -9.47378731
33.78175735 -1.29234827 -26.10578728
-6.36024332 0.66464859 -43.34978867
13.88976097 28.46864891 -20.96678734
1.14575732 18.50964928 13.85921288
5.60975409 23.61765099 8.79321098
4.23275518 -17.16835022 -29.71578789
-14.91724205 28.60365105 -4.61778784
3.39275885 -12.03034878 -35.69578934
-0.31624070 -14.21134853 -33.61278534
24.23975945 21.14864922 -7.03678656
-3.08324289 16.18964958 16.02821159
3.62875891 -18.55935097 -27.75278854
18.40775871 24.99064827 -15.83578682
-28.19324303 -7.51835012 -8.50678825
3.85175848 -12.85435009 -34.93178940
1.24175799 16.53565025 15.51920891
9.37975883 10.84564877 15.72921562
27.86875725 18.41565132 -11.82278633
0.41575775 -18.13434982 -28.54778862
-11.16824150 19.88165092 11.67721367
19.41676140 3.34964991 13.81821251
6.71875525 30.50665092 -4.96078634
-0.63224256 22.07665062 10.13121223
28.38876152 18.09464836 -10.89678764
-9.51024055 26.75065041 -1.00978613
-5.56424189 -22.10835075 6.13021326
16.36675835 -19.97735023 -5.58578634
7.57275915 29.89465141 -1.36278677
-15.14024162 22.72564888 7.75321054
-1.45924222 17.69565010 14.74421501
10.14975548 4.67965174 16.93221092
19.87275505 -18.94334984 -3.25778723
-32.37024307 -4.29335165 -3.69778585
19.35375786 24.19864845 -14.64878654
16.99075890 12.09065151 -39.77078629
-14.03824043 28.51564598 -4.56778860
20.49976158 -7.90934896 -32.18678665
7.21575689 -18.49335098 12.24721336
3.73875952 -14.92035007 -32.84978867
1.46975482 -11.29034901 -36.36378860
-8.64924049 22.27464867 7.93721247
-2.20624399 -21.98834991 8.28321266
-10.19324303 -3.03835058 -40.86878586
-3.28324366 29.68064690 -9.09778786
-13.50924110 29.67165184 -7.93378592
20.36775780 11.31365108 -37.88278580
-21.52324104 25.33365059 2.87721109
1.63475573 17.78664970 14.46921349
-30.73424339 -4.65035009 -9.68378639
28.25775719 18.22865105 -9.53478813
-30.38924217 -6.15035009 -4.79078817
-13.87324333 -13.73734951 2.67921305
-26.60324287 25.15365028 -5.41178656
-0.65624082 21.12565041 11.20121193
0.79275668 -21.84435081 8.33121300
-24.19224358 26.72564888 -5.60778952
-32.20124435 5.67465067 -22.88878822
2.84175634 24.84264946 7.38321161
23.88275719 -2.16634893 -33.48978806
-1.08624113 3.39665079 18.63521385
18.77475548 0.24465045 13.96721077
19.48175621 24.02264977 -15.96178627
24.71175957 -7.00634909 9.16421318
5.56075811 24.61964989 7.82721186
-6.55024195 20.04765129 11.47221184
-32.20624161 16.67664909 -9.41878700
-9.64924049 23.88364983 5.38921213
13.30776024 29.76064873 -12.58378792
-4.88124323 -4.83234930 -39.86178589
24.26576042 1.81865180 12.40620995
28.58675957 17.93165016 -7.19378805
-22.93224144 -10.76534939 -14.98678780
-1.39324033 -13.87234974 -33.86178589
-15.16124153 19.47865105 13.23621178
-31.77124214 16.31365013 -11.23878670
7.35275793 4.11865091 18.22720909
-6.30724192 -16.78635025 -28.47278786
-7.68924189 22.14864922 8.27721214
27.11176109 9.63664913 -32.54678726
26.96675682 19.05465126 -12.02378654
-0.55524290 -19.12034988 -27.06478882
-25.63824272 -8.88934994 -15.09478951
-1.53524244 -24.66634941 -16.72579002
-32.51224136 11.04465008 -17.07378960
-1.83024061 20.84264946 11.40021324
10.76576042 -2.20834875 18.00721550
25.23175621 20.46764946 -9.93778801
26.62576103 18.03864861 -20.19678879
-9.61924171 1.53565085 -44.26178741
22.83376122 20.71364784 -21.36878777
19.50575829 16.08764839 -37.11678696
15.33075523 28.17165184 -8.72478676
29.99976158 14.59464931 -22.12178802
27.72176170 2.93464899 -31.98778725
9.07375908 -12.84234905 -33.42178726
39.59175491 3.53365183 -15.39978981
22.19376183 21.28365135 -22.04578781
-28.09224129 22.07864952 -11.81178856
-14.03824043 -13.32334995 5.36821222
36.92975998 -6.04535055 -23.80078888
-3.03524256 -22.20635033 -21.70378876
26.20976067 9.45564938 -33.49678802
25.13275719 18.98964882 -21.69978905
18.91275597 10.86065197 -38.81578827
32.78675461 -5.53634977 -26.80778885
-17.12124062 22.92764854 7.47621393
-1.34124219 20.20464897 12.15021324
-27.91924095 0.29165134 -30.43978882
28.92575645 17.72664833 -10.28778648
-32.26324463 4.35064936 -22.62278748
6.82675695 23.91864967 8.43521309
-2.43524408 30.63664818 -11.99378777
21.64575768 22.11464882 -1.84678793
25.18375969 20.29965019 -5.04378653
20.46975517 -17.38834953 -19.62178802
25.99075890 19.70065117 -12.50978661
-3.82024240 -18.44334984 -27.44778824
-0.47124329 -15.28634930 -32.46978760
-32.46124268 15.38365078 -10.77078819
-15.50324059 20.54664803 11.17121315
-11.89424324 -2.41835165 -41.31378937
-4.28224421 -23.16934967 -19.78378868
-7.20224237 28.46565056 -6.30778646
37.11175919 -7.16735029 -23.49978828
-4.52624369 -24.76334953 -0.37178952
4.51175451 24.76965141 7.66421366
2.49675512 -1.38635004 19.69421196
32.48875809 -18.06035042 -18.98378754
13.79475975 29.51364708 -11.29878807
26.85475731 3.23464823 -32.83578873
24.37875938 20.85365105 -4.67878866
-7.10524225 -21.42734909 7.51121378
12.81876183 -18.97434998 -20.32178879
-5.75024271 15.03465176 16.87321281
7.83175421 -23.38635063 -11.31078911
29.56475639 14.72365093 -23.84078789
40.10275650 -2.09834814 -17.51378822
-19.04024315 -12.91434956 -17.70778847
1.79775774 12.51864910 17.57721519
32.99775314 13.11765194 -17.09379005
17.69175529 25.73464775 -6.88478613
32.95075607 -0.73835129 -26.81278801
-24.98324013 25.90464973 -12.51078987
8.88976097 27.69364738 3.10021067
-0.31624070 24.48764992 7.09221125
-34.97124100 6.76265192 -11.29178810
-9.67624092 -2.22635031 -41.53778839
1.19175494 -0.60735077 -41.94878769
-25.55024147 25.79165077 -1.75578833
-32.48224258 6.29464960 -21.91478729
21.89275932 22.66164970 -9.11178780
31.35675621 -0.06334820 -28.29578781
2.53375769 -9.47734928 -37.68178940
26.18276024 19.77865028 -10.15278816
-0.01924362 -16.05035019 -31.61678886
-3.55924082 1.98964942 18.31921196
3.88475561 5.36165094 18.65620995
18.09776115 11.59065151 -39.18678665
-1.57124174 -17.83535004 -28.90278816
-3.18424082 -9.53234959 -37.21678925
0.46875915 -17.58634949 -29.38778877
30.75275993 14.41865063 -19.81478882
-3.09124231 19.45165062 12.83321190
-11.49924278 24.91164970 3.70021296
-33.30524445 6.92465067 -18.81478882
-11.10024071 -0.53135055 -42.85178757
-27.21424294 24.74064827 -3.21678686
4.17675543 31.39864922 -15.31578636
21.24875450 22.22265053 -22.12178802
-5.94724131 -25.86834908 -4.23578787
22.92475700 -2.67834997 12.44721031
-20.40724373 -11.38634968 -22.98178864
22.25975609 1.67265189 13.05021095
3.18475866 -10.11435032 -37.20378876
4.94175482 -10.32334995 -36.85078812
3.67275763 -13.51134968 -34.32678604
-15.21924019 23.26664925 6.96021128
1.24675524 -17.81435013 -29.04078865
-18.96824074 -9.01534939 11.00821114
-9.47324181 22.42664909 7.66421366
-12.62324333 -0.05735150 16.57520866
5.85375738 0.59564835 18.69621086
-8.05424309 16.34864998 16.06521416
25.47775841 -14.69034863 -24.13278770
-34.04624176 6.79365015 -15.97178841
14.49976158 27.96465111 -20.28878784
19.84275627 6.58864832 13.67421150
29.79376030 14.66165066 -22.87578773
20.06575584 4.41165018 13.64021111
3.19175482 -17.33135033 -29.67678833
-30.29624367 -5.32234907 -8.88278770
-19.46924019 -10.84934902 -25.75078773
15.68375969 -20.24835014 -8.89478874
37.08775711 -4.09935141 -23.50678825
19.20876122 1.48765051 13.87121010
29.82176018 13.46765041 -26.37478828
31.34275627 -6.37135077 6.66521311
2.82275915 24.07164955 8.23721123
34.77375412 0.44164905 -24.84578896
14.59976006 28.85964775 -9.32878685
30.36575890 16.65365028 -10.84978676
14.46375847 28.96365166 -8.39878654
-10.61924171 18.86765099 13.22621346
20.21775627 1.52464926 13.62021065
-14.70324135 21.86865044 8.98221016
28.59575462 15.85864925 -23.40378761
40.99475479 -2.46334982 -13.60178947
-10.79924202 -2.32335043 -41.47478867
-34.10224152 12.74465084 -8.20378685
37.94075394 -5.02234983 -22.64478874
39.58075333 -5.77234983 -0.52978665
5.69875860 28.55064964 1.99121332
-31.85424232 19.10264778 -3.43878698
2.10575628 -17.41934967 -29.63278770
-0.80824125 17.32964897 15.06321526
-1.80024183 23.86964989 7.41321421
26.68875694 19.41364861 -9.24178886
36.07175827 12.08265209 -11.86478996
28.15975761 16.24265099 -25.07078743
4.89975500 25.35365105 7.06421137
4.17275763 2.39964914 18.69421196
31.37775993 -5.06635046 8.06321144
19.45675468 -14.44334888 -25.63978767
-1.67524183 21.53864861 10.61721230
21.40175438 -16.17535019 -22.17478752
-29.44324303 -5.19634962 -14.01078987
23.52475548 -19.87235069 -8.39978981
29.05875969 -12.23034954 -25.68178749
30.90875816 -20.38134956 -12.31478691
-14.51823997 20.49965096 11.15421104
-28.76724052 -5.97734976 -14.06978798
-6.41724253 28.70964622 -6.96678686
-33.20224380 13.69764996 -11.28378868
-24.05224037 -8.50634861 3.40421152
-15.39224052 20.91964912 10.52420998
-24.62224007 26.22064781 -9.51178932
17.13976097 18.37164879 -38.01878738
6.58075476 22.87864876 9.44721031
-2.35324335 10.03365231 18.48221397
33.52775955 -15.65934849 -21.68378830
21.78775597 22.25364876 -2.93178701
-7.91024256 -24.80035019 -0.59178692
20.30776024 2.43965006 13.58421135
-19.08624077 -8.99834919 0.27821201
23.60275841 21.54165077 -6.43878698
-14.31424141 -10.75434971 3.19221354
31.13475609 10.90365124 7.33721399
24.25975609 20.47064781 -15.36678886
0.50875628 -16.62335014 -30.85078812
-31.40324211 19.21864891 -1.27578878
-24.98924065 -9.55134869 -10.10878944
9.50975609 8.77165127 16.38421440
-13.48824120 -16.77734947 2.47021341
11.88175774 29.52264977 -3.70878744
-30.38024330 -6.60934973 -1.72378683
-6.12824106 -17.39235115 -27.65078735
30.39475822 -18.93035126 -5.66478872
-4.31724405 -6.73734999 -38.88678741
23.34876060 2.02865076 12.70021248
33.94075394 13.16565228 -14.31578636
-0.27024308 -24.41334915 -17.14478874
-27.01124001 24.92664909 -4.20878744
-29.60024071 -6.17634916 -8.32578850
14.43176079 -6.05434942 15.56120872
8.54975700 30.10465050 -2.69578695
-28.76823997 23.23864937 -4.50978613
-33.83724213 6.54965067 -16.86478996
-24.81024361 -9.50834942 -15.81078911
22.65675926 22.13664818 -9.95378685
20.43975639 3.50865030 13.54421043
-2.99224329 -15.41434956 -31.90478897
-0.20424117 -8.21434879 -38.46978760
24.02776146 -14.33834934 -24.61278725
2.24075842 -23.05834961 2.61021280
29.20575523 17.53465080 -9.52278709
-2.47224283 20.19264793 12.05221367
32.20675278 14.17064953 -16.06878853
36.79775620 -15.06534863 -3.14678717
-6.38124323 8.06764889 19.19521141
23.94576073 8.60164928 -35.59878922
36.36375809 -5.51534986 -24.34878731
-4.70524073 -25.21335030 -1.47278738
1.01775897 -17.20335007 -29.98278809
10.66676140 29.41264915 -1.84178686
5.92775488 25.49265099 6.91421366
-27.76424217 24.26365089 -3.75978613
33.43575668 14.50665188 -10.15078926
6.41075659 26.31564903 5.84621286
-14.95824242 -1.03635156 18.21220970
1.24575579 -18.37535095 -28.18878746
-13.25824165 -15.65034962 3.64121103
27.44676018 18.05864906 -16.51478767
28.84075737 17.79165077 -8.48378944
-9.30224037 -0.51735061 -42.84678650
-10.42224312 19.41864967 12.31821251
21.09575462 1.50464880 13.38621330
20.85375786 -16.57635117 -21.44778824
29.79975700 17.05964851 -6.51378775
31.29675865 -17.20434952 -20.34378815
20.13475609 23.85964775 -8.66778755
-1.91224134 16.64565086 15.65820885
-9.84724236 18.52065086 13.64221001
-6.39224100 9.72064877 19.09721184
35.77275467 -5.04935026 -24.85878754
37.63075638 -6.01234961 -23.07778740
25.69875908 -1.53934991 11.60621071
-25.52324104 25.52364922 -9.41178703
-23.09624290 -8.82635021 0.97421116
15.99175835 27.40664864 -6.84378958
4.84776068 28.67065239 1.45321131
27.92675591 18.45765114 -8.25278664
16.21175957 -19.96235085 -11.61978722
11.60375786 30.68465233 -12.43378639
22.45876122 22.28964806 -6.92978811
-16.69824028 29.07864952 -6.43778753
-33.02324295 5.42265177 -20.13978767
0.09375916 -19.45034981 -26.60578728
-26.85224342 24.31664848 -0.02578883
-33.11524200 14.78264904 -9.69978905
-27.51624107 21.90764809 -14.63278770
-11.22024345 25.46264839 2.51521158
22.25975609 9.21565151 -36.80378723
31.31275749 16.06865120 -8.66878700
25.53175926 18.77964973 -28.16178894
14.21475792 5.54265070 14.97820854
0.50875628 -18.85735130 -27.47278786
-16.25324059 20.74865150 10.85121346
-6.80724192 18.70664787 13.32021141
-9.75524330 27.57565117 -3.30378866
15.35275841 27.25364876 -20.47578812
19.98175621 22.43765068 0.89021152
-28.00124168 -6.70634985 -14.68078804
2.29475927 -10.22534847 -37.16978836
1.75975573 -16.65234947 -30.79478836
21.75375938 6.91865015 -37.11878586
-32.73724365 -1.91235101 -9.88178825
36.10075760 11.24465084 -14.13578987
2.64675665 -3.74635077 -40.82078934
-7.60524225 19.63464928 11.93621254
17.49775505 26.37064934 -24.13478851
-28.48424339 -5.99735022 -15.44678688
-31.63624191 18.19565010 -8.47278786
-0.06224289 -11.57635021 -36.07878876
-1.73724210 15.56365108 16.43620872
25.05275536 -14.21535015 -24.65378761
5.18975592 -24.55035019 -9.95378685
14.95275688 2.22764826 15.07021141
-28.60124016 23.44864845 -3.35678625
28.29875755 16.02264977 -25.83978844
18.71375847 4.32464838 13.97821236
-1.07924116 9.59564877 18.53821373
-29.95824242 21.96665001 -2.83378744
26.71975517 -2.88934851 10.76321220
5.52375555 12.60264874 16.59921074
-20.68624306 25.79364967 2.32121134
28.17075920 -14.27134991 1.33221292
-23.17224312 -8.65334988 2.03721094
23.72675896 7.50364923 -35.76878738
-30.69024086 -6.25435019 -2.46778631
-17.86724281 19.70865059 13.03621101
1.19175494 23.15464973 9.09521294
29.14775658 1.74165213 -30.52478790
2.00375891 19.32964897 13.03321266
-20.16324043 -12.37835026 -17.64178658
22.08975792 8.24764919 -36.92578888
-31.47324181 -5.14034986 -4.51478720
-33.62524414 14.43165112 -5.44278860
9.01275444 5.31764841 17.41321373
-27.87024117 24.10365105 -2.55878592
31.35675621 16.05964851 -7.87078619
-11.38224220 23.25364876 6.50721216
3.86775732 25.18364906 7.15421152
-27.80024147 -7.80134916 -9.40878868
22.79875755 3.03264856 -36.04478836
-9.29024315 23.26764870 6.38421106
15.58175468 -20.23335075 -6.26278830
29.65476036 17.19964790 -7.94678640
5.41075659 -9.23134899 20.73721123
-0.07024231 -17.11034966 -30.09878731
3.09375525 -23.04034996 2.16121149
37.06475449 -5.18435049 -23.65878868
31.19175529 8.21164989 9.26821327
32.65875626 14.04465008 -15.06178856
-15.84324074 -18.20135117 -16.22579002
2.55476141 -10.78135014 -36.74478912
-16.79324150 22.48064995 8.13121223
-29.36324120 22.66864967 -3.63378668
-0.92924345 -19.71434975 -26.18078804
17.54775810 0.28164920 14.25921440
32.61875534 14.99764919 -10.85378838
5.29375982 26.01864815 6.29421091
19.73375511 23.97664833 -6.00978613
-8.26724052 -10.87334919 -34.88378906
-1.48124158 -21.04434967 -24.01078796
26.73776054 17.73565102 -25.73578835
-15.20324135 -18.45935059 -16.94478798
-31.44624138 -5.53734922 -2.37278891
1.08075869 -19.48335075 -26.56078911
-15.91224098 -9.88434887 0.39321369
-11.11324120 27.25964928 -2.04378653
25.66975975 -3.46935034 -31.70378876
-18.58024025 -12.63834858 -22.15478897
31.11775780 -16.16634941 -21.80078888
-2.42024088 -22.53535080 5.12221384
21.25975609 -19.90335083 -9.67778969
22.19376183 22.23064995 -12.68678856
-29.32924080 -6.25534964 -9.67078972
-29.30924034 22.65764809 -4.66978598
18.01476097 2.00065088 14.17421532
21.38575554 -18.10034943 -17.61378670
23.53175926 6.17764902 -35.86978912
19.68276024 -19.17934990 -13.80378914
-2.37724161 -21.65834999 -22.78478813
-16.36524010 -14.80935001 -0.89878613
-20.94424248 -9.30334949 -27.06078911
-4.03624201 -5.81134939 -39.42578888
24.07975578 13.76064968 9.54721260
-33.08324432 16.07264900 -4.53478765
23.03775597 8.60465145 -36.27478790
-14.73224068 19.07065010 14.00221062
22.83075523 7.29165125 -36.40878677
2.03875494 -18.13535118 -28.54178810
-15.36524010 -4.83834982 11.63121223
25.12875938 2.30364847 12.10321236
7.20675421 27.81265068 3.40021372
28.72176170 16.44565010 -19.38378906
2.05875921 24.43964958 7.73021173
3.88675451 10.83265209 17.85721397
-13.20824242 -3.31334829 -40.19378662
-0.11024322 -21.91435051 8.25921059
28.52375603 -19.87434959 -13.40178871
6.31475592 13.02765179 16.07021141
-9.26324272 18.03465080 14.26820946
-30.80024147 -6.04334974 -3.25778723
17.11475945 -0.46634808 14.37221336
-1.32724226 -21.40335083 12.30121040
-10.08524132 27.04865074 -1.72678900
20.25375938 25.05864906 -26.81678772
3.37275457 -14.30734921 -33.51878738
-14.95624352 -15.46734905 9.14321327
-2.26024103 12.46164989 17.82821465
22.45776176 2.71764994 12.95621300
-9.35324287 -6.61435080 -38.14578629
20.45175743 9.40165234 -37.96678925
-12.06624031 -3.22734976 -40.53878784
19.43675804 5.33764887 13.79121208
26.44376183 -14.85134983 -23.92778778
0.95875704 13.90465069 17.10320854
21.38976097 -17.42035103 -19.46078873
25.71375847 10.60365200 -33.86378860
15.21076012 28.23464775 -7.57578802
-28.13224220 21.43564796 -13.21078682
32.13075638 -1.23034799 -27.55878830
-9.31524086 27.87164879 -4.29078817
12.94075584 11.91765118 -41.71578598
31.24575615 15.08465099 -15.83778954
2.37275457 18.30565071 13.93021202
-3.74124384 -25.72635078 -3.37878942
-32.43624115 17.43865013 -2.37878942
1.07775652 3.12365198 18.71721458
-1.68824232 4.19864893 18.61620903
-12.26524162 23.10864830 6.84121180
37.10275650 -11.98434925 -3.09278631
2.81175756 -17.85235023 -28.92478752
26.89375877 1.89164984 -32.65078735
-4.21624231 -13.17534924 -33.89478683
-16.09024239 22.85964775 7.59921122
1.70675433 -21.81234932 7.90421152
-7.71224070 18.94365120 12.94121361
29.96275902 -12.05134869 1.74121332
-13.72024345 -15.07934856 2.55921412
-17.41324043 21.19764900 10.03821373
32.83475876 14.67265224 -11.81678963
-7.33824396 23.83465004 5.71821070
22.50675774 19.37864876 4.66621256
23.02475548 -15.68035030 -22.88978767
-18.96524239 -12.97235012 -16.44378853
16.11176109 9.21264935 14.41921043
6.79076147 7.11865091 18.04321098
-34.17224121 12.47165203 -6.90778875
-30.91624260 -5.81534910 -4.02678823
-22.65124321 -10.56935024 -10.54378700
40.03975296 -1.18834817 -16.78278923
13.99175835 29.31964684 -12.02378654
-2.18224192 11.69064999 18.07921410
31.53475761 -15.65834904 -22.25078773
-14.42524147 -1.35735071 15.02421379
24.77475548 19.23064995 -22.83378792
21.56475639 2.35565042 13.23421288
-2.93124247 13.17164898 17.58521080
38.27375412 10.81465054 -9.73578835
14.81575584 -20.48234940 -9.17878914
-26.48224068 25.34964943 -3.50178671
20.87175560 10.35565090 -37.65178680
8.68375969 -17.52835083 11.82421303
26.37676048 -19.61435127 -7.09678793
3.23875952 2.80964899 18.71721458
-27.45124245 24.50765038 -4.74878836
-1.40224302 -17.07534981 -30.03078842
32.49875259 -5.05434942 7.79821253
22.76376152 9.86765194 -36.41278839
2.58476019 11.84065151 17.74321556
-3.29324198 10.24565029 18.48621178
-5.17524195 -12.33335018 -34.44978714
-18.72424126 -8.00234890 2.14121103
29.65376091 17.21164894 -8.89878654
3.84975958 -24.94535065 -5.89378881
6.80175543 25.58265114 6.76021051
-2.77924204 10.96964931 18.30521202
6.70876074 24.89164925 7.50521326
3.36076117 11.85665035 17.59421349
-14.74524117 24.42564964 5.04221201
-6.25324106 -21.69334984 7.69621134
22.87676048 22.04065132 -8.53378868
-26.51823997 -8.07934856 -15.47778893
35.66775894 -16.77734947 -3.73578787
15.64975548 -20.25835037 -7.19978857
30.82375908 16.35465050 -10.18778801
30.56575584 16.56664848 -9.03278923
27.59876060 16.84264946 -25.78878784
36.30775833 -4.54434919 -24.35778809
-27.58424187 -8.05634975 -7.87578726
-27.38924217 -7.25435019 -15.27978706
-26.23624229 24.98064995 -8.67178917
16.17976189 12.76764965 -40.16878891
-28.65624046 23.33365059 -2.27578878
-9.14624214 -2.83334875 -41.02578735
-4.63524103 15.33365154 16.59020805
-25.55824089 -8.87334919 -16.20978737
-1.68224180 -25.08135033 -1.56378698
-18.74224281 -8.63934994 0.98421329
-6.01724100 -4.16435003 -40.17278671
-22.55524254 -7.83435011 5.91721201
-3.72724390 -23.92234993 1.53521204
5.17775488 27.63564873 3.65221262
-15.83724022 17.13065147 17.99921227
-31.01924133 -6.04235029 -1.72178793
26.20876122 -14.17634869 -24.62378883
23.62775993 21.53465080 -9.59778786
22.85575676 5.05964899 -36.27878952
-31.00024223 -3.65234900 -12.33978844
-1.67624128 -20.13834953 -25.51078796
-17.84224129 -13.49834919 -18.16178894
27.15575981 -16.88935089 -21.31178856
-10.26624107 -1.37634790 -42.23578644
-5.51824045 -25.33234978 -1.79278708
0.50975955 -10.54234982 -36.91978836
-15.13524055 21.44964790 9.65821266
30.92775536 -12.99635029 -24.66378784
30.65276146 -0.70034927 10.57321358
-11.50924110 -10.98235035 -33.14578629
38.50175858 -6.24434996 2.30121088
-4.68124247 -25.72234917 -3.22678900
8.59175682 -23.16135025 -9.06678963
-19.75124168 28.90264702 -9.29378700
14.20675468 29.17465019 -10.36478996
2.86076117 -8.33234882 -38.43078613
18.07076073 1.06764853 14.14420891
-17.95624352 20.17465019 11.92721367
-26.27424049 25.50364876 -4.48978949
-11.17624092 -3.01035070 -40.86078644
0.48275909 17.45965004 14.85921288
26.70075798 -15.68435001 -22.95078850
21.03075981 23.22265053 -9.57578850
29.60575676 -5.88235044 7.84221125
-1.50624311 10.89465237 18.27421379
34.31675339 -4.75134993 -25.89578819
18.52275658 5.33164835 14.00421333
21.53875542 -8.95835018 9.55321312
-6.22124338 -12.81134892 -33.72078705
-15.72424126 22.12565041 8.65721321
17.76875877 4.95664835 14.18121147
25.80075645 20.07964897 -9.10079002
19.55075645 24.27564812 -10.75978661
31.09275627 15.44764996 -14.89478874
1.38275683 -9.77634907 -37.48978806
30.59175682 16.55864906 -7.83678579
21.31475639 22.82464790 -12.83778954
18.06775475 3.16565180 14.15820885
21.18975639 -13.29334927 -26.58578873
32.58075333 15.31064892 -7.31078863
0.27975616 -19.96335030 -25.84978867
20.92875481 5.86364985 -37.59978867
-19.38124275 20.84564781 10.27221107
-29.01424217 19.00665092 4.05221415
-1.30024183 -21.94034958 -22.33578873
13.55476189 -4.38934851 16.41121483
-27.73324013 -5.73335028 -19.74878883
-25.74324226 -8.88234997 -14.06878853
-17.05324364 21.91665077 8.94121361
-15.63324165 20.09264946 12.03821373
6.65775824 -18.36734962 14.48221397
8.62676048 -15.99034977 16.15521049
24.52776146 20.87664986 -6.02278662
-3.38224268 -23.10034943 -19.98378754
20.99375725 4.13165140 13.38021278
15.06575584 27.39364815 -3.63278723
-28.10424232 23.90064812 -4.56078863
19.60175896 24.16665077 -12.14878654
-34.35024261 7.22764826 -14.43078804
25.16776085 9.61865139 10.72521019
-3.85724115 -0.54734939 19.83621025
35.35775375 13.49664974 -8.13578987
-21.68024254 27.83364677 -6.21378851
25.85375786 18.54564857 -25.57778740
-31.37524223 20.03264809 -3.53378820
25.92475700 -13.52034855 -25.25978851
-16.53624153 23.48464775 6.66621256
5.81075811 27.08564949 4.68521357
-29.03824043 -7.53535032 -2.50878668
25.29076195 11.73264980 9.77521324
7.80775976 -14.63634968 -31.91578865
7.62676001 25.19064903 7.05821085
-27.97224236 23.71764946 -6.50878668
-27.50024223 24.33064842 -5.74978781
-16.20924187 21.37465096 9.81321144
31.48075676 -18.04635048 -19.02978897
-29.87824059 -6.86234999 -2.96678686
16.32275963 5.83764887 14.48121452
36.86475754 -5.84835005 5.70221186
-31.09024239 17.28164864 -11.57678795
-31.56224251 -5.25534964 -3.44778585
1.65175402 -10.58034992 -36.91878891
23.16475487 20.45564842 -22.21778870
-2.94424295 -5.84534979 -39.53478622
25.75975609 -12.69834995 -26.00278854
-1.64524305 -0.06334820 -42.39078903
22.20175743 -11.97134876 -27.72278786
-0.67924345 -16.50135040 -30.94878769
11.55175591 29.17165184 -2.26178885
-9.80024147 -20.04235077 5.07921076
-19.95224190 -12.36634922 -15.70278740
8.12676048 6.37665033 17.68121147
-5.61324167 18.88364983 13.19821358
17.55375481 27.70065117 -28.30078888
-15.32424355 -9.84834957 -32.01078796
5.16375494 2.57865000 18.62121391
31.93775749 15.32865047 -12.09178734
25.37676048 -19.71235085 -7.43678808
-31.53724098 14.96264935 -13.97678947
0.60375750 -7.94535017 -38.67678833
11.49275780 16.51864815 13.48321342
11.20475578 13.40265179 -42.33978653
27.95375633 16.29765129 -26.56578827
10.95976067 30.93665123 -11.09578896
23.45876122 9.49664974 -35.93978882
25.56575584 18.69164848 -24.43978882
0.96675646 -21.49934959 10.63421059
30.04475975 -19.66435051 -7.26778936
-27.08324242 -8.31834888 -9.87878990
19.79875755 10.52365017 -38.32078934
-19.87124062 26.25665092 1.56821299
-5.01524210 -25.52235031 -2.36478949
1.60475695 -2.86634970 -41.16478729
17.68875694 25.01064873 -3.17178869
-30.25824165 -2.13934851 -20.32178879
-14.51823997 26.98864937 -0.41678768
30.05776024 16.91364861 -9.80778694
21.06575584 8.22165203 -37.58678818
-2.92624140 -22.14834976 6.78921366
27.08075523 17.30064964 -26.87478828
-14.80924034 25.01864815 3.92321253
1.42075884 -20.06635094 -25.68078804
1.05375826 -1.58035028 -41.61778641
-31.46524239 2.99365091 -24.88078880
-15.61524010 19.03465080 14.32921410
-28.55124092 -6.94634962 -10.61078835
1.86276019 -18.85835075 -27.46178818
-9.78024101 17.59364891 14.95521355
-3.15024042 -22.05335045 7.64521265
31.71875572 15.66165066 -3.13478613
-12.25024223 -18.17535019 7.76921320
-7.06224298 26.83564949 -1.40178823
-22.29024315 -11.20934963 -16.84379005
-16.57824135 -2.20834875 17.56321526
-22.94424248 -8.46734905 3.01821375
30.95275688 -19.79434967 -7.46678686
-31.61824226 -2.86535025 -12.06178856
-7.20224237 27.53164864 -3.74878836
-30.21824074 -6.83435011 -0.79478604
20.26275444 23.75364876 -10.12578773
27.91975975 -19.51435089 -6.86678839
5.64475775 28.11964989 2.85421228
-2.50924158 15.69164944 16.35821342
-5.09324121 -3.80135107 -40.39778900
40.59475327 -1.38034952 -13.72178841
-27.80424309 21.09464836 -15.25578880
21.95475578 22.63664818 -8.01578712
-28.56524086 -3.94035101 -21.59678841
1.56375659 -21.68434906 8.88621330
25.52375603 -15.28734875 -23.44778824
32.23775864 -18.55735016 -18.18278885
-6.46524286 27.68865013 -4.29078817
-18.09424019 21.81564903 8.97221184
-0.82724226 2.19164896 18.77020836
-27.07824135 23.79364967 -10.64478874
-2.17424250 -22.08535004 7.22021341
-23.74824333 -8.61334896 2.53721094
31.33175468 14.70464993 -16.98078728
22.12476158 -16.60235023 -21.27178764
-5.89024210 28.31664848 -5.97978735
-4.47224283 -22.98634911 3.51621103
-3.32524347 15.21364880 16.63020897
-8.21824074 23.42465019 6.23221064
-17.68924141 23.93065071 5.96621180
-30.70824242 -3.02535009 -15.97778893
-30.65824318 -2.37135077 -18.17678833
16.69875908 4.67064905 14.43921471
-28.24824333 23.65664864 -5.38278723
25.12476158 -12.10435009 -26.67078781
-29.64824104 -3.06635046 -20.05378723
-2.90224314 -22.64335060 -20.90178871
14.08775902 -19.91534996 -1.21678686
2.86675787 -18.40735054 -28.08078766
27.19476128 -14.32934856 -24.40478897
12.38375664 -5.18334913 17.31321526
2.49575567 -20.18035126 -25.40178871
21.16475487 -15.68934917 -23.11578751
-14.23924065 -13.72634983 6.38021326
-28.26024055 2.96565104 -32.80178833
37.80175400 -1.85035074 -21.89578819
-10.87924004 -3.81635046 -40.14278793
26.01476097 18.43665123 -26.86678886
8.66175652 18.45265007 12.89121056
-0.74924314 -20.43835068 -25.08178902
-0.86924207 13.07065105 17.58021355
29.75176048 7.01365137 -29.82778740
-21.77124214 28.13265038 -10.61778831
17.15075493 5.37764978 14.30920982
25.32176018 9.68265057 -34.34778595
-14.32624245 21.05465126 10.21121025
6.20976019 27.72064781 3.62521219
24.68975639 -12.87934971 -26.06178856
-22.53524208 27.48164940 -7.00678778
30.43575859 -1.37334955 -28.94478798
23.81575584 21.32464790 -5.40478659
-6.93824244 8.76965237 19.38921165
-27.51624107 -6.26435041 -19.01378822
-2.80224085 14.10864925 17.18221092
9.55776024 -22.64735031 -11.03278923
26.75375938 -12.87734890 -25.69778824
17.63475609 4.10064936 14.24020958
18.63976097 26.95765114 -28.12378883
-31.78024101 4.96764994 -24.45678902
-4.18124247 -1.42934930 -41.80278778
-33.11424255 -3.36834860 -3.48278952
-10.76524162 -1.64235055 16.12821007
36.38475418 9.74865246 -16.32478905
4.63075781 -19.59235001 13.95821190
29.41975975 -19.38935089 -6.56078863
31.79675865 4.04165125 -27.74578857
8.71375847 -7.06935072 18.94920921
-15.35324287 -1.32135141 17.09020805
-16.18024254 19.51365089 13.37921333
-7.35124063 25.81664848 1.62621164
-15.18924141 23.85064888 6.05921412
-21.13424110 -11.86334896 -16.93278694
-24.19824028 26.62264824 -11.90378761
-4.01724100 9.85764980 18.59321404
33.34875870 14.80364895 -7.79478598
-1.18324125 12.10164928 17.91421318
21.03575706 4.88765192 13.36321068
-4.26724100 -4.19135046 -40.21978760
12.06175804 5.37964869 15.77821159
24.57775688 19.67664909 -28.62378883
-21.71124077 -11.56235027 -17.64478874
-16.07724190 27.66164970 -1.87978888
17.03575706 20.40064812 -37.06378937
-4.56024408 -11.53434849 -35.31778717
21.49175835 3.33965158 13.23621178
14.90575981 -5.19535017 15.30321312
-20.37024117 18.77865028 14.68021202
32.65075302 -1.12135065 10.43221092
26.53875542 -18.91234970 -4.91678762
2.55175543 -25.44935036 -8.78278923
-6.48024225 -21.77434921 6.59821177
-4.47024393 -25.38735008 -15.27678871
-4.82424402 -24.05534935 -18.09578896
24.17976189 19.67465019 -22.07178879
-12.61124229 15.16765118 19.24120903
-21.91724205 -11.36435032 -15.73678780
-2.98424387 -23.55635071 2.39721155
18.23676109 10.03864956 -39.20378876
-17.93524361 19.24165154 14.18520927
19.66375542 9.56465054 -38.44978714
20.11575890 23.52165031 -15.14878654
-0.95524061 1.04065192 -42.80178833
-29.58224297 -6.91534948 -4.32078695
-32.79324341 16.98164940 -5.20278692
21.06675529 -18.77435112 -15.36178780
-16.20024300 -10.73834896 -1.15478659
-10.37124062 0.35764942 -43.47978973
30.11675835 16.22165108 -15.17678642
3.00475836 -19.02034950 -27.13978767
29.74575615 -16.68835068 -21.40178871
-9.63424110 -7.94135046 -37.01078796
4.71775579 26.35864830 5.78321314
13.07975578 29.47064781 -15.15878868
-7.75824213 -22.81035042 -19.04778862
7.09876013 -13.57034969 -33.50178909
15.26476097 28.13265038 -12.75978661
1.45275652 -22.34535027 -21.30478859
-32.17024231 18.49865150 -4.39078665
35.10875320 -18.91234970 -5.37478781
-1.85924375 13.36165142 17.47921562
0.99275744 -6.38134909 -39.61078644
-15.66924095 24.74064827 4.52621317
19.30875969 26.35864830 -28.35678864
23.33376122 -16.22434998 -21.99478722
-24.90023994 -9.57534885 -11.26578712
-13.64424324 0.69964844 -43.25678635
30.87476158 3.92864847 10.72921181
0.20975648 -6.23235083 -39.66878891
-16.93724251 19.91665077 12.53321266
37.87675858 2.72664881 -19.58478737
24.59475517 -13.59334850 -25.35778809
16.94175529 2.49064875 14.45221519
-29.58624077 -4.06334829 -17.36878777
15.01476097 29.13364983 -28.03578758
-0.84224164 15.79065228 16.26221275
-9.36024284 -3.76735067 -40.28678894
-0.73024213 11.27564907 18.16021538
-31.19024277 13.38965130 -17.28378868
-28.48524284 -7.15735006 -9.55878639
-9.16824150 -1.50534952 -42.09578705
-5.11224222 -2.89035177 -40.92678833
-7.47124338 -1.51735055 -41.96278763
13.15875816 25.28164864 3.77721262
-5.72024393 -25.88434982 -12.86678886
19.80875969 -19.80235100 -7.38478613
31.71475792 15.73565197 -9.92978859
-24.26324272 26.71465111 -4.59678793
12.56275749 -21.35634995 -9.83778954
21.67275810 -17.73134995 -18.64778900
26.47276115 -19.28935051 -5.99578619
-18.01924324 18.76965141 15.33920860
27.41975975 -17.61535072 -19.88078880
1.64575732 -7.49035025 -38.97278595
16.82076073 3.56165171 14.45821190
-20.23724174 -11.98334980 -21.21078873
17.69075584 6.20065165 14.17921257
29.99575615 14.47564983 3.54621363
21.83376122 21.68665123 -19.43978882
-2.04624414 -22.36134911 -21.48978806
34.46375656 4.30264902 -24.28478813
10.77275658 -8.54734898 18.02121544
-5.14124155 6.59065104 18.76820946
13.80375481 29.51164818 -9.22178841
-13.40224266 -16.00735092 2.82521296
-23.76524162 -10.23935032 -14.20678902
-24.80824089 -9.55134869 -14.50178719
-4.42724085 21.74165154 9.65821266
4.07675695 -8.18035030 -38.44778824
-11.77324104 -5.00534964 -38.91078949
23.18076134 -18.89635086 -4.19978857
17.52475548 8.83864880 14.17621422
21.01376152 24.14064980 -28.51178741
-16.88824272 -14.06634998 -18.23478889
-6.04224253 -3.24234915 -40.71078873
25.26275444 -19.50735092 -6.59078741
-3.84924173 14.09564877 17.22820854
-28.89024162 -4.77634954 -18.00178909
-2.72824335 -22.84535027 4.16521311
-14.32324028 -0.86034912 17.16921043
-19.58824348 25.72265053 2.63821268
1.33675921 -21.35434914 -23.43478775
-17.09624290 24.34564781 5.32421350
-29.19824028 -3.27134848 -21.13278770
-3.51424265 -24.97434998 -0.94078594
-5.90124369 10.86265087 18.77521324
-30.02124214 -3.79435110 -16.43778801
-12.43624306 -8.32434940 -35.53778839
-5.82124186 3.32065058 17.55521202
11.66175652 -4.93934965 17.78021049
20.81775475 -17.73235130 -18.69578743
-24.94524193 26.35764885 -3.79278708
-25.77124214 25.87565041 -3.99478674
2.80275488 -5.89834929 -39.86578751
15.44075584 -20.20034981 -5.34978628
14.33075523 -4.36934805 15.79921532
20.60875511 7.11165094 -37.85078812
16.83175468 10.55264950 -39.90678787
21.06475639 22.55164909 -17.35079002
23.71775627 20.05364799 -21.12678909
-2.13624048 -24.86734962 -0.83678585
-3.41824198 -24.25835037 0.81821293
-31.21424103 5.28465128 -26.71678734
-30.30824089 -6.39034986 -3.90978765
-26.20024300 -8.23834896 -16.72378731
20.88275719 -18.45835114 -16.47378731
20.27375603 23.12264824 -2.75378942
18.85675621 6.11564875 13.92021370
11.84676170 30.69965172 -10.79078865
-27.13824272 -8.33234882 -8.76278877
32.88975906 2.64665079 -26.64178848
0.22775804 -5.51735067 -40.02978897
-1.02024305 13.95265102 17.24220848
20.43875694 -19.82234955 -10.52278709
7.55975866 30.70464897 -5.94278860
37.85375595 4.90064859 -18.47178841
19.92075920 23.72464943 -5.01978827
-13.96424294 -12.55134869 3.20821238
-33.75824356 -0.35035077 -8.92478752
14.36975670 -3.06934881 15.80621147
13.70275688 29.55865288 -8.26278877
15.20375633 -20.38535118 -8.08678627
25.51875877 -18.25135040 -17.77178764
13.69576073 28.60065269 -20.14978790
-5.36624384 -24.47335052 -17.21778679
30.62175560 0.79464966 -29.04078865
-1.02924192 -15.90734959 -31.70378876
-7.39924097 0.39164981 -43.31878662
19.96275902 8.40965176 -38.26678848
24.07775688 2.85164881 12.43021202
29.46775627 17.06865120 -13.32478905
-31.99324226 18.81165123 -5.23978949
-0.27324143 12.54564953 17.74521446
-18.08924294 18.30264854 16.34221458
-4.98324060 23.72064781 6.54221201
-0.87224042 -21.47635078 -23.24378777
-23.21124077 -10.23134899 -8.51678658
22.03575706 4.51864862 13.04521370
-11.07724190 1.53365195 18.74120903
-15.73224068 28.66164970 -4.76578665
11.90476036 4.35565042 16.04820824
-9.39124107 -20.32835007 5.69321299
15.80975914 -19.99934959 -4.52278662
-15.94824028 -17.39435005 -16.18778801
13.07575798 0.91964966 16.09421349
16.14175987 11.65064907 -40.26378632
30.91876030 16.34964943 -6.90578604
-2.94924402 -23.62235069 -18.99278831
-0.32524338 10.55964947 18.33321190
2.10675573 1.97764838 18.80821037
0.62075961 -20.50734901 -24.99778748
31.15775871 -1.00634897 -28.40378761
31.44676018 11.88664913 6.26521158
-9.12224007 27.14465141 -2.21478796
30.73475456 -16.61334991 -21.30378723
29.66375542 -4.21434927 9.18221092
35.20975876 12.95365047 -11.31778908
22.88075829 -10.51035023 -28.87878799
-29.57624245 -7.25834990 -1.52278662
-16.85124016 19.02665138 14.62821007
25.08775902 19.31165123 -26.40778732
20.25775719 20.56965065 5.14121103
-28.83524132 -7.75134993 -1.71078634
-4.95024347 14.38564968 17.18021202
-7.65124369 -25.60734940 -13.55378914
20.82275963 19.16264915 7.13421106
-4.26124048 -24.31934929 0.64221042
-30.49124336 21.34364891 -3.22578955
-27.42424202 -8.42934895 -1.46678686
-30.48624229 21.16464806 -2.13378668
-3.71824121 -24.57534981 0.08621068
-8.85224342 -20.86935043 5.01621103
28.27976036 5.55465174 10.78221321
19.12175560 10.09265041 -38.74878693
-2.07424402 14.69864941 16.90421104
3.03175879 8.75265026 18.50620842
-16.22324181 24.21964836 5.49521112
-26.87224007 -8.59534931 -2.87078619
24.08276176 9.69365215 -35.43278885
5.65875769 -11.56235027 20.34321404
31.79475975 15.79765224 -7.20878744
-4.18824244 -3.43335104 -40.62678909
-29.28524208 1.10864890 -28.93678856
26.20776176 -16.49135017 -21.82578850
29.59976006 0.24965152 10.86921120
-14.97724342 -14.01834965 -23.48178864
0.37575683 -6.92934942 -39.27878952
12.83276176 15.77365017 -41.46878815
-14.37224007 -13.76735020 -25.37978745
27.22575951 -19.89435005 -12.18878746
8.59075737 -13.20434856 18.15421104
1.98375475 -0.62534851 19.44521141
-5.97924280 -25.62335014 -2.84878683
19.03375816 -18.80035019 -15.40778923
19.45475578 26.09065056 -29.44178772
-27.43324089 -8.20135021 -6.93478918
-34.86624146 9.65764904 -9.20878792
-19.05624199 26.73665047 0.61621326
32.07075882 -5.66435003 7.22921228
-28.72924232 -7.60135031 -3.72578955
-24.36024284 26.42965126 -8.37378883
5.22075415 0.64665085 -41.89878845
-1.24224317 -24.23834991 -17.69478798
-8.94124031 24.80064964 3.73121119
-27.80924034 -8.33034992 -0.40378720
30.78575706 -20.29434967 -13.11578941
-2.06924295 -24.27734947 -17.66378975
22.69975853 20.93264961 -23.21778870
30.53675652 -18.32435036 -18.54578781
5.52075720 -18.76535034 15.53420830
-13.74524117 24.80264854 4.23421335
9.24175835 19.29265022 12.19421196
-12.19924355 -4.13334799 -39.62678909
5.39075994 26.57164955 5.51621103
-18.65524101 25.59364891 2.94421244
10.39875603 -11.62934971 -34.08678818
-17.97224236 25.11765099 3.87121058
-26.80024147 -8.59134960 -7.64878607
-27.39924049 -5.16435003 -22.32278824
1.74075854 -25.64934921 -8.56678963
-18.74624062 26.14364815 1.84121180
-16.78824043 24.78764915 4.48821115
16.58276176 7.11564875 14.40121269
11.21475792 -15.18334866 12.05221367
-26.52024269 -8.35134983 -13.09678841
-10.99324226 -4.73235083 -39.31978607
16.57675743 0.18665180 14.55021477
18.64675713 7.23264933 -38.94878769
22.39975548 -17.49735069 -19.25878906
20.10575676 25.25264931 -29.42978859
11.89875603 17.52364922 12.93421364
-19.36224174 17.93364906 16.83321190
-2.05424356 -22.26334953 6.17521143
33.75475693 -16.92934990 -3.86078787
31.59075737 -19.58535004 -6.89778662
-2.03124094 3.14765024 18.58221245
10.72276115 30.38265038 -19.33778763
19.88375664 25.71565056 -28.53178787
0.67875826 -2.35534811 20.92421532
-35.00024414 8.46164989 -5.52978659
-21.49724007 -9.54234982 -1.93978643
-20.40023994 23.14164925 6.58121347
-8.03124046 -21.05534935 7.53721094
-14.53324318 -11.80034924 6.51621103
7.16475439 31.24564934 -17.05478859
-24.44124031 -9.81134892 -13.43378639
25.57275963 -15.89134884 -22.66478729
1.70275652 -20.59135056 -24.81978798
-0.14824142 -23.56735039 -19.03878784
-33.17824173 6.22064829 -19.45178795
34.48175430 -7.51135015 1.56521082
9.61675835 -7.09234953 18.63521385
-23.19424248 27.39364815 -12.02878761
15.65975761 -0.03835049 14.92220879
19.84676170 25.70664787 -27.54078865
-15.96224022 25.31764793 3.39921045
-19.83124352 -8.76934910 -29.53078842
-4.16224146 -23.65335083 -18.88078880
6.47176123 28.27664757 2.62121058
-4.90224314 -0.55735153 19.31220818
25.62975883 -18.65135002 -4.04478598
-0.16024245 -20.97335052 -24.19378853
33.36975479 -4.72935057 7.96821070
26.01975822 -18.35235023 -3.37578726
7.81475592 -17.63134956 14.16021538
-1.00624311 14.88965130 16.81020927
33.94775772 -17.65035057 -19.44478798
-3.07124186 -1.85835016 -41.52978897
13.00975609 -4.71635008 16.83321190
11.63375664 9.20365047 -41.89978790
21.07176018 23.20965004 -8.19078636
28.27876091 -16.77235031 -1.47278738
16.12676048 8.59564877 -40.17478943
-28.55324364 23.02165031 -6.78878927
17.08775902 8.03065014 -39.71678925
33.71475601 5.28365183 -24.95578766
14.21275902 13.25965023 -41.13778687
7.15975714 -9.36534977 19.62021446
9.26175499 13.90465069 14.72620964
1.38675463 3.87764978 -43.34178925
21.95976067 -17.12734985 -20.13778877
28.87476158 -20.01835060 -12.12478828
-13.42324257 -0.74134964 15.53621483
15.32775688 16.08265114 -40.04878616
17.20375633 -19.69334984 -4.74478674
-17.85924339 25.73665047 2.63721323
0.45775756 -22.84934998 -20.40878868
8.11076164 28.67165184 1.59621286
25.30476189 -18.93135071 -4.76578665
-1.52724302 -14.60634899 -33.08878708
32.75475693 -15.19834995 -22.34778786
-32.59824371 4.52065134 -21.57578850
-17.21724129 18.56464958 15.76221275
-16.05024147 18.01764870 16.63221550
24.91975975 10.72664928 -34.59678650
-16.77124214 -9.01934910 -32.16678619
-15.72624016 -13.92834949 -22.30878830
-0.79524076 -22.31534958 -21.58478737
4.69875860 -12.09035015 -35.51978683
17.65476036 -18.47134972 -17.33378792
-16.61224174 17.66164970 17.35821342
-17.06624031 25.37264824 3.34021235
32.13675308 -20.33735085 -14.30178642
-11.91024208 -19.14735031 3.14321375
2.02575445 -20.05235100 16.69721031
-34.17324448 7.35664988 -15.36778831
-18.19724083 26.54765129 0.99521106
0.05075607 11.58965206 18.03621483
-34.71024323 7.13065195 -12.56478691
0.99775851 -20.96434975 -24.20378876
-7.57824183 12.38265133 18.75321007
-13.33024025 25.65365028 2.45521402
-25.33324242 -9.22834873 -13.23778725
19.07375908 9.17064953 -38.77878952
-16.07724190 18.50065041 15.63821220
-26.11624336 -8.96134853 -9.46879005
1.30576098 -5.67234945 -39.99478912
-1.03224409 -22.03635025 7.55021143
29.58476067 -13.35534954 -24.79078865
2.01875830 -5.32134962 -40.16878891
14.67275810 -0.09935132 15.41021538
-33.91424179 13.49365139 -7.41878653
-2.06124353 -22.93734932 -20.35678864
-14.93224144 25.56664848 2.82721186
7.78075933 24.42365074 7.81421137
0.50075686 -25.74835014 -11.41678810
-1.47224271 -22.14335060 6.76821375
-10.10824013 24.77364922 3.83621073
7.53875494 -23.60535049 -9.01178932
-32.74124146 5.51365137 -21.22078896
2.69875860 -7.33234930 -39.07078934
11.67375755 -8.53234959 17.43021202
8.88775444 23.97265053 8.00821114
23.32975578 -17.41335106 -19.52978897
2.12875891 -6.43435049 -39.59278870
7.17375708 29.64764977 -0.50578839
8.01975822 30.02464867 -1.97078848
20.16375542 -17.00835037 -20.59278870
-2.55424356 -23.98534966 1.42621088
34.05575943 -18.70835114 -5.40578604
18.57975578 20.04865074 7.64021158
12.26975822 30.44965172 -11.85079002
17.76875877 7.40265131 -39.38078690
-2.31124353 -23.40234947 -19.43478775
-14.54324150 -10.18234921 -32.09478760
31.17976189 15.25765133 0.19121404
13.12275505 -20.93734932 -11.53978920
-14.51823997 -6.17035055 -36.90678787
-27.67724037 -8.22235012 -3.81678915
-8.05424309 8.77464962 19.96520805
-12.90424156 25.13564873 3.46421289
-13.96924019 25.31664848 3.24621058
11.01275444 -5.45935011 18.09821129
-1.38624036 -22.50934982 5.23321390
-2.99524164 -24.04235077 -18.16778755
19.02075768 5.89565134 -38.68378830
27.63976097 -14.98235035 -23.70578766
-23.70424080 -9.93634892 -19.21878815
18.22675896 8.49265194 -39.19678879
6.57275915 3.55164957 18.44021416
-15.77024269 25.85164833 2.29421091
24.16975975 8.85665035 11.52321053
10.80576134 -3.89835119 18.14721489
-9.53624153 24.34964943 4.59121180
15.11575890 12.22165203 -40.76278687
-31.69224167 5.79865122 -24.65778732
17.23676109 9.21665096 -39.69278717
13.54076195 16.34364891 13.34521294
14.52575493 -20.60235023 -7.09378958
14.25375938 29.05264854 -7.25978613
37.71075821 -6.35934973 2.90821314
9.55175591 1.48164999 17.81921196
1.85375750 -21.01235008 -24.05678749
37.08075333 12.52065182 -7.49178839
-8.94724083 21.86464882 8.52521324
-4.08424234 -24.25435066 -17.75378990
29.58276176 -18.29034996 -18.55378723
33.15775681 -19.08835030 -5.96378851
12.43176079 16.54464912 13.39321327
-3.54224253 30.42864799 -11.35978889
10.25775719 -6.20034933 18.40321159
-33.55024338 7.27665186 -17.75778770
-1.74424207 -25.60235023 -13.99378777
3.04276037 -6.65834951 -39.44978714
13.69476128 6.41765070 -40.93178940
-20.19624138 27.30864906 -0.88978726
-7.07324076 11.39065075 18.97221184
12.12476158 -4.00335073 17.44321251
-10.62124062 26.80164909 -0.92878872
5.67675543 -24.38035011 -8.82878685
12.93176079 17.98565102 12.47621346
-1.94824064 -23.62534904 2.25221109
-17.01424217 18.15865135 16.55621147
22.47176170 -18.38735008 -2.43478918
-3.34724283 -23.14735031 3.31621408
-21.50824165 -8.42035007 -28.09078789
11.28175926 30.85365105 -9.75978661
14.93775749 18.27665138 11.68821144
33.70875931 14.75565243 -5.05278921
24.30375481 20.94864845 -11.67378807
33.30175400 14.92164898 -6.40778875
-7.43724298 -14.32334995 -31.43878746
25.46076012 -18.62135124 -16.68878746
18.81375694 20.56064796 6.68621302
-1.89424360 -23.85535049 -18.52878761
10.02575493 18.65165138 12.47821236
-32.65424347 -2.93834829 -7.40978765
-10.51024055 16.83664894 16.22121239
-10.24024010 -19.59535027 5.78321314
0.62275851 1.77865088 18.86021233
-14.17424202 -11.37835026 4.36921167
6.77575445 28.82064629 1.48721170
6.56375647 -24.00734901 -9.82778740
-30.31724358 7.99365091 -27.55478859
-0.45424119 16.63965034 15.62721062
15.28375816 10.77965069 -40.67478943
12.83875847 17.20165062 13.02021217
16.83775902 6.92465067 -39.77378845
12.50475883 30.39964867 -11.07278633
-1.57624280 -1.24735010 20.64420891
-24.66824150 -9.68334866 -12.40078926
-14.19624138 25.75765038 2.36321115
-11.11824226 -19.84934998 3.21721125
35.31475449 -4.20134878 -25.16178894
-14.96824074 26.12864876 1.64421320
37.94375992 8.39465237 -15.17178917
-3.53424311 -3.93034887 -40.40378952
-10.91424370 27.67564964 -3.23378897
-19.86224174 24.49064827 4.77621317
-26.41224098 -8.79734898 -5.03278875
-7.44724131 9.51965237 19.54421043
-0.90524137 -23.08435059 3.51021051
-3.47724390 30.76164818 -12.51378822
24.35375786 -19.49135017 -13.29478645
-7.92224360 29.94865227 -9.78378868
11.99175835 -21.31934929 -3.61078787
-7.91224146 -25.94235039 -11.01278877
15.37375450 18.83064842 10.93921089
10.47875786 30.99964714 -9.03578758
-16.10724068 26.25765038 1.46521235
-26.07324028 -9.01534939 -8.37978935
12.39175987 25.26365089 4.47821283
27.55375481 -19.40834999 -15.02678871
29.11176109 -19.03935051 -5.66078711
-22.52523994 27.29464912 -2.87378836
-0.68324125 -23.91634941 -18.34678841
-16.84024239 25.91464806 2.22221231
-1.94524229 1.82565176 18.77020836
-28.16924095 -7.64034986 -7.30778646
13.57875633 -20.43035126 -13.57378960
16.04076195 0.86265045 14.73321342
30.13775444 -17.81735039 -19.49578857
18.68875694 7.35164881 13.94621086
30.03175926 -20.20734978 -11.42178917
20.41975975 -17.89834976 -0.31578594
6.63976049 -23.98435020 -8.69578743
23.11176109 8.72465038 12.15521049
12.53275871 3.76664972 -40.86878586
36.43775558 -12.90134907 -3.05978918
1.77475512 -4.20335150 -40.66078949
-6.39124155 7.06865168 19.13221550
-9.45124245 25.50464821 2.23621225
-13.28524208 -1.75834787 17.99020958
-4.53324366 -22.19635010 6.37121058
-5.35224390 26.63464928 -0.15878825
32.33275986 15.49265194 -6.47478628
5.97575903 -24.22434998 -10.75378990
21.81775475 -18.62935066 -2.95078802
1.56475604 -25.67734909 -7.76378775
-33.67424393 12.01265240 -12.33878899
0.85375750 -23.29235077 -19.43678856
-27.99124336 -7.85135031 -6.40978765
-0.85224378 -23.48834991 2.45721292
27.90875816 17.52665138 -0.68778759
14.13976097 -2.13234854 15.93520927
26.94875908 2.91565180 11.54721260
27.25575829 1.95464957 11.49021339
18.25275993 27.13965034 -27.38178825
-0.56724393 -22.29134941 6.07221079
13.32775688 -3.39735174 16.55821037
-9.25424004 -1.27435052 18.12521172
39.02675247 5.25065088 -15.85878944
10.42976189 31.06265068 -9.81078911
37.57375717 -6.38734961 1.90521097
-30.98124123 20.59765053 -2.86278677
-0.57824171 -1.31234872 20.45321465
13.63876152 18.58764839 11.79521370
-9.68424034 25.17365074 2.99421167
21.64375877 22.84864998 -29.65178871
-1.19824064 -0.64835113 20.00821495
20.52175713 5.59264994 13.50521278
16.00875664 20.76664925 8.26821327
32.77175522 -19.52334976 -16.53478813
-17.03724098 -2.64835119 16.43021202
-3.02724314 3.41065073 18.42621422
14.00875664 3.11065149 15.32420921
-2.65124369 -25.24135017 -1.83978796
-5.13324213 -8.51834965 -37.62978745
14.49675560 8.04365063 14.73021507
15.89475822 20.44365120 -37.90478897
6.33675909 -10.73734951 20.02921104
-3.78424311 -16.56534958 -30.18978882
31.91275597 -19.09634972 -17.15978813
17.74075890 25.53064919 -16.97978783
9.89475822 -22.32135010 -4.53878927
2.49075842 8.20365047 18.63221550
5.19075537 -2.58035040 -40.92678833
15.21675682 28.89565086 -26.68478775
16.10675621 20.09165001 9.08921242
4.42275763 -4.24035025 20.23321342
7.98875952 -6.37734938 19.18420982
13.22176170 29.93064690 -9.90578651
-4.47424173 2.05264902 17.86520958
38.86275864 4.51664972 -16.66278648
40.24475479 2.64364862 -13.90178871
-29.74724007 21.39665031 -7.43278646
8.50675774 4.22764826 -41.94678879
-8.95024300 -20.66135025 9.16721153
-34.73324203 10.31265163 -7.96578741
36.41175461 -6.68334913 1.59221125
-0.12524261 -4.55235052 -40.45778656
26.37375450 18.87264824 -1.73878622
13.24175835 -21.11434937 -7.20678854
34.74975967 12.56664944 -14.01678658
-0.42824402 -22.73035049 4.47221231
7.23275518 -23.71335030 -7.79678869
11.39575768 -6.72834921 17.84221458
12.95776176 9.35264874 14.89021111
-26.45524025 -8.78534985 -6.43678808
7.55576086 16.40664864 14.15121269
21.14775658 10.81865215 12.61921120
22.50076103 21.33764839 -24.34878731
18.94476128 26.30565071 -30.46078873
-33.23224258 12.30165005 -13.31178856
-2.85624170 2.49564981 18.48121452
-14.05724144 -9.60634899 -33.23078537
-5.90624094 29.68865013 -9.37378883
24.00176048 19.89665031 -29.66878891
4.94275427 -24.66435051 -7.74578619
-34.55824280 10.59865093 -6.04978704
1.64675677 -25.60135078 -6.86678839
-31.79124260 -2.90535116 -11.12278938
34.00075912 13.67164898 -12.22778893
-1.78724134 -9.23235035 -37.63178635
8.74875450 30.78265190 -6.54078817
15.37975883 5.05065012 14.73321342
-21.27824211 -11.02234936 -10.17178917
5.76975775 6.25264978 -42.84578705
-13.90224266 27.74065208 -2.54878759
32.34075546 15.41965008 -3.64378881
28.84976006 -17.03334999 -21.01178741
-14.28724098 -20.41035080 -17.03678703
16.74875450 21.53964806 6.75321054
0.47875747 -22.01535034 7.30321360
6.53375769 -22.87935066 -0.55378872
12.94376183 15.72465038 13.68321037
-24.05124092 -7.77034903 6.88321161
-13.47224236 -15.22434902 5.47121286
-6.56124353 20.76064873 10.45921135
-5.08124399 9.84364986 18.74921227
33.23475266 13.35565090 -15.70478630
18.63575554 -19.77635002 -6.72178793
29.69275475 -12.84534931 1.36721277
18.76576042 24.88865089 -11.34078789
-10.78124046 -22.54834938 1.44421244
-8.25724220 -1.15535104 -42.30578613
28.83476067 -6.49834967 7.59921122
13.06675529 19.50765038 11.00121117
-13.04424095 20.78964806 10.48121071
-4.30624247 19.33164787 12.81421089
8.77776146 30.42664909 -4.72278738
8.87775993 -12.19034863 18.25420952
33.65075302 -19.99635124 -15.90778923
36.05975723 -1.55634820 -23.99478722
4.95976019 -19.97235107 11.47421074
-8.52024269 10.00265026 20.04121208
-9.26424217 -17.89134979 -23.87278748
23.22775841 6.80864954 12.45621300
9.09275627 -22.91435051 -10.20178795
-28.20324135 -3.93435049 -22.71978760
-26.80024147 23.90064812 -11.80078697
33.07275772 -17.73134995 -19.40478897
-7.62624216 -21.15834999 8.35121346
-9.64524269 -20.13635063 6.48621225
24.10075951 -19.05735016 -4.92478704
9.27175713 -22.66835022 -5.30578756
12.95776176 14.76864910 13.98521233
-32.13224411 6.98464823 -22.64178848
20.02075768 23.68264961 -14.12078667
36.67875290 -16.32135010 -3.38378668
21.36176109 -7.00234938 -32.35978699
40.71975327 4.48065042 -12.25078773
-18.37624168 -12.93334866 -21.10678864
-5.31924295 -7.78135061 -38.10578918
29.29875755 7.82065058 -30.25578880
12.30275536 10.97064877 14.79820824
28.94075584 7.68665171 9.90421104
35.27275467 -7.04434919 1.85821390
28.55075645 17.67265129 -3.85678625
-35.04524231 7.74064875 -10.69278908
-0.47324219 -8.98434925 -37.94678879
6.24675512 29.33565331 0.16721196
-18.77224159 -4.39035177 14.08021355
-31.15724182 19.75864983 -6.68478918
23.37975883 21.12864876 -14.95078850
-14.41824150 -12.77534962 6.41021204
-12.89624214 22.22865105 8.24721336
32.61775589 3.78665018 -26.80778885
15.88976097 27.44764900 -13.74278831
-5.85624170 -24.97934914 -16.13278770
31.32275963 -2.28434896 -28.14278793
40.48975754 0.15664920 -12.64578819
31.22176170 4.75964975 -28.35378838
-7.79524088 -25.84634972 -12.15578651
9.04775810 -5.88434935 18.81521416
19.47176170 24.28465080 -7.21378851
1.34075701 9.31064892 18.54221153
7.73576117 23.10064888 9.09621239
21.74575615 22.70765114 -10.43678856
-1.77724302 -2.11335135 -41.40878677
23.48175621 20.92564964 -15.82178688
-9.25924110 -24.23634911 0.08621068
34.20875931 14.34165096 -7.03178930
19.84976006 11.60764980 13.01021004
9.71575737 6.35064936 -41.96578979
23.38075829 20.47464943 -24.23978806
25.01275444 6.34865046 11.74521065
38.74075699 3.78864908 -17.31878853
-25.87324333 24.93065071 -12.49878883
20.96575737 22.71764946 -16.28678703
23.04276085 20.60664940 -20.42478752
25.18076134 19.22165108 -19.25478745
-18.40324211 -3.77235174 14.73421288
9.64575768 31.12464714 -9.12778664
25.05275536 19.46964836 -18.22778893
-3.35524225 -16.05134964 -31.02278900
2.90575933 -11.38134861 -36.25778580
-3.31924295 -0.78035110 -42.13678741
11.88375664 13.60864925 14.38120842
34.52075577 -19.54335022 -6.28778601
-2.71824121 4.21264887 18.53621483
31.20776176 16.00464821 -11.22778893
31.76275444 -14.81134892 -22.99478722
0.33975753 22.65165138 9.57721138
-3.89424372 -12.34234905 -34.75078583
33.18175888 -1.98135126 -26.68178749
-5.00924158 -25.81735039 -13.55378914
24.05975914 6.87964869 12.06821251
39.13175583 2.70664835 -16.93478966
21.60975456 -16.02334976 2.74621058
3.92575598 -25.03235054 -7.74578619
-1.35324323 0.04865131 19.53120995
20.57775688 -19.40735054 -5.34078741
22.48075676 21.91964912 -13.66378975
-14.12424278 22.94264793 7.33521128
7.87975836 30.90565300 -6.85478735
3.57575750 -20.10935020 13.72421074
27.94275475 8.39465237 9.93921089
0.24675904 -25.71534920 -5.60378790
-0.90624082 -21.56934929 11.26821327
30.66475487 15.65465069 -15.60878944
37.14075851 -8.37934971 -23.30778885
24.58476067 7.56465006 11.65821266
31.99475670 -16.97335052 -3.51778936
18.40575981 19.08564949 9.03521156
21.54875755 9.38265133 12.78221321
-18.53324318 -13.08234882 -19.08978844
12.01675987 14.51465130 14.13821220
10.98676109 17.31365013 13.15721321
-0.71224058 -25.76235008 -5.10678625
-32.39924240 16.90764809 -8.29878807
6.94576025 5.13965082 18.27020836
33.36875534 -20.45534897 -14.71978951
27.07775688 19.09665108 -8.22678947
-10.08524132 -4.52234983 -39.63278580
24.87875938 -13.04934978 4.52421045
28.24275780 1.71765006 11.24521065
24.03875542 -8.43435001 8.54521370
3.54575872 1.29165137 18.83021355
-33.14824295 7.82065058 -18.86678886
4.29775763 25.84264946 6.42721415
-4.64324045 5.44764948 18.52020836
35.80975723 12.55565166 -11.01078987
-11.99124336 -1.66235101 17.80621147
27.30275536 18.36065102 -15.40378761
11.56475639 -2.94334936 17.70321465
29.27375603 -19.06635094 -16.62378883
-0.17424239 1.02464926 19.05920982
27.88275719 -19.09634972 -5.61278677
15.57875633 22.88165092 5.60221338
10.25076103 -0.95634979 18.02821159
-25.25424004 25.79965019 -8.49778938
-34.91624451 1.29265082 -5.84978628
-8.01424217 -3.01735067 -40.86478806
22.28675652 8.68665218 12.59221077
35.49975967 -7.21434927 0.78321308
35.12475967 -5.16234922 -25.33378792
30.40276146 -0.29634991 -29.12378883
24.21575737 -12.49434948 -26.54878807
34.00775528 -16.28935051 -20.92178726
-17.18524361 28.11765099 -3.15478659
25.45075798 20.21264839 -6.24978781
-9.46224022 21.26465034 9.39821053
18.48175621 -19.61235046 -5.47978735
28.15975761 -17.89235115 -19.34078789
21.40476036 19.26265144 6.36921167
24.79076195 -15.63134861 -22.97978783
19.56575584 25.60365105 -30.50178909
12.81275749 3.43765116 15.77221489
11.10275841 -1.03534830 17.64721489
22.44275475 18.72464943 6.09021235
-28.79724312 23.02464867 -5.68378592
-7.85324335 -18.04635048 -25.11478806
-29.99224281 21.91964912 -4.18878698
13.67575645 -20.87034988 -5.89978933
0.35475692 16.64364815 15.56821251
-16.82724190 27.00364876 -0.09978633
-0.80624235 -21.06834984 14.10621452
-33.44724274 13.80765057 -10.23778725
-32.23024368 17.93865013 -6.65178823
-10.94024086 20.32964897 10.92021370
-22.58424187 -10.31134892 -21.39978790
-11.61324120 -1.74735010 16.91021538
-8.46824074 -18.08335114 -24.45878792
40.84075546 3.11665201 -12.18378639
21.37576103 11.45464993 -37.17978668
-16.75724220 -13.55235004 -21.63578796
12.65975761 4.55264902 15.64320946
-14.64524269 17.12264824 17.65820885
8.60375786 -4.35234976 18.86720848
-33.45224380 14.55065060 -8.66978645
14.25375938 19.01265144 11.17621040
-22.30624199 -8.60534954 1.95721292
-11.45224190 23.85864830 5.56221247
22.17976189 6.77965021 12.89821053
12.82975578 -9.42035007 16.08621025
31.74575615 -19.11135101 -6.06178808
-6.08724070 6.20365000 18.83321190
25.27275658 -19.72935104 -12.48778725
-8.80724144 26.38464928 -0.04778819
-27.19424248 3.41065073 -34.39578629
32.43975449 -19.99435043 -15.44378853
-10.95624352 26.14064980 0.86121219
22.87375450 -7.11334944 10.05821037
30.91175652 -17.59334946 -3.78878927
25.78975487 -1.29034936 -32.59178543
0.24475633 9.56064892 18.53721428
-4.16724253 10.82264996 18.45821190
29.88275719 -20.12135124 -12.93778801
-3.70024347 3.98765039 18.34521294
4.67075872 -14.60134983 -33.05578613
-1.84624326 -3.20435095 -40.89978790
41.02075577 -3.76934958 -6.16978598
21.16275597 -12.08834934 -27.99878883
9.63375664 4.83064890 -41.76278687
25.90276146 12.27365017 -33.24578857
-30.18824196 -0.67735046 -23.72378731
23.08975792 20.92265129 -0.75678784
-31.46924210 19.66364861 -2.49278784
7.19376135 5.91065073 18.11421013
19.48975945 -19.38735008 -4.87178946
-26.44024086 -1.18235147 -30.78578758
-15.21024132 28.32064629 -3.83378744
29.94075584 -0.85934967 -29.42478752
-15.36924171 -1.96334970 17.81621361
4.34776068 -19.88335037 -25.41178894
3.17275763 28.17265129 1.69721079
-4.63424158 2.40365076 -44.07978821
-30.64323997 4.51965189 -28.73678780
1.81175768 2.31265116 -42.84878922
38.51675797 -6.15134954 -0.68478924
-15.40824318 -12.16634846 8.11521339
-33.56024170 1.53565085 -13.59578896
17.73875999 -17.71535110 -19.75178909
13.67675591 4.24265146 -40.64278793
-5.73424387 8.86865139 18.97421074
7.82375860 -8.70634937 -37.33678818
21.94576073 22.80864906 -27.45778847
1.37375414 27.23064995 2.71321344
0.51875842 24.81165123 6.90221262
28.75275993 12.56564999 6.86721277
11.90875816 30.58264732 -9.02278709
-17.32624245 27.40265083 -1.03878927
2.66676092 -25.40035057 -7.66878653
-2.70524073 0.09265003 -42.56778717
-10.14724159 26.40965080 0.02421040
-12.37624168 14.26864910 20.04221153
36.10575485 -7.22534895 -0.23778681
-13.55724144 28.92664909 -5.77378607
7.82275915 30.48164940 -4.82378912
-8.20524025 27.85764885 -4.55478811
14.37875938 4.36265039 15.05920982
-2.51424265 24.20865059 6.59421396
5.16776037 5.73964930 18.52921104
-11.54524040 -8.62334919 -35.60378647
-19.03724098 20.29564857 11.47221184
28.94576073 -15.06534863 -23.45778847
-22.70524025 1.25364935 -36.87078857
17.88876152 23.26864815 2.30721140
10.53575706 -15.28634930 13.10321236
10.23676109 20.41264915 10.95021248
20.29475975 1.40165198 -37.16178894
-8.29724312 26.78964806 -1.27178717
33.37275314 -11.79934978 -1.19078588
31.94975853 14.68265057 -14.96879005
-2.88224268 23.47664833 7.60921335
14.14675713 -20.05735016 -14.39478874
35.83375931 2.05864954 -23.14778900
33.08575821 -14.32434940 -22.93878746
6.28375769 7.33064890 -42.87778854
25.50775719 19.28164864 -0.82378918
20.29376030 19.13664818 -34.98678589
14.05075645 -12.75834942 11.71921349
15.26476097 0.97265106 15.03521538
12.21875572 -19.90834999 -18.07378769
16.68176079 28.18465233 -29.06878853
-1.78124082 -25.30635071 -2.31478643
-27.00324059 -8.53934956 1.43021250
-19.63124275 -5.56834936 -34.42478943
15.63976097 -9.12835026 -33.73478699
25.88976097 18.14864922 -28.87778854
13.69275475 -14.78534985 -28.34778786
-6.28924417 -25.12335014 -1.30878592
6.96975470 -3.22334814 -40.39978790
4.62175512 -16.52935028 -30.57278824
-34.57624435 0.54265076 -6.38778830
9.27776146 -18.74234962 7.89421320
-30.01224327 -0.36734906 -24.80478859
18.60375786 22.95765114 -34.18178940
2.48776007 -25.32934952 -11.09778786
-4.63124323 22.26265144 8.86221123
-13.03524208 -7.63734961 -36.00978851
15.68176079 3.99965143 14.72820854
6.28375769 -3.72134924 -40.34978867
-19.93124199 -8.89034939 0.52721256
5.13675451 -12.93435001 -34.71178818
8.69075584 -22.09535027 -15.93778801
-18.94024086 29.08565331 -8.82178688
23.08276176 20.79765129 -29.97978783
23.78175926 20.27165031 -0.10678630
39.69875717 -6.96635008 -4.28278875
28.66876030 -3.93335104 9.62121010
4.92976141 -0.58635086 -41.59378815
10.04376030 -8.66934872 -36.62378693
27.86176109 -4.17434835 9.68621254
-3.12424326 28.96465111 -7.05778646
-29.13524055 19.56165123 3.09821177
-29.91024208 19.67864799 -10.83278847
8.82176018 -15.81834888 -29.72978783
7.31175756 -10.45835018 -36.19978714
-29.78024101 21.90064812 -1.53078604
12.68076134 -20.19435120 -16.28478813
13.52876091 -19.87235069 -16.19278908
27.94476128 -17.99835014 -3.22978735
-21.23724174 22.20664787 7.43421412
-14.21724129 -12.09634876 5.42921305
-8.17324257 28.26164818 -5.64778662
35.46575546 -8.27834988 -24.58578873
9.61375999 -15.87634945 -29.19578743
25.27976036 18.84665108 1.27121210
-19.62024117 -10.22235012 11.14920998
-7.61024332 26.27464867 0.32521290
-33.46324158 14.77464962 -4.51578665
-28.71724129 20.76365089 2.35721064
-29.35324287 20.01664925 2.21321344
35.20775986 13.91565228 -5.64478827
-6.13724375 24.23264885 5.30721140
2.97376013 -22.91435051 -19.60378838
4.54475927 26.93065071 4.78821421
12.70675468 20.22965050 10.33421135
25.68176079 -6.84835005 8.78621101
-16.42024040 -5.86535025 -36.33678818
31.56375694 -1.58334863 10.28521156
-32.49724197 5.31965113 -22.04578781
33.63275528 -5.48035002 -26.28478813
30.38475609 -4.95935011 -28.35078812
-29.38024330 19.95564842 -11.95678902
18.47176170 -14.90834904 -25.34778786
13.97575951 -13.99234867 -29.37078857
15.06175804 20.81365013 8.69221306
27.78175926 -12.55235004 -25.75278854
6.67575598 -16.13434982 -30.35878754
24.06976128 19.70364952 1.10221338
12.49175835 30.19665337 -13.11178780
16.11975670 25.43564796 -0.46178585
-25.72224236 25.84864998 -2.94278860
16.45075798 22.15365028 -36.41778946
37.79076004 0.11065158 -21.04678726
-8.92724037 25.27464867 2.74421167
-30.39724159 0.33565006 -25.00878906
34.85575485 -7.50834990 -25.19078827
-6.53124094 -23.90035057 1.06021357
18.90476036 23.00665092 1.22321177
22.02375603 -13.60634899 5.40721369
5.14575720 -18.00735092 -28.12678909
-7.60324335 27.14364815 -2.45778799
-20.99824333 26.21565056 1.41221094
-3.68124247 -22.83334923 4.07521296
20.44476128 -13.27534962 6.46221399
11.39076042 -21.93935013 -9.28778648
-28.43024254 22.37264824 0.76421207
-28.88324165 21.54865074 1.09321070
19.09075737 -16.01334953 3.82321405
21.13876152 -17.01535034 -20.43678856
-12.49524117 30.22465324 -9.69278908
-31.64024162 4.05665064 -24.82178879
34.70575333 -15.25934887 -3.19478750
3.55676031 -7.32735014 -39.02078629
20.57775688 -16.17335129 -22.33078766
19.58175468 22.32665062 2.01621103
9.67375755 -7.80034971 -37.36978912
26.20075798 -2.57434988 -31.73878860
25.75176048 -12.78135014 4.23421335
40.50375748 -0.74334854 -12.92578697
20.08175468 6.17265177 -38.12778854
10.98075676 30.53964806 -22.28578758
6.82375860 -7.19234991 -38.58478928
-33.31924438 -0.97535080 -9.67678642
-32.66024399 -0.36034909 -14.38978767
28.95075798 10.98565197 -29.99478722
2.78675604 -4.94835043 -40.31478882
36.37775803 12.85164928 -7.97778845
40.83375931 -2.16534948 -11.57078743
26.40875816 -14.41934872 2.34321070
-20.50624275 25.14565086 3.51421213
13.39375877 -20.92334938 -10.58978844
17.56475639 -14.99934864 -25.66278839
-34.25024414 1.76164877 -10.33978844
6.50975561 -16.96434975 -29.17878723
-4.75024271 24.27564812 5.65021372
17.23475456 -9.99534893 11.56621361
23.34876060 -16.81534958 0.75821155
-13.75924110 -17.73635101 2.11521387
25.25475883 -17.24435043 -0.82278591
24.81375694 18.85164833 2.20421076
27.19175529 -16.94334984 -1.16478872
-32.35524368 17.93564796 -3.30278921
-4.58124399 -20.85734940 -23.48978806
16.23875999 18.01164818 11.42821312
-1.81624067 -15.37434864 -32.20678711
-9.19524193 -13.77834988 -31.02178764
15.16375542 -13.55535030 -29.29978752
9.00975609 -6.04535055 -38.67078781
5.41275549 -16.95734978 -29.65478897
20.18475914 -17.99635124 -18.03678894
20.41975975 -11.92634869 7.77821207
-12.69924355 -10.80034924 -32.59278870
12.53975487 -11.64534855 -33.06778717
17.73275566 6.24265146 -39.33478928
-2.89724207 1.36464942 18.72521019
23.82176018 19.41065025 2.43721247
2.61475897 -20.76334953 -24.37778854
29.13275719 1.34364951 11.04421043
18.52976036 -1.75335062 13.99721336
-13.14624214 -15.16234875 -23.34978867
36.71975327 -9.24034977 -23.45678902
-34.47924423 11.24865246 -7.15578604
37.81475449 -14.36634922 -2.91578817
36.10875320 -3.34935141 -24.36778831
-32.23424149 -0.77034897 -15.56078911
8.13375664 -17.03835106 -28.21478844
29.07975578 -4.06034994 -29.32378769
19.35975456 22.06464958 3.11321115
22.35175896 13.21065044 -36.06378937
10.19975853 -14.68834972 14.91621208
-15.28324318 -12.55235004 -0.97578961
19.89975548 -18.62734985 -15.93378639
15.37576103 7.90965128 -40.45478821
29.85175896 -20.14235115 -10.24678993
-6.22324228 -21.88635063 -21.15878868
4.74175787 28.16364861 2.50621271
-4.65224314 -23.97434998 1.31221247
-31.31424141 19.04564857 -7.79778814
18.43575859 -19.59735107 -12.14478874
-33.19324112 -0.84335083 -10.53878975
26.11875725 -0.40535107 11.66421318
6.47775793 -6.28235006 -39.18578720
-34.28724289 -0.42134991 -5.88278723
6.85275793 -23.84235001 -11.02178764
-18.85224342 19.45765114 13.52521324
-5.78024149 27.87765312 -4.76378775
19.56976128 -10.29934978 9.69721031
-17.26624107 -10.00734997 -1.04878759
-1.10524213 25.10064888 5.76221323
36.11975479 10.82565212 -14.99478722
3.95876074 -24.99634933 -9.65278816
-18.92724037 18.48565102 15.88821220
-26.31224251 -5.27934980 -24.91878891
18.72975731 2.70464945 -38.40578842
-22.27124214 -8.97634983 -25.72578812
26.90775871 -6.76934958 8.24521065
23.08975792 -0.92834991 12.78120995
-6.94424295 -22.88834953 -19.38278770
-19.63124275 27.09964943 -0.21578746
24.21475792 10.78264904 -35.19578934
28.42575645 -14.98734951 0.49921268
24.97075462 -6.22134924 9.54021263
8.93475914 7.95464945 16.96121025
-23.43824196 -8.33034992 4.15021372
23.36375999 19.20265007 3.76021051
20.92575645 3.58265162 -37.36078644
31.11575890 -15.48534870 -1.84378958
23.26476097 -6.09435034 10.49921227
-15.41024208 -16.80834961 0.98221058
-12.77924156 -4.82735014 -38.80878830
-16.05024147 -9.14235020 -32.54678726
-6.67324305 -25.85434914 -12.60878944
0.18475877 -21.63234901 10.37621117
-10.46824074 -23.70034981 -16.44378853
-6.96024179 6.11165094 19.05821037
-27.56424141 19.69964790 5.40621042
-34.51724243 6.40564966 -13.46178627
11.73776054 -6.62334967 -37.40978622
0.57875597 -23.87935066 -18.25878906
8.71775627 -22.95034981 -11.62478828
-3.67924356 -22.14035034 6.89721155
7.04875708 30.32265282 -3.85178900
-24.24124336 -9.85334873 -8.22978783
17.17675591 -10.88034916 10.86321068
-23.41724205 -2.35835028 -33.35578537
1.43076098 -22.84734917 -20.24978828
18.26175499 19.65365028 8.40921211
2.31075811 9.02965069 18.53021049
29.25475883 11.28365231 7.70921183
-11.87124062 15.50865078 18.50420952
-14.25124168 -15.25734997 1.44121408
3.38675451 -18.06435013 18.75121117
-8.91924095 -25.82835007 -11.72078896
30.16876030 1.48964942 10.87921333
18.32475853 -6.84435034 -34.13978958
35.56375504 10.47465038 -16.78878975
14.78775597 -6.37835073 -36.24578857
24.06475639 -15.02034855 2.98021173
-24.94624138 -6.18735075 -26.25078773
-19.50724220 -12.01834965 -11.02878761
24.01775932 12.83164883 10.14421272
8.03075981 31.12765312 -17.54078865
37.78275681 10.28465176 -12.28178978
28.53775597 -8.52834988 5.93921137
-3.01524210 30.03265190 -10.06578636
19.45075798 -19.71035004 -11.28778648
19.65376091 -14.15834904 5.90321207
32.93975449 11.96065044 -19.95478821
-8.46224022 -23.14234924 1.63721323
-20.32124138 -2.09634924 -36.57578659
-18.35324287 0.68364960 -40.37978745
22.65376091 -13.92634869 4.80821085
-12.91524315 -18.12635040 -19.46978760
34.97475815 11.31365108 -16.53578758
40.92175674 -2.56435156 -10.70878792
-19.37224007 1.07364905 -39.73478699
22.01875877 -15.18834972 3.68521357
25.92775536 -15.03835011 1.98121119
-16.93324089 -9.51534939 0.03121037
20.68775749 -9.53334904 9.62721062
-15.57124138 -6.88334990 6.13321161
18.78675652 -13.10735035 7.53621149
-28.07924080 22.96665001 0.40021366
-19.37324333 -2.52935171 -37.08378601
-31.57924271 19.61564827 -4.61378622
9.26275444 -2.66435003 18.60821342
-16.56724358 0.53465134 -41.72478867
-26.14224052 -8.87135029 -10.70178795
8.52675438 -10.19534969 -36.01078796
-13.51224327 24.31965065 5.09421396
-20.79824257 28.65064812 -10.64378929
0.04475937 14.99365139 16.68321037
-22.99324226 -8.11634922 4.98621225
-28.01524162 -7.97235060 -4.79278708
-8.16724205 -20.93235016 9.21721077
33.05575943 -18.96434975 -17.57878685
26.92075920 -18.29335022 -18.05078888
-21.91424370 0.60764939 -37.09178925
-7.28624201 -13.80434895 -32.20978546
16.83175468 16.79265022 -38.84178925
15.94975853 18.00765038 -39.00078583
-34.30524445 0.84265000 -8.48078728
-33.40924454 10.67465115 -15.09678841
-20.37224007 -11.55334949 -11.28478813
-19.55124092 -12.17934895 -12.01778984
-3.11624384 -25.79935074 -4.01778936
5.59676123 3.60864878 18.56321526
4.90376043 4.61065149 18.60421562
6.12676001 4.68065119 18.45821190
20.50076103 -19.11535072 -4.14478827
16.99575615 4.19764948 -39.47978592
3.63976049 27.93164635 2.51821375
4.05476141 28.36465263 1.77721262
-33.94924164 11.23865032 -1.43678808
-34.19324112 10.11265087 -1.09978628
17.32675743 -15.99934864 -24.02478790
18.57575798 -15.78934956 -23.79778862
-2.46624231 25.35964775 4.57221079
-2.19724131 24.89364815 5.57221079
-23.43924141 -9.92335033 -6.12878942
-23.36924171 -10.07434940 -7.40778875
4.16175604 -3.92035055 -40.61678696
3.55275488 -4.49234915 -40.45178604
21.60675621 -19.45235062 -5.77178717
20.68975639 -19.64035034 -6.45978689
25.35875511 -10.17035007 6.57421350
1.79375994 26.92064857 3.68721247
-25.87224007 -8.98134899 -3.78778601
-25.51124001 -9.00335026 -2.52478933
-25.14024162 -9.18035030 -3.24878836
-5.93024302 -20.37935066 -23.43278885
-21.77224159 1.73565161 -38.03378677
20.63375664 2.51265192 -37.29878616
19.54276085 1.99165213 -37.77878952
30.32375908 2.80164957 10.84721184
29.11276054 2.54765177 11.04821205
29.58075523 3.75665140 10.87121010
23.37175560 -19.60835075 -12.43378639
-7.28724146 -25.58634949 -2.55778646
-7.05024195 -25.83135033 -4.01878881
0.64175951 0.03365192 -42.22278976
1.02275622 1.07565176 -42.56578827
23.71275902 -19.12434959 -14.53878975
16.37875938 -14.74534893 7.22221231
-27.71624184 -8.37135029 0.53421253
-32.46724319 -1.04734933 -13.54978752
-31.87824249 -2.00435019 -13.67478752
-0.73824155 26.02264977 4.14421320
22.77275658 -19.72735023 -7.33678579
24.27175713 -19.70335007 -7.36278677
23.83376122 -19.42634964 -6.14278936
-7.38124323 -25.18034935 -1.36478949
-34.69924164 1.32765067 -7.17778921
-34.15024185 -0.07335034 -7.45278692
-21.88224220 -9.13434887 -0.25878674
-21.02224159 -9.03434849 0.18221135
3.24675512 -21.64834976 -22.41478729
2.84776068 -22.16534996 -21.37778854
19.61975670 -19.61034966 -6.04978704
-20.41224098 28.42664909 -7.80078650
-20.71824074 28.18265343 -6.47878790
-21.49124336 27.96964836 -7.40178823
4.22975683 -1.32034814 -41.47578812
-20.80624199 -8.73134899 1.05221415
-20.02324104 -8.37135029 1.75721216
19.67875481 -15.95434856 -23.03678894
6.19675970 -21.04235077 6.41121149
22.81475639 -19.04235077 -14.62678719
23.07575798 -19.31335068 -13.66478920
21.85375786 -19.11435127 -14.18878746
19.38575554 3.78764963 -38.28278732
19.96875572 4.95564890 -38.09878922
6.31375647 -13.81734943 19.46220970
6.27375555 -12.54334927 19.79221153
15.87975883 16.78365135 -39.48478699
-17.64323997 -7.11535025 11.11621284
7.67775488 -6.16534948 -38.96978760
15.18475914 -14.92335033 7.88921213
3.30975866 -25.16534996 -10.39978981
14.73975945 7.14164972 -40.63778687
-0.68524396 30.02564812 -9.28078651
-1.96124113 30.25365257 -10.54078865
24.44075584 -19.76535034 -11.88178825
-18.47824287 -13.76735020 -3.38078833
-13.84324074 -15.12634945 -22.17378807
21.58276176 -19.59634972 -12.08178902
20.60775566 -19.63335037 -11.74578667
21.64175987 -19.79635048 -10.92578697
19.37175560 14.98264980 -37.61778641
23.21076012 18.74764824 5.03421259
12.62375450 9.99365139 -41.68978882
-1.02324140 -21.22934914 13.12821007
41.23875809 1.93665183 -10.72579002
12.93276024 -10.80935001 15.04820824
40.88575363 2.03565073 -11.79978752
40.63575363 1.12164938 -12.26078987
-10.31624031 -23.18734932 -17.24578667
-10.76524162 -22.42835045 -17.84978676
-3.71424341 29.28365135 -8.11878777
-4.22824335 28.87364769 -7.18378592
4.10375738 27.54464912 3.51021051
3.54475927 27.05164909 4.28121042
-29.19924355 20.61464882 -11.22278786
33.87075424 -15.95135021 -3.31478643
33.08875656 -20.75535011 -13.42578697
32.50175858 -20.75535011 -12.67778969
31.36375999 -20.16135025 -8.41278648
31.98776054 -19.93634987 -7.53578711
32.49375534 -20.28235054 -8.15478706
-30.63324165 18.39964867 -11.02478981
-4.51124048 25.16864967 4.04521418
4.66576147 -20.87434959 -23.43278885
3.62676001 -20.98634911 -23.64378738
-1.56724393 -25.17034912 -15.39478874
-33.08524323 -0.64735168 -11.52078819
17.74075890 -9.28334904 11.73921013
4.67675543 -7.04535055 -39.06678772
4.89775610 -6.00435019 -39.60278702
5.53975439 -6.43035078 -39.29378891
5.79176092 -5.56434965 -39.67378616
-8.34924126 -13.73235035 -31.69978905
-3.42224360 1.43165076 -43.34978867
-2.75324106 2.54765177 -43.76878738
8.20275688 -22.80035019 -13.92678642
8.81775475 -22.73134995 -12.74878883
15.07375908 -20.24735069 -11.47878838
15.81976128 -20.18334961 -10.18078804
9.81175804 -22.24135017 -12.85278893
9.99875450 -21.99435043 -13.66078758
26.78875542 -1.67735040 -31.69878769
31.72675896 -16.04835129 -2.64978933
32.09875870 -14.93035030 -2.03578711
-16.51924324 -16.15834999 0.18521352
-16.11524010 -8.36634922 -33.64278793
-0.93324125 -21.77034950 9.97821236
-32.40924454 -0.09235135 -16.46778679
25.75975609 -19.55535126 -13.58878899
37.59075546 9.83164883 -13.64978981
38.75975418 9.54265118 -11.58478737
-5.24924326 -13.41134930 -33.38278580
33.61675644 -19.88134956 -7.03378820
-24.50624275 -9.51934910 -4.82878637
6.69175482 -21.10334969 5.53921366
27.49775505 13.59464931 -30.71178818
9.05375481 -17.88235092 -26.19878769
-2.83624125 -12.27435017 -35.06178665
-28.00424004 18.29564857 6.79721308
11.67976189 7.30065012 15.60421562
-29.37724113 20.52264977 1.57321405
-20.46424294 -8.94934940 -28.40778732
25.71975517 13.39165020 -32.95178604
28.14675713 -2.88234854 -30.24478722
20.41676140 -10.84735012 -29.65478897
23.23576164 21.37365150 -13.93578911
-33.71924210 11.37964916 -13.08678627
24.37576103 -18.47035027 -16.82678795
24.67275810 -16.84934998 -20.97878838
1.38275683 -23.94935036 -17.93878746
-1.36724317 -6.84534979 -39.19078827
14.55375481 -14.99834919 -27.46478844
17.57275963 -2.55035162 14.21320915
8.89475822 -14.29535007 -31.80478859
13.35675621 6.31165171 15.12521172
-7.08524179 -17.28835106 -27.01778793
4.28575659 -24.88934898 -6.91178656
5.26675940 29.77065086 -1.62278891
29.96475792 -9.71234989 3.68921137
-23.99424171 -10.05634975 -11.77978706
33.10575485 14.86564922 -1.64078665
28.25675774 16.70965004 -20.10278893
-26.96424294 -6.08435011 -21.39278793
6.95075750 -23.02434921 -15.44578743
15.69476128 2.22365046 -39.65678787
23.93475914 -17.09435081 -20.34978867
34.44775772 -8.45835018 -25.19378853
2.97475958 -22.10535049 5.67721415
-11.42124367 17.23364830 16.07620811
10.99775505 -21.95834923 -11.21978951
11.52075768 30.57765007 -13.49678993
-29.03624153 6.37365198 -32.31278610
4.63375616 -8.83834934 -37.94878769
-17.48324013 -12.27435017 10.06921196
3.59475470 -1.26635110 19.40920830
-22.27724266 -7.29134893 7.69421244
-34.56924438 9.55765057 -4.06778860
13.60075951 29.21964836 -5.76278830
-15.15824318 -2.50134802 12.89521217
19.79176140 -11.29934978 8.69021034
4.16576147 -2.30235052 19.63721275
12.85275841 -12.25634861 -32.25778580
15.36475945 -14.48935032 -27.78278732
36.94175339 -9.48434925 -2.67278814
25.84275627 13.23364925 8.42321205
22.35375786 -1.08134973 -34.96178818
-33.45024109 -2.39634848 -5.18478918
-26.31124306 -0.41935101 -31.84778786
22.17375755 -18.52734947 -16.28378868
10.13675499 -12.65934849 17.00721550
20.54875755 17.24265099 9.62421227
16.28575706 27.86264610 -25.34578896
-23.60624123 -4.27535009 -31.27078819
-20.38224220 -9.20934963 -0.34678799
15.70175743 -12.76735020 -30.06178856
14.49075890 19.69664955 10.30321312
13.09976006 11.00364971 -41.61478806
10.94975853 12.04265118 14.84621239
29.72775841 -8.14734936 5.52521372
-6.60224390 -1.13934839 19.92020988
8.60075951 -18.83634949 8.69121361
22.29076195 -3.23034811 -33.97678757
18.15975761 17.46565056 -37.62078857
19.17575645 0.77965027 -37.58278656
24.73075676 3.50165033 12.18321037
19.41475487 -12.46334934 -28.33478737
11.31175804 6.26064920 15.98721123
12.96775627 -20.51434898 -14.36978722
-12.63524055 24.61464882 4.43121195
-16.75624275 -15.44734859 -0.51378781
-18.38024330 27.67065239 -1.74478674
5.57675695 -21.55335045 5.38021326
-4.36024332 -0.35234967 -42.46078873
2.12075567 -1.84834802 -41.49378586
5.85775518 -24.16334915 -5.54078817
20.85875511 23.09564781 -4.69578695
3.76775885 -5.95235014 -39.74878693
-33.03524399 16.30665016 -5.74278784
-33.32224274 0.16565189 -12.18078804
18.43575859 -8.47134876 11.84321022
-14.65824318 -1.19635141 16.04421043
20.63976097 24.60064888 -29.06178856
25.08175468 -0.97934860 11.97221184
35.97475815 -9.96834850 -2.38778830
-6.18624353 -16.24835014 -29.37478828
10.77675438 -20.77835083 -17.22478676
-15.11124229 -4.35434866 -38.40978622
8.19376183 31.07864952 -16.20178795
18.36575890 -19.22935104 -3.53778601
-0.11224212 -24.64335060 -0.83378750
-28.02523994 -3.47834921 -24.09878731
-18.91124153 -9.32134914 -29.48278809
-7.33924341 22.74865150 7.46321344
-27.96524239 21.24165154 2.88921213
-33.88624191 0.87365204 -10.68378639
25.69075584 1.01365149 11.92221260
7.99375677 -12.44435024 18.78320885
3.01376104 26.26764870 5.51421213
-23.66624260 26.93964958 -10.41978645
-29.29524040 22.68364906 -2.48878622
13.73175621 15.89765072 -40.99278641
30.73975945 -20.32635117 -10.31178856
6.09876013 -10.32134914 -36.63478851
-29.78424263 1.21565115 -27.92178726
15.45976067 -11.62135029 -31.56878853
-5.29224253 -0.91835159 -42.19578934
-13.16924095 -17.02034950 7.65021372
38.71975327 -6.14034986 1.15421152
-9.76924324 -16.48935127 -25.63378906
37.39875412 -6.16634893 4.63421106
16.63275719 27.23264885 -24.50778770
15.17775536 -13.76534939 9.39721107
-4.11124277 30.02864647 -10.21879005
22.11176109 -6.71935034 10.75221062
0.19075929 -21.21534920 12.56021309
-18.84224129 24.17664909 5.49021387
-13.83224297 26.09765053 1.57121134
-11.94224358 26.36564827 0.50621265
22.71475792 0.77965027 -35.48178864
-13.21024132 -2.09834814 16.43221092
19.92275810 21.55264854 3.45521402
10.20275688 -20.72335052 -18.28378868
-21.24524117 -1.43634927 -36.21178818
8.09776115 -21.47834969 2.45821238
16.28775597 26.02464867 -2.63578939
-6.18524408 -25.63234901 -14.05678749
-19.04024315 -12.25934887 -10.16078758
23.86675835 -6.85334921 9.69221306
-31.46624184 8.77665234 -23.04178810
31.01975822 -16.89735031 -3.07278585
40.32475662 -0.16335049 -14.05478859
-26.45424080 0.41165027 -32.59478760
-15.85424232 27.23264885 -0.78378826
5.71475744 -24.09435081 -12.81978798
8.49675560 -21.82735062 -17.18778801
5.54775763 30.46065331 -5.13978720
37.06175613 -7.56534910 -1.76978827
11.94975853 20.48565102 10.31521034
31.05975914 6.43564844 10.13121223
2.40276098 -22.63934898 -20.43978882
29.86875725 12.17265224 6.60421228
-6.18324137 30.25365257 -10.82878685
-1.02024305 -5.12434912 -40.11978912
39.28075790 -5.89134932 -1.48478842
21.69275475 -7.87334967 -31.58078766
8.13575554 -17.02734947 15.26621056
-22.82724190 -10.74534893 -13.81878853
-28.25624275 -0.54634994 -28.57178879
2.38275671 -21.36235046 -23.25578880
38.52875900 8.61865139 -13.65478706
-25.32124138 19.73864937 7.92321253
32.35175705 -4.70334959 -27.19578743
20.91075706 19.84464836 5.82721186
-14.27424049 -1.19334924 -41.73278809
-8.46124077 -20.97234917 5.92021418
24.73975945 0.94064957 12.25221062
33.33275986 12.40565014 -18.03378868
24.95776176 -15.26234913 2.24921274
19.86176109 20.26365089 6.20721292
-11.26924324 -17.79535103 -21.53578758
-3.36224222 -22.30934906 5.94121408
24.75575829 14.02464962 -33.62478638
-14.30924034 -2.30935049 16.15221214
5.08476019 -5.22834921 20.25021172
10.85275841 -19.96235085 -19.73978806
11.67275810 29.90464592 -18.04978752
-14.71524239 28.84264946 -5.31078863
-1.13424146 3.42265177 -43.74578857
-30.08824348 3.70765162 -29.81478882
9.25475883 3.94565058 17.51521111
-5.38824320 28.77964592 -7.11678839
-0.61724317 -6.22335005 -39.60578918
7.02075720 -23.24735069 -14.44478798
8.21275902 -11.06334972 18.92521477
-30.08524132 9.99165249 -25.46978760
-14.44024086 -10.22634983 4.56921244
-12.51524162 -14.81634998 -25.37278748
24.85775566 17.45165062 -31.36378860
-32.63924408 17.33965111 -4.29978704
28.60875511 -19.28535080 -6.18878698
14.36575890 -18.67135048 1.97721338
11.72476006 29.96265221 -16.92078972
6.63175726 -20.51434898 7.45321131
-2.24424219 -4.90934896 -40.08378601
19.51775932 -13.26035023 6.95021296
-25.34524345 26.07864952 -5.13778830
20.28275871 -14.86835003 -24.70578766
13.33875847 2.12465143 15.74721336
15.15075493 20.12664986 9.51421165
-6.22824335 -13.72834873 -32.73778534
18.81375694 4.54765177 -38.68478775
-8.52824211 4.35365152 18.84821129
9.26675987 -19.79034996 5.48421335
15.19476128 -9.92534924 13.28521156
35.82075882 -9.80134869 -23.91578865
15.85575676 21.51365089 -37.28978729
-8.94024086 16.36264992 16.23521233
4.98776007 -24.48335075 -11.95978737
-29.55624199 9.31865215 -28.33178902
37.92475510 -15.62835026 -2.90678930
-25.41024208 -8.89734936 -17.23078728
34.70075607 -16.80335045 -3.83278799
-22.43124199 -10.54434872 -9.30878639
-28.61024284 -7.96134901 0.15621038
2.64975500 -21.11134911 10.58821297
-24.73824120 -8.44734859 -21.46578789
21.53575706 23.34564781 -28.54478836
24.65975761 9.91265011 -34.93578720
7.27475500 -5.44034910 19.34721184
27.25775719 -10.07534885 -27.52778816
-16.44024086 -7.78634977 9.94221306
-19.10324287 -4.02734900 12.84221077
-12.72324181 15.91364956 18.45321465
0.62575686 -22.76935005 4.13721323
30.74875450 -5.75435019 7.56421137
-27.33324242 -7.81534910 -12.28178978
14.46475792 17.60864830 12.39421272
16.96675682 22.99664879 4.20521402
-16.37224007 -6.78734922 -35.43478775
6.99775457 -8.35934925 19.69721031
-4.48124170 12.65265179 17.95120811
12.58075523 -21.24934959 -10.92178917
1.20075762 -21.60535049 9.80821037
25.96275902 3.59165049 11.78021049
23.29575920 19.72764778 -31.19278908
8.26476097 12.53565121 15.55121422
15.37075615 -5.79235029 14.88020897
12.87375450 -11.60534954 14.44321251
-21.88924217 24.67064857 3.82021189
-31.20724106 -4.31435156 -8.74078941
17.13675499 -13.29835033 8.44121361
24.82575798 -7.24335051 -30.38678741
-2.94524240 -24.56934929 -17.09379005
-9.64424324 13.19264889 19.26521111
1.13375628 15.09364986 16.49421501
35.60675430 -2.16435003 -24.60478783
4.85075903 -19.26435089 15.01521111
25.22176170 -12.07134914 5.14421320
22.76576042 -8.29034901 -30.74378777
23.03875542 -18.18435097 -17.43578911
15.45075798 -10.17934895 -32.94278717
-2.10124063 29.82165337 -9.18478966
25.05975914 -18.87835121 -15.77378654
-17.28724098 27.83565331 -2.26778936
-11.04524040 -7.10334921 -37.24678802
14.23075676 1.11564887 15.48421288
-6.50624323 5.50665140 18.64721489
25.44775963 -16.84934998 -21.11478806
31.00375938 5.22965097 10.50621223
20.84575462 -18.78434944 -3.10478735
-32.49424362 0.98164994 -18.43578911
-3.39824152 26.36165047 1.78221369
-7.17424250 -25.39735031 -14.63478661
1.29176104 26.27364922 4.75721216
10.00675774 -12.92234898 -32.90878677
9.61575890 26.98864937 3.87721109
16.18575859 24.68364906 1.36921167
9.61975670 -15.00234890 15.59921074
23.02575493 -13.24635029 5.29721308
-15.44924355 -17.61935043 -16.80078697
5.20175695 -12.99934864 20.28621483
20.51775932 24.84964943 -27.95378876
18.00375938 -9.99034977 11.01121330
22.85575676 -2.12235022 -34.16678619
5.99075842 -17.61235046 17.50520897
-1.30324399 -1.04435098 -41.90678787
11.35375786 -11.78835011 -33.49078751
-21.05324364 0.73364884 -37.95178604
-4.16724253 -18.97735023 -26.47778893
-34.55524445 5.59964991 -13.00778770
-7.04024363 -20.82934952 -22.04878807
0.00575791 1.41264975 -42.81978607
16.31075859 -2.09534979 14.70321465
27.77876091 6.53764963 10.64821053
24.34075737 -1.47934854 12.17921257
20.98175621 22.84464836 -3.55578756
-24.46124077 -1.83334863 -32.64578629
18.64975548 -13.95334911 6.68321085
-13.97924232 -8.81334972 -34.28878784
17.93176079 18.58965111 9.89121056
-21.78924370 -8.33335018 2.86821222
11.90175438 -13.98734951 -30.58978844
13.79575920 27.16464806 -0.64678723
23.49275780 21.41364861 -4.30178595
29.64475822 14.10964870 4.43621302
12.63876152 -17.01835060 7.07021189
0.23275910 -24.18734932 0.31721348
39.88275528 4.88765192 -14.09778786
26.44576073 -10.60735035 -27.45778847
32.08975601 -4.25634909 8.65921211
-34.84424210 7.87565088 -11.71278954
15.61975670 27.98764610 -24.48678780
20.98975945 19.69465065 -33.95878601
3.88375616 -17.91634941 -28.65378761
17.55075645 15.88465023 -38.61778641
-22.49924278 27.52564812 -8.18378639
-8.52824211 3.10465097 17.71721458
8.10675621 -18.68334961 9.87321281
31.00675774 13.21465206 4.77421045
-32.87724304 0.48964939 -15.24178886
31.89375877 -13.81734943 -23.74578857
29.47176170 -3.18134832 9.87521172
23.21675682 16.65664864 -33.70978546
-21.04024315 23.76564980 5.49021387
-32.15724182 9.50065136 -20.16578865
32.50875473 15.22165203 -2.59778738
25.91075706 5.46465158 11.56621361
33.98875809 -13.39134884 -2.32878637
24.64375877 18.39465141 -30.72678757
30.10875511 -15.68035030 -1.38378668
22.12175560 17.74365044 7.78721094
4.99575567 -7.94334936 -38.48678589
-10.54324150 -10.74934864 -33.94078827
6.68675756 0.77265030 18.58121300
-34.89024353 4.63464975 -10.80578804
-7.20424128 -12.28234959 -33.95278931
11.14775658 -3.36335135 -39.32978821
27.95175743 12.45365047 -30.74078751
25.22176170 11.69665051 -34.09778595
3.16975927 9.77564907 18.27821159
-10.07024193 -7.27334929 -37.42078781
-15.37424278 -13.10934925 8.27321053
15.22476006 27.88065147 -14.93678856
5.54475927 -15.14834881 -32.18678665
27.31275749 -13.95634937 2.19621134
-10.58924294 -1.62135065 15.00821495
24.02776146 5.99865198 12.22121239
36.77675247 -6.69634962 0.39721149
-10.33024025 30.04765129 -9.61578941
22.67875481 -19.20835114 -5.10778952
12.09475517 -13.66134930 13.11521339
33.29175949 11.98264980 -19.06778908
-6.58524179 4.33664942 18.04321098
-12.14424324 29.67365074 -8.22778893
21.77675438 -9.89034939 8.71921349
13.42175865 28.79965019 -19.33778763
9.91275597 30.95364952 -8.11778831
14.53875542 -7.48734999 15.18121147
3.45776129 -3.35735083 -40.90978622
23.70976067 -8.98734951 -29.78178787
-8.92024040 -17.29835129 -25.19578743
7.47475958 -2.11734915 18.86121178
-11.66524315 -6.54835081 -37.54178619
2.14475775 10.09265041 18.32121086
19.08175468 26.38564873 -27.17078781
-12.85024071 27.19064903 -1.36978674
-27.22724342 -6.10135031 -20.49778748
-8.40023994 28.69364738 -6.65978765
-33.93024445 5.50964975 -16.24978828
-10.22224236 28.60664940 -5.95478582
-32.35724258 9.93265057 -19.01078796
-1.42624128 -11.29034901 -36.16878891
11.87775993 -12.43234921 -32.54578781
-18.16724205 23.19365120 7.00621271
-13.98324013 -3.37334967 -39.89678955
-5.52524042 -25.33634949 -15.29878807
8.79076195 -16.80134964 13.94321251
7.66075659 19.08764839 12.70321083
-34.61624146 2.77065134 -10.04178810
-14.45324135 -1.78735101 18.20120811
-20.23724174 27.84564781 -2.91078711
28.12676048 18.13165092 -12.79478645
29.91475487 -19.78334999 -14.83078957
-18.82224083 -4.71034956 11.29821205
11.16576195 -20.25934982 -18.39878845
30.64775658 11.69665051 6.74621058
-20.97224236 -8.18735027 -29.26278877
32.53475571 -19.62034988 -6.82578802
13.78375816 7.15764856 14.93021202
-27.02924156 21.08064842 4.27421045
23.57475853 4.12764978 12.53921318
23.24875450 12.94565105 -35.43878937
7.41576147 2.83864832 18.30121422
13.61375999 26.29464912 1.49321222
21.00475883 4.66765070 -37.45978928
9.10975456 -22.92634964 -7.93878698
-20.33224297 -1.22134912 -37.18278885
-10.26224327 25.50364876 2.30721140
4.87175512 0.82264954 18.76820946
27.30576134 3.75565195 11.38021278
-1.70824277 -24.19535065 0.85121387
32.40175247 -2.44234991 9.88621330
28.43975639 3.71364832 11.09621239
-21.19424248 28.26464653 -9.15978813
-15.55824089 29.07864952 -6.02778769
27.83175468 18.11564827 -14.52678871
33.31175613 -4.58834982 -26.57678795
0.61375964 0.49865207 19.19121361
24.18575859 20.35164833 -16.43878746
25.18076134 19.91464806 -14.92178917
-23.18924141 -1.80634820 -34.06578827
-13.28824043 -15.40234852 4.64621210
27.40276146 17.46665001 -19.93078804
-14.36124229 -4.27134848 11.47421074
2.68076086 -21.78834915 7.35921335
10.50176048 -10.98134899 -34.62878799
-0.71324384 -2.83334875 -41.13178635
-15.41624260 -9.08634853 8.45621300
-4.22424173 -22.41735077 5.36121225
23.36475945 -18.56235123 -16.32578850
7.76575994 0.21665058 18.49020958
-8.00224113 -9.94334888 -35.82578659
-20.02324104 0.35964832 -38.61378860
21.47376060 -19.21834946 -4.82378912
19.64175987 22.53465080 -33.45978546
-21.99324226 -2.30534887 -34.87278748
27.71076012 -19.65735054 -14.13478661
-11.18624306 -9.43435001 -34.94778824
-14.07224083 -12.50934887 2.15221262
39.26675797 -11.78835011 -2.96178579
6.47875738 18.15064812 13.48221016
31.81876183 -16.35634995 -21.38278770
25.35975456 19.53264809 -16.57478905
-22.63124275 27.00364876 -1.57878637
-31.16524124 2.97965097 -26.02078819
9.56775475 30.63964653 -6.19978857
-8.61724281 -8.27435017 -37.05478668
-5.79624414 22.17564964 8.66621208
34.99475479 -6.65534925 -25.26778793
-21.19924355 -7.97534895 3.71921396
35.57475662 -0.02034894 -24.07678795
18.18276024 8.47764874 14.04121208
25.42575645 19.33164787 -17.50778770
22.83576012 -17.08435059 -20.26078796
14.90175438 -14.44435024 8.75321007
-34.10324097 9.43365002 -14.16578865
-3.14624262 0.17465076 19.32121086
30.25176048 -16.08234978 -22.08278847
8.36176109 3.31465006 17.97720909
26.19275475 -11.62034893 -26.78078842
6.25775671 -1.32135141 18.93921471
30.54276085 -16.41835022 -2.37078619
22.23175621 -1.81234872 12.94121361
10.66776085 -21.95434952 -4.17178869
23.32775688 -12.43035030 5.87121058
9.46076012 13.12164974 -42.80278778
-3.27524042 -21.32035065 12.60521126
4.43076086 -13.62434864 -34.14478683
20.76175499 23.30364799 -24.17978859
-31.32724190 -2.97834921 -13.12178993
22.86076164 -15.38834858 3.09721231
11.11875725 22.92664909 8.22621346
1.11275637 11.66364956 17.95421410
-20.13024330 -5.76334906 10.10421181
-17.60224342 -8.38535023 1.51321268
20.80676079 24.23064995 -26.55378723
34.73175430 1.73065054 -24.64178848
-20.92724037 -11.77334881 -14.95778847
24.06475639 -18.84035110 -15.59278679
24.04675865 -8.02234936 -30.30278778
-6.41224146 -11.83834934 -34.61278915
13.65775871 29.39665031 -6.60978842
-7.34524393 -8.20034885 -37.44378662
22.23075676 21.45765114 -18.43278885
18.25475883 -12.45135021 8.56321144
-22.28624153 26.77665138 -0.54778820
-14.50024223 29.15364647 -6.22078848
-30.05024147 -5.33934927 -10.24678993
21.05776024 6.69264841 13.31021309
14.64975548 8.50865078 -40.79378891
0.89175951 -22.25634956 5.97121286
-15.99524117 -14.06634998 -20.99578857
24.27075768 17.92265129 5.11621332
-11.69024086 16.15664864 17.66021538
-31.06724167 3.60664988 -26.98878860
21.70375633 22.10264778 -16.52578926
34.16576004 14.07264996 -9.60079002
30.26576042 15.79265118 -16.46879005
21.93076134 22.40564919 -25.58578873
7.21875525 20.84165001 11.31721306
40.78175735 -2.08635092 -14.43078804
1.88575518 23.73064995 8.51321220
23.18176079 -14.05935001 -25.08378792
-25.87024117 -8.75934887 0.77721256
31.39675713 13.09065151 -21.81978798
-27.84424019 -6.69835043 -15.68078804
-10.71524239 -15.99335003 -25.38478851
-4.02224207 -10.95434856 -35.93878937
-29.27523994 -5.59234953 -13.23578835
-2.96824121 21.02464867 10.98421288
12.71475792 -21.30635071 -6.40478659
-25.27624321 -8.87135029 -18.09778786
14.29975700 -10.47834873 -33.28678894
-3.60224390 20.15064812 11.93221092
34.51975632 -3.61034918 8.95821190
24.60575676 19.89964867 -17.47579002
17.38775444 -10.08234882 -31.98678780
-14.03724098 -15.50134945 -20.98078728
5.47775793 6.90064859 18.38020897
7.42875433 -3.37835073 19.03721428
19.30676079 21.85664940 -34.26678848
-7.60624170 -18.64235115 -24.46978760
3.47176123 -19.63235092 -26.08878899
-29.96124077 -4.75534964 -13.24878883
6.98676062 -11.62734890 19.53721428
11.44275475 -10.14834881 -34.92178726
3.83575964 -15.42934895 -32.23978806
26.00675774 18.56865120 -19.71278763
13.18675804 -12.91034985 12.57021141
22.36975670 -15.28434849 -23.55878830
28.29975700 16.91464806 -18.90278816
23.77175713 17.45165062 6.39721155
-11.82624245 26.87964821 -0.84178692
35.76975632 13.05765057 -8.99678993
-23.35724068 -9.57534885 -3.21878958
28.93176079 -16.12034988 -1.04678869
-18.71924019 21.35465050 9.57121086
-0.03124084 -25.43334961 -3.76178885
6.69675970 -14.93435001 -32.03278732
21.63175774 22.48665047 -13.86078835
14.44275475 -20.18535042 -13.23678780
37.05375290 11.41965008 -11.16678810
12.57076073 29.36964989 -18.92578888
-20.48524284 -7.26435041 -31.52578735
4.64175940 8.01764965 18.37421227
-30.89124107 -5.49735022 -5.55978918
-1.61024320 22.23264885 9.77121162
-27.94624138 -6.35634947 -16.69678688
-10.65624046 -6.39935064 -37.97278595
-32.78724289 -3.53434896 -4.70478582
29.83675957 -18.01235008 -3.96478796
15.56775475 27.32964897 -17.21178627
27.24875450 -13.53334904 -25.09178734
-27.13524055 -7.34634924 -16.35478783
-29.29724312 -5.07635069 -15.15278816
-14.42124367 -19.20535088 -17.49878883
9.77175713 -15.35735035 14.69721031
16.87075615 25.78064919 -3.49978781
27.71375847 16.96465111 -21.42878723
24.36875725 5.29065180 -35.18578720
-5.17324305 -1.93935144 -41.52778625
-21.95024300 -8.67934895 -26.90878868
1.82175982 -25.25435066 -4.48878622
23.02976036 13.96264935 -35.24878693
9.42976189 30.24165154 -3.96678686
5.14275885 -24.52734947 -6.50078726
-20.53524208 -0.26934949 -37.68678665
-12.44024086 -1.85135019 17.07121086
16.02075768 26.88265038 -18.04578781
35.56975937 -5.95135069 -24.95478821
15.85175896 27.36964989 -5.78578711
16.26775932 26.88165092 -16.07478905
32.93975449 -16.31134987 -21.16678810
-22.53324318 -11.01434994 -17.83978844
22.87576103 -18.64635086 -3.34178686
-3.52424097 -10.33634853 -36.54678726
-29.23824120 -6.08934927 -11.19578743
15.98875999 1.84265006 14.73721123
9.45375633 -22.70935059 -6.64478827
-1.04124296 -12.35934925 -35.32078934
23.26675987 -17.76535034 -18.62578773
-27.20124245 -7.09634924 -17.32078743
7.66676092 -4.51435041 19.11720848
33.44875717 -3.90834951 8.77821159
21.72075462 22.26664925 -24.47978783
1.02875674 -25.23435020 -3.66478872
-5.60824060 20.44565010 11.11321068
-0.03924408 -2.01835012 20.91121483
5.72575903 18.98164940 13.05121040
-8.89724159 30.21864891 -10.31078911
10.07176018 22.84765053 8.72921181
14.10875511 29.28565025 -25.49278831
27.31675529 -19.03535080 -16.09278679
12.85175896 -6.82234907 -36.84678650
40.15675735 0.88365036 -14.44178963
28.14275932 -15.74635029 -22.81778908
-22.42524147 -10.83834934 -12.76578712
29.30776024 -15.73434925 -22.68278885
-8.00124168 -16.09835052 -28.12678909
-31.13724136 -3.69334936 -11.49878883
-30.39323997 -4.51835012 -12.05078697
9.67075920 30.45864677 -5.31278753
30.63475609 12.30765057 6.10521173
-34.66424179 8.90664959 -11.93078804
-12.37624168 -1.26835001 13.76021004
8.96975517 23.16264915 8.76921272
9.33675957 -13.29334927 17.43420982
10.61076164 30.49365044 -6.23578787
19.06075859 16.88265038 -37.14678955
-6.15624094 -8.32834911 -37.58678818
28.38175774 -19.28835106 -15.71978951
-8.74224281 19.93264961 11.41921043
-24.53024101 -4.01334906 -30.21678734
8.01376152 23.73764992 8.44621086
8.48175621 2.11464930 18.08121300
13.83875847 11.80165005 14.48121452
-13.22424126 -11.24034977 -31.62778854
37.95675278 -6.29535055 0.19421239
33.30275345 -17.04034996 -20.23778725
10.74275780 30.35365105 -18.18878746
-7.13424158 -16.15534973 -28.80278778
13.98175621 28.51364708 -17.30778694
16.22575951 27.00964928 -15.13978767
33.13275528 -18.24435043 -4.94878912
34.45475388 -16.95535088 -20.16478729
1.48175585 -25.50634956 -5.65378714
-4.42524195 -20.25535011 -24.49178886
0.22175752 -25.17234993 -2.83678579
9.80175591 30.77464867 -7.01978827
-0.68324125 -25.62034988 -4.24578619
-10.89724159 -12.31834888 -31.92278862
0.45175704 -25.53635025 -4.67278814
15.90875816 -6.43735075 -35.65278625
33.67775345 -2.89235067 9.57321358
17.67675591 -6.25435019 -34.89978790
-9.69924355 -1.20734918 15.61720848
22.22575951 -9.31734943 -30.21378899
-23.76324272 -7.98935080 5.94221354
4.08175421 -18.95235062 -27.01878738
11.41475487 -21.94535065 -8.01078987
13.88775444 23.81265068 5.46621180
-16.69324303 -6.34934950 11.02621269
-20.62424278 -11.70835018 -13.33878899
21.85275841 4.29165125 -36.87478638
20.15376091 -9.41034985 -31.15278816
-11.31824303 -2.01035070 14.23921013
-29.54424095 -6.57434988 -6.48078680
20.90276146 -9.82334995 -30.40778732
-1.17724073 -4.00034857 -40.60478592
19.40775871 -7.03334951 -33.42578888
-14.67024040 -15.21334934 -20.38078880
-20.28224373 -12.00134945 -14.12378883
37.03575516 8.68665218 -16.53778648
-14.09224129 -3.00034857 11.66421318
-14.15524101 -4.56635046 10.45921135
-12.02724266 -2.42735052 13.51221275
-7.53224421 0.79165131 15.77020836
22.51675987 -19.70434952 -11.72278786
-19.43324089 -9.45034885 -28.63378906
-15.86224174 -3.87534857 13.49621010
13.08675957 -13.67735004 -30.33578873
18.16375542 -18.37434959 -0.48978955
9.44875908 -17.11135101 11.28321266
25.90875816 -3.29734945 10.86021233
-30.74124336 9.65265179 -24.00878906
-2.53124094 26.18165016 2.73821115
-23.06324196 27.25164986 -4.87778616
17.53275871 7.75565195 14.20221519
9.52275658 -16.50335121 12.64721107
30.08775902 15.45865154 1.34521341
-22.03524208 -11.19334888 -14.49278831
-30.27024269 -1.07235086 -22.70878792
-8.66924095 25.63265038 1.93121195
22.28175926 -0.07434979 -35.43378830
-32.35824203 7.38165140 -21.75678825
-16.74324226 -3.33834982 12.39920998
40.13475418 -5.70634985 -4.50478888
14.40376091 14.54865170 -40.89278793
-10.61324120 -1.52634943 14.33720970
15.66375542 6.71164942 14.59020805
24.12476158 -6.11634970 10.02721214
20.86675835 21.95664787 0.61321110
-13.10524178 -16.50634956 6.57821131
-21.04824257 2.38765192 -39.16278839
-18.91524315 1.71164954 -40.62478638
31.54076195 -19.55335045 -16.12078667
22.96275902 5.60064936 12.67721367
14.00176048 -15.16934872 8.55721092
-14.80124092 29.53565025 -7.41878653
1.47176135 -21.77835083 -22.53578758
-24.67624092 -9.21934986 -18.86578751
-15.14124107 -2.90635061 12.12521172
-33.31324387 12.96565151 0.23921056
34.61175919 11.14364910 -17.60778999
4.20876074 -9.80935001 -37.32578659
-8.33724022 22.76864815 7.24621058
26.65476036 -18.59934998 -4.12378836
5.33875799 8.58664989 18.16321373
-32.01724243 -3.49635077 -8.21578789
13.03075981 29.12664604 -21.10278893
4.55975866 -22.33034897 3.47821283
28.60975456 -18.78434944 -4.98678732
1.77475512 -2.33334875 20.45221519
16.03675652 -11.33335018 11.36121178
12.73475456 27.87164879 -0.68478924
-9.73324013 -19.14035034 -21.69478798
33.10175705 -14.17434978 -2.17578650
24.92875481 19.31165123 -25.30878830
8.86775780 6.81265116 -42.22578812
-31.56324196 10.08365154 -21.09578896
-16.09924126 -10.34334850 -0.46578747
29.46076012 -1.58635080 -29.65178871
11.78175926 29.86665154 -19.89778900
1.38375628 -21.01135063 12.49221230
26.97476006 8.50364971 10.27921104
13.50076103 28.84564781 -21.89978790
-8.17424202 1.55665076 -44.18778610
8.41975975 -22.98035049 -4.81578588
-24.29724312 -9.36934948 -19.63778877
34.99675369 13.54664898 -9.26578712
-10.33124352 1.73065054 17.71420860
37.21975327 -6.82234907 -0.73878628
5.85075903 -15.07334995 19.29121208
17.68675804 24.73264885 -2.00178671
-1.73824155 -25.89234924 -5.62878942
24.88075829 -8.70135021 7.92121363
-3.59024286 -11.67134953 -35.41878891
28.56976128 -2.14335012 -30.17078781
33.01275253 -16.68435097 -3.56578588
5.99675512 -12.14434910 -35.21778870
5.52375555 -10.39734936 20.59621239
10.23676109 -16.20235062 -28.31878853
-8.84724236 -22.57135010 -18.75878906
22.44775963 -10.52134991 7.86521387
16.70675468 -15.61734867 -25.08278847
-29.21724129 3.73864985 -31.67678833
13.61076164 -10.61934948 14.38921165
-33.65724182 5.06764841 -17.41178703
-28.59224129 6.27564859 -33.28078842
11.70976067 29.87965202 -19.03478813
-11.17824364 16.65764809 16.77921104
3.07575750 25.66964912 6.39921045
35.87975693 -6.11234999 5.21121073
10.63575554 -22.30635071 -8.58778954
2.06976080 30.29765129 -7.91478872
23.25875664 17.58465004 -33.08178711
12.86375999 30.10664940 -8.85878944
15.13775444 -2.44934988 15.31220818
-11.39624214 30.00565147 -9.28778648
40.84275436 -1.30434930 -10.38278770
25.56575584 19.82065010 -13.77078819
6.94476080 -23.72134972 -5.75078726
20.70776176 -10.48334980 8.85921288
27.39775658 -4.37035131 -30.24278831
-25.10124016 -8.52634907 3.60921335
-4.54124308 27.84264946 -4.27578878
31.92575645 12.59865093 -21.33778763
28.82575798 11.95365047 -29.70178795
32.55075455 11.87164974 -21.06878853
4.54575872 -24.81234932 -8.77778816
-3.56724405 -25.07534981 -16.01878929
0.41075668 -3.64434958 -40.85678864
-15.06624031 -11.37434864 7.58521128
6.28975439 5.91464853 18.34121513
-20.81424141 -11.96334934 -19.25378799
14.77075768 28.61964989 -24.59378815
-15.02224159 27.89964867 -2.71378851
19.31075859 21.70464897 4.03921366
16.82176018 26.17265129 -21.92378807
30.76975822 13.80765057 -21.87578773
19.03175926 -17.76634979 -18.96878815
-9.50624275 3.89864969 19.45821190
15.75675774 19.43264961 10.07221031
3.19875860 30.99165154 -10.88778877
-12.99224281 -16.18435097 5.39321375
2.22376013 -24.94034958 -3.42778921
24.41576195 -10.64634991 6.72221231
27.42275810 16.80764961 2.68221140
26.50675774 -18.63035011 -16.99078941
0.61975634 12.59965038 17.66721153
11.76175499 22.09264946 8.77821159
33.24475479 -5.47235060 7.12521219
8.24075890 27.28964806 4.00521326
7.26775885 8.03065014 -42.75478745
-26.48024178 1.15365088 -33.34578705
21.63976097 5.70965052 13.15221214
8.18076134 -23.19434929 -5.90778875
16.07775688 23.18364906 4.71921396
-30.05724144 2.65965128 -29.17078781
4.77575445 -19.33135033 -26.15678787
22.96675682 15.97965145 8.82121086
-14.64124107 27.46465111 -1.61778784
21.79775810 18.61065102 6.98721170
-9.84324074 -19.96735001 -20.75278854
18.35675621 25.56265068 -23.88578796
29.08376122 -18.60735130 -17.73878670
-2.01824045 -16.16835022 -31.18678856
18.14475822 18.50065041 -37.18378830
-8.12124062 5.67965174 19.45721245
21.48776054 -1.45435083 -35.32978821
14.57076073 28.24365044 -16.04978752
-4.64724207 27.04065132 -1.32378912
36.31975937 -17.34934998 -3.86978674
14.98375511 4.44365168 -40.26478958
10.79276085 24.95265007 6.09421396
17.31175804 -19.75634956 -11.84478951
17.08376122 5.25565195 -39.55778885
-23.53124046 26.95364952 -7.72978735
-3.72424173 2.94064951 18.21621513
18.41975975 26.34964943 -31.32078743
21.51376152 22.33064842 -15.80078697
28.64875603 -4.67735052 9.11121178
-2.49324274 -20.11635017 -25.41878891
13.02776146 29.20464897 -16.94778633
-2.62424326 -24.48534966 0.22721334
-19.01424217 22.70364952 7.55521250
15.02275658 -3.45535040 15.35521507
13.05375481 -1.98235071 16.63321495
35.04076004 -2.94434881 -25.24978828
16.36475945 -19.68235016 -3.58478689
7.83276129 -21.18634987 3.70321131
16.91776085 13.31365108 -39.66078949
25.67475700 4.69665003 11.76521111
31.76476097 14.05465221 2.92721415
10.86875725 -12.42234898 16.33321190
11.14775658 -7.76634932 17.90421104
18.39375877 -19.41435051 -4.36478949
-3.67024088 2.84065104 -44.10478973
-31.11024094 7.93464899 -25.00278854
11.40376091 -4.88034964 -38.53678894
-4.99724054 29.31065178 -8.39678764
8.02876091 -18.05935097 -26.56478882
-25.85324287 -9.11835003 -7.32978582
35.37375259 -17.42035103 -4.10778952
1.06975710 -0.48835126 19.54520988
18.09275627 25.07264900 -20.81078911
23.73375511 20.13564873 -20.03378868
12.28175926 -17.05335045 -25.44178772
36.71475601 10.53864956 -14.24178886
23.37275505 -18.04535103 -1.80278921
14.69576073 -11.02834988 12.86921120
40.46975327 3.36265039 -13.15678978
-28.12624168 -1.44135034 -27.37978745
13.60075951 25.50864983 2.94621134
12.72476006 13.09165096 -41.78978729
9.35275841 -20.92634964 -18.84878731
22.46076012 21.81365013 -14.55478859
10.37476158 -16.18935013 11.58821297
24.12175560 20.02564812 -18.80878830
-9.26224327 13.83764935 18.58820915
-11.11124229 26.51064873 -0.05678706
3.76376104 -22.26434898 4.40321207
-14.89124107 16.40064812 18.72021294
-23.58124352 26.92265129 -8.86878777
-2.60224390 -17.94535065 -28.58478737
-19.00124168 -12.92534924 -15.41478920
25.27475548 15.56865215 -32.23778534
21.90975761 -18.92035103 -3.91578817
0.38275680 -0.79535049 -41.92778778
-23.11924171 24.21064949 3.86221170
-17.50624275 -3.23434973 15.31120872
-5.92124414 25.19264793 3.48821115
-28.21224022 23.64665031 -1.61778784
-25.63224220 -9.20135021 -6.58878851
6.33075476 -9.87135029 20.09221458
-0.25124207 -21.80335045 -22.60578728
33.20375443 14.98565197 -3.35878897
-15.54924202 -7.65934896 9.18221092
0.20975648 -23.13834953 3.15421152
30.83075523 -7.74035025 5.23121119
22.87775993 -9.81034946 8.17121315
22.68276024 21.23264885 -17.49178886
-14.25324059 26.52065086 0.66921085
17.58875847 26.78864861 -25.15878868
-18.34924126 -12.68634892 -9.30078697
-23.86824226 -9.56434917 -20.27878761
-4.27824259 29.62564659 -9.14078712
7.88275671 -7.65335035 19.27321434
-12.11424065 16.90664864 16.89221001
4.77375555 -7.88134909 21.13921165
13.66876030 -11.58234882 13.46321297
-8.47324181 26.01064873 0.98721164
-27.18224144 23.57264900 0.82221073
5.85875463 -16.94034958 18.28821373
33.53975296 14.23364925 -11.27378654
29.47276115 9.89465237 8.61921120
-24.38024330 -3.37135077 -31.18178749
28.54575920 17.69864845 -13.75478935
0.39475784 -22.51135063 5.06021357
17.05075645 21.23764992 -36.55178833
14.66475487 28.31664848 -5.38478613
-34.59324265 10.75965023 -9.15078926
27.26675987 18.94465065 -10.49778938
-9.24924278 28.48164940 -5.93878698
26.73776054 19.05064964 -13.40778923
-10.84924126 -19.18535042 6.71821070
24.25275993 -18.00735092 -18.13178825
13.94376183 10.36865139 -41.24378586
27.07875633 18.65664864 -14.51478767
34.35875320 -17.83035088 -4.51878881
-15.85524178 -1.39434946 17.98421288
0.60975802 -1.48734796 20.24521446
-12.69524193 -15.91934872 -22.43878746
-6.34324121 29.20364952 -8.13978767
16.75176048 26.57765007 -6.29678869
13.46175957 -9.78734875 15.17020988
24.81575584 4.03864908 -34.72778702
26.44576073 18.85564995 -16.10878944
-34.30724335 11.83864880 -9.04978752
-17.81424141 24.49764824 5.03821421
5.09475470 -9.34134960 -37.53178787
37.40075302 11.53264904 -9.87078667
-32.24624252 -2.08035040 -11.58478737
19.10775566 8.60665035 13.79221153
17.15075493 -12.55634975 9.24721336
-8.21524239 -24.28834915 0.15221258
-18.27024269 20.72865105 10.75521278
26.39575768 17.91464806 -27.86778831
-8.83124352 -24.77034950 -0.57778698
3.44576025 -25.18434906 -8.68278694
29.89675713 4.82464838 10.65721321
25.15975761 -17.30335045 -20.11178780
-17.72024345 -12.53135014 -5.46878958
-14.63724327 -4.93534994 9.13221169
-14.81024361 -5.57434988 9.91821098
19.14975548 8.11965084 -38.72178650
20.48175621 -16.70434952 2.12021112
28.60675621 -18.34535027 -4.10378790
-31.39924240 -0.37835065 -20.28578758
17.13175774 27.42164803 -25.77878761
28.64375877 16.52564812 1.01521158
16.18276024 -19.13134956 -1.18278646
21.36675835 -16.76735115 1.67621088
-17.07224083 -16.15135002 -14.96879005
12.65075493 -20.84835052 -13.34478951
-27.41624260 -8.26534939 -5.72878790
-1.08924329 0.92164856 19.10821342
5.57875586 -3.97535086 19.68321037
23.19275475 20.85365105 -25.27878761
-18.78924370 -7.94934988 -32.14578629
10.05776024 26.28264809 4.70121241
10.59375572 30.43365288 -17.09978676
8.17775536 -21.78434944 1.37121058
15.08376122 28.22865105 -6.45378637
1.69775927 -22.01434898 6.83521128
-25.26823997 -2.86435080 -30.48278809
3.40475988 18.87565041 13.35221291
-30.74124336 1.80665076 -26.12978745
16.25475883 28.48564720 -28.40578842
7.33175421 -19.55235100 -24.29278755
-9.56424141 -21.16135025 3.39021158
2.23175573 -23.45635033 1.39821100
5.51275396 -7.15534925 20.47720909
8.15975761 30.29565239 -3.75478888
11.36176109 -17.02935028 -26.15278816
17.67275810 -14.03234959 -27.13878822
-13.81324196 18.23164940 15.42421532
9.50775719 -15.28734875 -30.12578773
32.03475571 -20.67734909 -11.88678932
10.57275963 5.93065119 -41.70178604
-23.49224281 27.06365013 -5.98078680
15.67275810 27.21864891 -4.66078711
-12.16524315 27.72865105 -3.01578665
23.13375664 16.89864922 7.72121286
11.65775871 21.26664925 9.63721275
-27.98724174 -7.18934965 -12.38278770
-30.88024139 1.16565192 -24.79378891
9.53575706 21.75565147 9.92321205
24.83075523 4.41865015 12.08621025
12.21076012 8.36965084 15.22021294
10.29775810 -22.42034912 -7.64578772
27.79276085 4.66165018 11.11021233
-2.12624216 -21.49835014 11.86721230
4.19576025 -11.32334995 -36.20178604
-0.25624314 -0.21035138 19.60921288
33.03075790 15.11665249 -4.28278875
21.05975914 22.64565086 -23.26278877
-11.63024330 -18.25335121 6.05221415
0.70775759 25.54765129 5.81421137
-13.23324013 19.63564873 12.49621010
21.66475487 -19.68135071 -6.81678915
27.89076042 -9.63634968 5.38321161
40.82275772 -0.01635113 -10.68578911
40.53675461 2.12864923 -12.99278831
0.96875918 -4.77835035 -40.40978622
18.53575706 -13.46535015 -27.47378731
32.25575638 14.74965191 0.59521335
12.64675713 8.57065105 -41.52778625
14.30875969 28.86565208 -6.23178625
30.26975822 14.58365154 -20.97078896
40.16576004 5.78365183 -12.86178780
13.78075981 29.76765251 -27.12678909
14.11176109 11.43065166 -41.23478699
21.72176170 -11.22334957 -28.68178749
11.60375786 -21.62635040 -4.72978735
10.21175957 -12.31534863 -33.47778702
-4.31824350 26.08965111 2.03921366
-0.13524093 28.89565086 -4.16178656
0.13375627 -25.11535072 -14.90978813
21.30375481 1.91165030 -36.72478867
6.43275976 -18.81335068 12.95721245
11.62175560 9.74064922 15.18720818
-13.72024345 30.12865257 -9.30278969
-23.06024361 -7.62835073 7.00521326
-9.01524162 -11.89935017 -33.56378555
9.14275932 -21.13934898 2.04021311
-14.43624306 -18.04235077 -17.95278740
30.72376060 -19.12335014 -16.86178780
3.85675573 -20.53535080 11.17621040
1.23375475 29.95964622 -7.24778891
26.28175926 -19.81635094 -12.34978676
16.41475487 25.60365105 -33.89078903
-18.68224144 -7.67135000 11.38521004
7.40875769 -23.58835030 -6.69478750
-9.83124352 28.95464897 -6.94478750
13.21575737 29.78465080 -7.53878927
-33.31224442 8.44264889 -17.81378746
21.39975548 12.77865124 -36.89078903
15.10775566 -15.92735004 6.55321360
7.04076147 -17.34035110 -28.32278824
8.51675987 -16.38235092 -29.04178810
15.47476006 -18.33835030 1.67521143
-20.83224297 21.18464851 9.08721352
16.60075951 -13.22834873 -28.90078735
-7.58824396 -21.06335068 10.04621315
18.21475792 14.81365108 -38.46678925
-15.97824287 -16.37835121 -16.44578743
15.20776176 8.89065075 14.57121086
17.58075523 -8.88134861 -32.93278885
8.53575706 31.13964653 -8.40478706
32.99975967 -17.42234993 -4.12578726
8.41576195 -11.05134869 -35.35778809
-14.83424187 -7.66335058 7.41421366
-22.37324333 -8.21234989 3.94621134
0.40675887 -2.49535131 -41.29978943
-33.59124374 -2.50335073 -3.89078665
-6.39924097 22.58965111 7.92121363
-1.35924375 -23.88134956 1.57421350
2.82275915 -20.49835014 13.09821129
8.27976036 -23.24334908 -7.23078680
-26.54024315 -5.86835051 -23.14878845
-23.01124001 -10.50534916 -11.72778893
26.33675957 -8.35534954 7.38821268
31.74275780 -20.50435066 -13.11478996
33.70975876 12.53964901 -16.75578880
-0.59124219 -25.86134911 -6.12078619
-18.69724083 24.69064903 4.64321375
7.44476080 -15.42335033 -31.01278877
-30.25424004 -5.62235022 -7.67278814
30.10075951 -18.69635010 -17.70678902
-2.58124399 -3.98634863 -40.47178650
0.32575759 -21.36635017 -23.45978737
13.54675865 28.97965050 -16.12178993
-12.13024330 -2.41734838 14.29421043
-13.70824242 16.49664879 18.15321159
-5.31224298 2.49265146 17.42821312
-8.35024071 -25.49435043 -2.05478811
10.54376030 -22.16735077 -5.67478704
26.50375938 17.48764992 -28.65378761
11.99175835 -9.37434864 16.91521263
29.53875542 15.17764950 -21.62478828
-11.29024315 29.17564964 -7.10078955
1.42175829 -24.90934944 -2.61778784
-5.14024210 29.90364647 -9.94878960
13.17675591 14.15664959 -41.53178787
-16.34624290 -9.67335033 9.22121239
31.57375908 15.94665051 -5.94378805
-0.48824158 -0.27235165 -42.19778824
16.31075859 23.82464790 -35.35678864
-12.38424110 28.82665062 -5.83578634
16.54376030 9.48865032 -40.03178787
5.64875555 -16.32135010 -30.52878761
34.68075943 -1.74934900 -25.36878777
-8.98024178 -0.64235061 15.04820824
-17.92124367 26.95065117 0.10821385
-6.84024286 29.80364799 -9.58278847
-13.19224358 -2.93634939 11.60321236
28.30075645 -18.25135040 -18.47478867
-19.60924339 -12.06734943 -22.30778885
7.20575476 -10.37234974 19.55421257
-15.59224129 -4.72935057 9.14321327
8.19775963 -9.64434910 19.11021233
3.60975409 -9.20434856 -37.80978775
17.46875572 25.67064857 -5.17278814
0.80375826 -20.76634979 14.98321342
0.04775772 29.20364952 -5.21278906
10.16275597 -7.97335005 18.38421440
-20.01724052 -12.41234875 -16.70878792
21.35175896 -15.02834988 -24.15478897
23.05075645 -11.39935017 -27.97778893
9.70075798 -21.73134995 -15.49778938
-32.39424133 17.91864967 -5.39678717
22.45075798 21.65265083 -15.74378777
11.94975853 -16.47935104 -26.73478889
9.71775627 0.23464832 18.00021172
-28.05124092 -6.89034986 -13.48778725
-22.53224373 23.31365013 5.38721323
-14.84324074 -2.69835043 15.33321190
30.73875999 14.31365108 3.16221094
13.63375664 -19.89435005 -0.50278622
-13.01524162 -9.46434879 -34.01578903
-15.40724373 -14.67035007 -20.19578743
-5.66524363 0.44665012 17.40720940
15.86076164 -3.31034994 14.86321068
41.21075821 3.80364847 -11.30978966
29.37576103 15.50165081 -20.86678886
10.40875816 16.49865150 13.60721016
9.30175591 -0.85035080 18.32821465
5.18975592 -3.69835043 -40.53778839
-17.95024300 22.47165108 8.04221153
-4.09924173 -2.47535086 -41.17878723
16.25675774 16.05764961 12.80021095
-15.69624138 -7.74234915 -34.70378876
24.25675774 -18.70535088 -3.89078665
-16.75824165 -4.92534971 8.96421242
18.35775566 26.09765053 -25.03478813
12.34676170 30.45165062 -10.06278801
-0.56024396 -21.38234901 12.16321373
19.57575798 -17.42634964 -19.70678902
-35.15124130 4.05864954 -8.94178963
25.38175774 20.23264885 -11.67378807
-21.95724297 27.69965172 -5.29778814
20.69775963 -8.45334911 10.42721367
-20.81224251 -9.94435024 -25.89078903
6.40975714 -20.08735085 -23.91178894
-3.91424417 -25.46834946 -2.34478903
22.93875694 1.96065009 -35.70378876
-33.19224167 0.68564850 -13.97678947
18.28175926 9.63065243 13.92521095
-13.69724083 15.69164944 19.14721489
22.02776146 20.77165031 -31.84278870
38.71975327 10.26565075 -10.08578682
16.35675621 -4.41534948 14.49721336
19.69676018 7.73565149 13.68221092
-28.15324211 -8.05235004 -2.49678946
-34.13524246 -1.27435052 -4.48978949
9.91475487 -18.69135094 7.13021326
35.31675339 11.74664974 -14.80178642
22.43375969 11.06365108 -36.50078583
7.16576147 -5.18435049 -39.57278824
-3.43424082 24.52564812 5.68021250
21.52675438 22.77264977 -11.75478935
17.41075706 -16.81834984 -22.27178764
-2.09424067 -21.71234894 10.69721031
16.91475487 23.95065117 2.06021357
13.96875572 28.08565331 -3.25278616
-16.14524269 -1.58735025 -40.53278732
31.99675560 15.67465115 -4.67878866
-23.49424171 27.01564980 -6.77978659
14.77776146 -20.45434952 -5.84078741
32.63875961 15.33565044 -5.44078588
9.50575829 -3.63334799 18.61021233
-20.78324318 -10.76134968 -24.00178909
19.15975761 25.83365059 -25.92078781
22.59475517 3.91264963 -36.33178711
-16.54924202 -15.83734989 -15.89578819
-22.66224098 27.43364906 -6.01378775
16.98475456 1.27265036 14.43520927
-16.52624321 -11.54334927 -2.35778952
-31.49524117 0.99265152 -22.43678856
4.16075659 -0.12334958 19.00821495
-21.13024330 -2.46135092 -35.58178711
-5.42424250 0.19465122 -42.91478729
-22.66524315 -5.09634924 -31.61978722
-19.90924263 -7.80434942 3.02021265
19.62576103 7.15564966 -38.42878723
8.93975639 -8.32334995 18.85821342
-4.46924067 -15.93134975 -30.77278900
7.84175634 -8.70534992 19.29820824
14.97675896 12.04965115 14.30521202
15.42175865 -4.53135061 15.02121544
-4.17124414 -24.68334961 -16.90478706
-18.06624031 -14.20234966 -2.26478720
22.19075584 -18.14635086 -1.64978933
-14.44524193 -4.92435026 9.41421318
15.16576195 -1.21534860 15.25620842
30.30476189 -19.50735092 -15.81778908
-2.08224344 0.65564972 19.19421196
28.78675652 17.69864845 -12.26478767
-8.99324226 0.55565125 15.14721489
-14.97624016 -5.67335081 7.98221064
-15.33924294 -5.12935019 8.54621315
11.70575523 -20.37235069 0.71621174
1.71475756 -20.44034958 15.64121056
-26.86424065 22.71864891 -15.57778740
-10.86224174 28.83064842 -6.32278585
-12.01924324 -13.34234905 -29.31678772
41.19375992 -2.97334814 -12.57778740
10.31675529 9.14364910 15.84421349
11.36775780 -15.61034870 11.03721046
7.34175634 1.55765021 18.40620995
16.61076164 -16.58335114 -23.26378822
-27.62024117 0.58565003 -31.29178810
14.59175682 25.93564796 0.88921207
3.95976019 -15.85834980 19.92320824
-34.51724243 7.50364923 -13.48178673
17.19576073 17.53164864 -38.32978821
20.36176109 8.66065121 13.38921165
-33.38924408 1.51465094 -14.47778893
38.67175674 -10.71634960 -3.13778830
12.47476006 -18.78734970 -21.25978851
-7.42724085 -21.64634895 -20.72278786
-6.37024164 -19.44435120 -24.38878822
-23.78124046 -10.08434963 -9.51178932
16.33476067 -0.81734985 14.66621208
-2.35524225 -17.41035080 -29.40978813
22.22675896 -19.45434952 -12.87578773
-10.96824074 15.40365124 18.13821220
12.18775749 -21.57534981 -7.21778631
10.90376091 -21.06934929 -15.90278816
39.88075638 2.52464914 -14.97778893
-31.00624275 20.33365059 -5.55878592
9.72575951 31.16065025 -10.24278831
31.42175865 -18.56834984 -5.21578741
10.08075523 -13.66734982 16.31120872
-20.52924156 -11.14034939 -9.08778954
-13.58724022 -15.43435001 6.25821161
6.41375494 -24.01535034 -6.67878866
-8.80624199 -20.69935036 7.07021189
-5.78424311 -15.64034939 -30.51278877
-8.18624306 21.39864922 9.28421211
-25.36824226 -9.26634884 -5.72078848
14.34876060 -20.65634918 -8.32278633
12.36775780 -20.96035004 -2.51178885
13.38375664 8.23865032 14.92120934
10.89575768 30.65665245 -7.43678808
0.61675799 8.70365047 18.66321373
11.77675438 -12.87135029 14.64221001
18.54376030 24.51864815 -4.01278830
13.07475853 -19.78235054 -17.26178932
14.81575584 28.23264885 -23.55278778
16.47176170 10.29365063 14.27121544
-1.89424360 -25.74835014 -4.34378958
15.99375725 7.49564981 -40.16578674
8.57076073 -1.85234964 -40.51878738
16.15376091 -18.82135010 -17.14278984
6.69975805 -6.88334990 19.76221275
-15.01424217 -13.43134975 -0.44578701
-17.46624184 -12.07034969 -4.58678579
-30.63724327 -3.98034811 -12.92678642
-6.40924311 3.40764856 -45.10678864
41.35175705 -3.54435110 -11.43578911
21.54076195 16.48364830 9.59721184
7.61176062 31.06065178 -7.57578802
36.33375931 -8.69134998 -2.04878759
-0.69124067 -25.06035042 -1.91978598
-6.99624109 27.97965050 -5.07278585
14.24675560 9.35264874 14.67020988
39.72175980 0.75065094 -16.26978874
0.53375781 -20.95635033 13.79521370
-9.52324104 -22.92634964 1.50221109
13.50475883 -20.64534950 -12.53078651
-14.80024147 -6.71334982 7.79521418
-28.24124336 2.14765024 -32.14678574
9.11176109 -16.08035088 14.89921379
34.16275406 14.56265163 -3.85978842
13.15075493 29.98764610 -10.78078651
9.54076195 12.76064968 -42.76278687
29.57575798 -18.59634972 -4.85478735
-18.30524254 -13.04234982 -8.12078667
-3.00524378 -3.04335165 -40.89778900
23.11375999 21.05764961 -16.59578896
-14.87724113 -6.24035025 7.53421259
-13.29024315 -2.20335150 12.48821068
25.01875877 20.55864906 -10.89078712
-18.33724022 -13.02634907 -10.02178764
33.87675858 -4.12235022 -26.22278786
-14.13624001 -14.20034885 -24.38878822
28.27175713 17.22064781 -17.54478645
30.64975548 16.49865150 -5.89878607
22.19875908 19.86364937 3.95221186
12.36875725 -14.13134861 11.99921227
14.53975487 -20.43435097 -4.73178625
12.08175468 -14.86734867 11.24421120
25.67976189 19.82665062 -4.23878622
26.65975761 -19.23035049 -15.26078987
17.54176140 25.87264824 -22.94678879
-17.45524025 -6.00234938 11.84521294
9.50076103 -12.08034992 -34.02778625
-9.98324013 -20.02535057 7.75421381
5.12676001 -16.19635010 19.15620995
9.79575920 30.89764977 -20.67078781
-6.81824350 -8.89434910 -37.03678894
7.74675512 29.27864647 0.38321155
-19.46324348 -7.29535055 3.89921045
-9.50824165 -14.77234936 -29.01478767
-25.08724022 -9.51735020 -8.96378899
28.67175865 -19.64534950 -14.66078758
18.82975578 -16.90335083 -21.30278778
14.90675926 -9.81935024 -33.54678726
27.01975822 18.13065147 -17.83778954
14.67875481 9.70065212 -40.88878632
-16.28924370 -14.11734867 -19.91578865
0.65875781 -24.81234932 -1.76078939
10.68276024 30.22264671 -4.88278723
17.96375847 -13.51834965 7.61521387
-3.87624216 6.39665079 18.69221306
3.71175909 12.78665066 17.10320854
10.26175499 -10.79334927 17.76021385
-9.50824165 -20.58435059 4.32921076
-10.66424370 -15.53234959 -26.34778786
3.38775396 1.20265067 -42.32778931
10.24175835 15.29564953 14.08821297
37.24675369 4.93464899 -19.48878860
-11.77724266 28.11465263 -4.15578604
-14.21124077 -18.85935020 1.84021235
28.60275841 -2.14035177 10.53421211
-9.67124367 -13.06134892 -31.74878883
11.45876122 -18.05035019 -24.06378746
7.21675634 -2.21434927 -40.68078613
25.18076134 -19.21735001 -5.60678625
22.28475761 16.73864937 8.73321342
-14.15324211 -14.53634930 6.80421305
0.71075594 -25.80934906 -7.47878790
23.08576012 -18.82035065 -15.44478798
-8.69224358 -24.11134911 -16.74278831
17.48975945 -19.82335091 -6.11178732
13.22675896 27.20265007 0.16121145
-6.88424158 -9.69034863 -36.36978912
29.03275871 -17.97834969 -19.20678902
-3.53624201 -4.79134893 -39.98978806
-23.87224007 -10.09035015 -10.80578804
-29.01524162 -7.69934988 -0.83578640
33.75475693 14.71565151 -2.62778616
4.65575933 -24.37534904 -3.93178701
-21.68124199 -5.95235014 -31.83078766
-17.11624336 26.54564857 0.92721409
-10.52523994 29.52664757 -8.22278786
-0.81924284 22.90464973 9.06221199
6.33575964 2.59765100 18.50520897
9.87975883 -4.90534925 18.53521538
4.15376043 -21.88035011 5.62921381
-27.72324181 22.54865074 1.55321360
22.43475914 22.19764900 -11.29878807
5.83875799 1.53164923 18.60921288
-25.21824074 -9.44435024 -7.97678900
10.52776146 -7.15234900 18.27020836
-34.58824158 8.21065044 -12.80378914
-10.72224236 -0.29834881 14.56120872
12.56876183 29.67465019 -5.34078741
11.52876091 25.16065025 5.31721354
8.07375908 8.65664959 17.22321129
32.29275894 -18.57735062 -5.31078863
-12.07024193 -7.17735052 -36.82278824
-33.91224289 12.91165066 -9.63678932
18.19775963 26.78164864 -26.22378731
-30.82924080 -1.50335062 -19.85678864
22.50975609 -19.51035118 -6.21478796
-34.07424164 2.83265162 -12.81578636
15.47775841 3.29464960 -39.93878937
22.24075890 -15.93334866 -22.52178764
25.14076042 -0.09935132 -33.52778625
28.63175774 17.72965050 -4.87878942
4.24875402 6.74064875 18.56120872
27.63575554 -10.76434994 4.60221338
-13.84124184 -13.50035000 4.04921198
-17.34624290 -11.05535030 -27.81678772
10.23275566 5.92864847 16.64821434
6.37375402 -9.04634953 20.07021141
-30.61824226 0.21065006 -24.08578873
1.70575488 0.52564865 19.10120964
13.89875603 12.34765148 -41.33578873
30.75675774 -3.73835135 9.29521370
21.87175560 5.49664927 -36.97478867
21.18875694 -2.30735159 -35.11778641
-33.50424194 14.70464993 -7.45178747
7.43375921 18.29364967 13.23821068
-5.54624414 -0.27134839 18.26021385
-18.78624153 -5.06635046 13.39421272
-20.82724190 -8.19334888 2.64221048
13.12576103 -4.24434805 -38.24578857
5.34876013 11.73264980 17.10021019
-11.85424232 -22.19734955 -17.44678688
22.96076012 21.66964912 -13.10778999
16.62676048 26.67764854 -23.19078827
-35.08624268 8.38965130 -9.64078712
13.66776085 -20.89934921 -9.25978661
26.90175438 -0.81535095 -31.94778824
29.89675713 -5.10535002 8.42521095
29.07076073 -7.43035078 6.64521265
2.21975470 -19.56635094 -26.38878822
34.90175247 13.98964977 -6.50678778
8.36176109 -12.11634922 -34.44178772
-8.89524269 -23.66634941 0.84921116
6.01376104 -24.22934914 -7.73278952
23.82675743 11.98264980 -35.24078751
15.00975609 -8.22634983 14.47021294
-11.59424019 -19.00135040 8.39521217
-0.26324311 4.30665064 -43.82978821
22.22176170 -18.84735107 -15.20878792
14.25176048 -9.52334881 -34.12478638
-24.70024300 -9.58834934 -6.88178778
13.66975975 -20.93235016 -8.06378746
6.46275854 31.41464806 -18.24878883
-18.27424049 -12.58734989 -7.99178839
-17.80924034 26.20265007 1.68321085
-10.68724251 -0.91434997 13.91021156
-18.79024315 -13.29634953 -7.31878805
-18.51724052 -13.82834911 -10.85778999
17.93475914 21.29065132 6.26621103
-27.14824104 -0.18335095 -31.00778770
34.63675308 -12.77435017 -2.47378683
-13.04224205 -17.51735115 2.83021402
-34.27524185 10.06564999 -2.22678900
-28.33024025 -8.06834888 -1.12878942
-25.74524117 -9.02234936 -12.02078819
-26.28624153 -8.76035023 -1.48778677
-3.46624231 5.16865015 18.56120872
-31.93624115 5.50065088 -23.82678795
27.16676140 -19.76535034 -13.23278999
-1.17824399 -23.41135025 -19.41078758
0.96975863 10.53065014 18.28821373
20.55875969 15.44264889 -36.58078766
14.89675713 26.35264778 -0.56678921
-2.26824045 -1.01434839 -41.96278763
-7.99524164 25.23164940 2.89321375
-18.04024315 -6.16335058 6.52521372
-22.61224174 27.54865074 -9.56278801
-6.35824060 27.11964989 -2.32878637
-23.43624306 -10.33434963 -18.11278725
-8.53124046 24.08164787 5.08821344
5.86076117 -0.69635147 -41.40178680
-33.79624176 -1.54934824 -5.82378912
25.80476189 19.54464912 -3.02478933
25.91576195 -19.08735085 -5.31278753
9.06775475 -22.62034988 -4.14878607
15.49875450 -19.96735001 -12.67278862
24.35975456 21.02364922 -10.37478828
-19.17824364 25.15064812 3.74921274
13.68675804 -5.13734961 16.27921104
-0.78124082 -22.84934998 -20.51278877
0.45275649 -22.06234932 -22.03178787
-5.84224176 14.08265209 17.46021080
-16.45024300 28.33765221 -3.82378912
11.04875755 18.17564964 12.62721062
-23.59124184 -10.28734875 -12.86178780
3.99175787 -24.11235046 -15.47978783
34.62275314 14.28864956 -4.89178610
-10.83624077 -1.53635156 17.38321495
23.25975609 -16.73235130 -21.04178810
22.68675804 20.02364922 2.73821115
29.95776176 -17.17634964 -20.61578751
6.34776068 -11.16335011 -35.94178772
-5.35624170 -18.75335121 -26.09978867
24.43575859 18.72764778 3.22121286
-13.40524101 17.23565102 17.00021172
5.96575689 -8.15134907 20.29921532
-26.74424171 3.82665110 -35.16678619
-1.60624158 -22.81335068 4.29521418
4.17775488 -5.13034964 20.71220970
-2.65324259 -25.57035065 -3.06778860
-13.12324333 1.48264945 -43.92378616
28.77876091 -17.56735039 -20.04478836
17.54875755 -6.35934973 13.48421288
25.80875969 -19.22635078 -14.91478920
12.60175896 -21.39834976 -8.42078972
24.19775963 -13.70234966 4.28721094
-13.30724144 -8.41634846 -35.06978607
-10.81624031 -7.98235083 -36.52878952
-10.04024315 -0.51835006 14.28320885
-32.03324127 18.56865120 -5.96078634
-12.50524330 -2.19334936 12.47921181
-9.85024071 0.07264957 14.82921410
-18.86724281 -13.52435017 -8.48678780
-6.77624369 13.88765240 17.73721123
3.94275427 -21.92034912 -21.51378822
-35.20524216 7.09364939 -9.91478920
4.39875555 -14.05034924 20.39420891
30.47675896 12.38965130 -26.16978836
-0.19724120 -23.21234894 -19.75578880
20.86575890 16.66565132 -35.79778671
-26.63124275 -6.17234945 -22.21478844
-15.90124321 -1.70034921 16.13221550
16.52475548 5.88564920 -39.83978653
25.63876152 7.19465113 11.26821327
15.73075676 9.59564877 -40.40978622
13.39975548 3.10864878 -40.53178787
-14.48024178 17.58465004 16.90321159
-12.31824303 23.60264778 6.08821344
32.27575302 15.44365215 -8.48878670
-6.85224390 1.76664984 -44.12978745
-15.27224159 -6.48335028 9.54921150
-2.11224222 -21.28834915 12.95221138
18.61375999 24.17664909 -2.54178762
8.43875694 -5.34135008 -39.20278931
8.49976158 -22.11935043 -0.33678585
27.89076042 2.81265116 11.30921364
9.76175499 24.14665031 7.55121088
18.97675896 18.45564842 9.41121101
35.78575516 8.88664913 -18.56778908
11.97775841 -11.75234890 15.45821190
15.57375908 -8.84934902 13.64821053
-8.16424370 -11.74934864 -34.10778809
-31.46324158 6.84065104 -24.88678741
-14.92424202 -14.66034985 -21.33378792
-19.11924171 18.91765022 14.82121086
-7.92324305 -0.20535031 15.83021355
-2.41224146 -24.97635078 -16.11978722
-29.57224083 -2.08134985 -22.67378807
27.76175499 -17.24234962 -20.70278740
20.87775993 -19.35435104 -13.09578896
34.35375595 14.35764980 -5.86178732
-17.08324242 20.47265053 11.35421181
-21.31524086 21.53465080 8.30321312
-1.48524320 27.00065041 1.19921350
-9.73424339 25.92064857 1.24821329
23.59475517 -7.22834921 -31.02278900
14.15376091 5.00665140 -40.61978912
-18.63324165 27.25864983 -0.58278805
17.48075676 23.63265038 -34.64478683
-6.48024225 26.26965141 0.59221119
39.63875961 8.80765057 -10.97178841
0.77875674 5.21964884 -43.81078720
24.28975487 -17.25234985 -0.43478924
21.41876030 17.49564934 8.70121193
14.73875999 27.37764931 -2.85678625
8.38075829 -17.44235039 12.97521019
32.55475998 14.33664989 -14.27478981
-24.67324257 26.30164909 -7.34178686
6.92475653 13.94665051 15.40720940
-14.57324028 -5.48235083 9.04121208
-3.37724161 12.06564999 18.03120995
11.60675621 14.33365154 -42.18178940
-14.30724144 -4.78135061 9.81321144
-2.02224207 -23.22035027 3.22121286
0.13275681 -22.48735046 -21.17678833
-29.10124016 13.30465221 -23.63578796
-29.24624062 13.09865093 -23.52478790
-18.34524345 -13.23235035 -9.70478630
-14.67024040 -5.66134977 8.58121300
-10.03024101 -0.88635010 14.25321007
-18.00224113 -12.31734943 -6.28378820
-18.03724098 -12.81935024 -6.27678823
-18.16024208 -12.69034863 -7.13078833
-8.99724007 -0.22435132 14.81020927
-9.30924034 -0.07235089 14.67821312
8.78475761 10.17965221 16.28021049
18.78575706 -11.32334995 9.29821205
21.44775963 -4.31734991 12.49821281
-4.85224390 -25.00634956 -16.19478798
20.17075920 -7.79235029 11.21821022
-9.50624275 19.48864937 12.11821175
6.98676062 -9.40334988 -37.07378769
-7.66524363 29.42165184 -8.51878929
33.59475327 -1.68935144 10.27221107
11.57875633 28.71065331 -1.09578848
-6.66224146 22.11364937 8.53721046
-27.48824120 22.34665108 -13.66378975
29.70275688 16.40265083 -15.98878670
-26.50224113 -3.34634924 -27.71478844
7.76775885 -23.49035072 -10.11578941
-17.33424187 -4.66534948 10.02420998
-6.54324198 -23.35634995 2.03421259
-27.60124016 24.25164986 -1.79578924
34.01875687 -18.77535057 -18.00978851
-14.82124138 -17.85334969 1.52321100
19.05975914 -11.85534954 8.62321281
-30.40124321 8.37964916 -26.74078751
40.59675980 -4.64235067 -6.81278753
8.07475853 -7.05034971 -38.35078812
-28.78824043 -2.93335104 -23.14978790
-19.96524239 -9.21634960 11.41521263
37.26175308 -2.59134817 -22.92578888
19.60375786 -19.46635056 -12.56978798
-34.16624451 12.01365185 -10.00778770
21.52475548 11.66265011 12.16421318
-8.97424126 28.13564873 -5.13178778
36.93875504 1.82165015 -21.62578773
21.94576073 -2.20634985 -34.70178604
27.02175713 14.33265209 -30.91078758
-23.32424355 -9.41434956 -2.21078634
26.37375450 -3.41835165 -31.26278877
-24.46424294 26.36165047 -10.61578941
16.98375511 26.18665123 -16.98578835
11.87075615 -21.20834923 -13.22478676
32.68575668 13.59665203 -16.56378746
-8.53024101 27.49464989 -3.40478659
-18.13924217 -13.43234921 -17.13278770
22.60975456 6.20464945 -36.52478790
-28.83324242 22.44764900 -7.61878729
2.53175879 28.30264854 0.87821048
7.24875402 -17.80834961 15.25520897
35.41875839 -8.89334965 -1.46278906
16.62576103 -9.01735020 -33.31778717
-17.10524178 19.49464989 13.55021095
36.55275345 8.45365047 -17.73078728
41.06275558 -2.33535147 -9.62778664
19.69075584 -9.27334881 10.44821358
-18.74724007 -3.53635168 -36.84178925
22.67575645 -7.55235052 -31.29778862
24.92075920 18.08764839 3.93121195
23.64675713 5.16765070 -35.73178864
-1.31324232 -25.99934959 -10.67178917
9.66876030 -15.85934925 13.90021324
12.26075554 7.42965174 -41.49478912
40.44475937 -5.24534941 -3.51978827
18.98475456 2.47564936 13.93321037
23.33875847 18.19864845 5.87221384
10.36875725 -14.91534901 14.15720940
-16.80524254 -14.26834965 -1.58378744
2.59375525 -2.90735006 20.45521355
23.60575676 21.58064842 -7.58178854
20.82076073 23.75864983 -25.36078835
3.62476110 6.68564844 -43.39678955
-15.63424110 -5.75335073 10.70421028
14.17976189 2.11564875 15.37221336
-9.56524086 30.09664726 -9.89078712
30.31275749 14.04365063 -22.95578766
6.71375799 31.24564934 -15.04378700
-18.85424232 -12.66534901 -11.27778816
-27.88324165 4.86165094 -34.30778885
-18.04424095 -14.79134846 -1.48678732
-14.77724266 -9.46535015 3.68121195
-16.15924263 -7.94334936 3.49221277
8.62275505 31.06365013 -18.57578850
40.45075607 -5.31134939 -6.05578756
40.15075302 -5.46935034 -2.45778799
40.66975784 -4.63334990 -5.28878927
-7.09924173 2.03264856 16.55121422
-17.28824043 -13.98834896 -17.24578667
38.87375259 -6.39235067 -2.35878897
40.52575302 -4.74635077 -6.29578924
-14.24724007 29.84965324 -8.37878990
-10.26624107 -0.57534927 -42.84478760
15.43775749 28.80664635 -29.15878868
-11.04824257 -13.39734936 -30.11278725
39.57475662 -6.20135069 -3.36278677
-6.50724268 -24.14335060 -17.56078911
-9.47024345 0.43265018 -43.52578735
-6.72724390 -25.41234970 -1.99778891
16.92075920 22.46665001 -35.85478592
39.54775620 -8.42434978 -3.77978659
-15.36324120 -8.76234913 3.02921152
40.31975937 -5.37034941 -5.59178686
5.09075689 7.16264963 -43.12578964
-18.19524193 -13.56434917 -11.65478706
-17.78924370 -11.14134884 -3.74478674
-16.87524223 -14.72834873 -16.37978935
40.75275803 -7.07434988 -5.24478674
-28.58824348 18.75565147 -16.96978951
-18.88624001 -6.54334974 5.78221369
-15.93624306 -5.76835012 7.33621073
-18.18324089 -15.18134975 -13.07578850
-18.28524208 -13.08335018 -5.36378622
-17.81024361 -6.98035002 4.42421198
-14.95324135 -6.86234999 6.57721186
40.68675613 -4.20535040 -6.93278646
-4.27924204 23.31865120 7.39921045
3.35475683 -22.18734932 5.03821421
-18.94224358 -13.53234959 -4.65678930
-4.72724390 18.71764946 13.51621056
-32.16224289 -4.37135077 -4.58078909
-32.11624146 3.36364985 -22.70278740
-18.55724144 -13.27734852 -13.79578972
-19.50324059 -13.65034962 -6.97078848
-10.89124107 1.48364890 -44.22478867
-17.10124016 -15.26134968 -15.24478722
-16.67924309 -7.39935064 4.28721094
-17.00024223 -11.84134960 -3.35278845
-16.16924095 -2.92934942 15.39221001
0.59975970 4.15365076 -43.58078766
13.15775871 29.26564598 -22.90578842
8.44875908 10.00364971 -42.77578735
-18.34124184 -14.04634953 -11.79578972
-8.62524223 29.13464928 -7.66578817
6.44675970 31.25864983 -14.23778725
-18.74924278 -12.99934864 -12.51978874
41.25575638 -5.69734907 -7.10178900
-17.63424110 -15.54434872 -14.24078941
-17.46124077 -14.37835026 -15.33778954
-9.51224327 29.29465294 -7.87078619
41.05775833 -4.05835104 -8.21778679
-16.09124184 -12.43334866 -2.17178869
-18.01024055 -6.61334944 5.36921167
-17.43824196 -12.39935017 -4.68078756
-16.04424095 -6.81935072 10.16921043
-15.37624168 -7.48935080 5.71421289
-31.85824203 0.70165116 -20.67278862
32.95175552 -13.69934940 -23.43978882
-22.73824120 27.34665108 -3.85378790
9.74275780 31.06365013 -13.08778954
14.86675835 18.38165092 -39.58078766
-17.71124077 -12.81034946 -4.66078711
-25.83924294 24.83265114 -13.53478813
-29.61724281 13.81664944 -21.39578819
41.21375656 -3.25134802 -8.96378899
-17.79324150 -14.79334927 -13.70378685
37.27675247 -8.27834988 -2.46278906
37.85575485 -7.26035070 -2.26278830
10.39275932 -22.32634926 -6.73378897
-6.62124109 -15.61534977 -30.05078888
2.54975653 0.89264923 18.94721031
21.86675835 21.75565147 -23.22978783
-13.00124168 29.93465233 -8.78578758
-14.44624138 -0.37835065 -42.24978638
41.15175247 -4.12534857 -8.57178688
-15.20624352 -7.46034956 5.86621332
40.93475723 -3.55835104 -7.71278906
-17.94524193 -13.98935032 -12.86378670
41.14775467 -3.43634939 -7.87078619
38.39075851 -7.85934973 -3.09778738
-16.98624229 -6.50834990 5.92921305
-17.12024117 -6.92035055 5.03521204
38.67175674 -7.94934988 -3.47178793
-15.62624168 -13.27834988 -1.41278601
-16.12024117 -13.64134884 -1.76178885
41.17475510 -3.26234961 -6.92978811
2.68076086 1.72165167 -42.56878662
2.08775854 31.05564690 -12.43278694
-0.38824311 3.30765009 -43.54078674
-21.07524300 1.60264838 -38.56678772
-17.86324120 29.17764854 -7.82978582
38.69375992 -8.99734974 -3.25678778
-15.52224159 -8.14235020 4.36021280
-17.66824150 -14.78434849 -13.89478874
-16.32724190 -13.07434940 -2.44678640
-14.78424263 -9.10134983 4.82921076
38.33175278 -8.07734966 -3.11478949
-17.85224342 -14.04734898 -14.33978844
-16.21324348 -7.17234945 5.29221201
-14.87924004 -8.32034969 6.14221048
-15.00824165 -8.77435017 4.44421244
-17.07424355 -13.52334881 -2.70778799
39.08575821 -7.12634993 -3.56778860
4.98375463 31.28065300 -13.01978874
41.06075668 -4.89834929 -7.60978842
41.22275925 -2.48434973 -8.67878914
-17.79024315 -14.76735020 -13.55178642
-17.10124016 -13.00035000 -3.48578787
-14.88624001 -9.18534946 6.75921106
-16.68724251 -12.50534916 -3.24078894
-14.60624123 -9.69034863 5.78721094
41.38075638 -2.09134817 -8.26478767
-17.12524223 -12.58534908 -4.05378866
-14.66224098 -9.21234989 5.28821421
-14.76124001 -9.47935009 6.37921381
-14.77624321 -9.96934986 6.73921061
