-1.28483391 2.10873985 -41.99439240
-0.83783531 2.44874001 -42.01039124
-0.66383553 2.68073845 -42.04139328
-0.48883247 2.91274071 -42.07239151
0.24816705 3.33373833 -42.02039337
0.35016441 3.63073921 -42.06339264
0.67916679 3.98473930 -42.06139374
0.85016441 4.46973991 -42.11239243
1.22116661 4.73974037 -42.06539154
-4.69183540 -1.00926018 -41.39839172
-5.85883522 -2.08926201 -41.02339172
-5.90283394 -1.87125969 -41.13639069
-4.71083260 -0.81426042 -41.48339081
-4.64883232 -0.68726152 -41.53039169
-4.19483376 -0.46326250 -41.56539154
-3.45683479 -0.16726106 -41.58539200
-3.07383537 0.21174055 -41.67839050
-2.30983543 0.84173781 -41.77939224
-2.47483253 1.27973747 -41.96739197
-2.57483482 1.32374001 -42.00139236
-2.39983559 1.35173988 -41.97539139
-2.06783485 1.63474083 -41.99939346
-1.50383568 1.96373940 -41.99239349
1.39016533 4.89974022 -42.04939270
1.63916588 5.29673958 -42.05339050
1.95016670 5.69874001 -42.04239273
2.18916512 6.06574059 -42.03539276
2.34916496 6.36873817 -42.02839279
2.70416451 7.49173927 -42.06339264
2.71316719 7.99973869 -42.11639023
2.74116707 8.10473824 -42.11939240
3.26916695 7.80874062 -41.94239044
3.91816521 8.51973915 -41.81239319
3.81516457 9.22574043 -41.88239288
4.00616646 9.26074028 -41.82439041
4.47116661 9.77474022 -41.69339371
4.93016624 10.29973793 -41.53639221
5.16416740 11.09374046 -41.44339371
4.96716881 11.23274040 -41.49739075
4.77016258 11.37073708 -41.55139160
5.08216667 11.60373878 -41.44739151
5.98116875 12.38574028 -41.15439224
6.17816734 12.83573723 -41.07739258
5.87516594 13.42973900 -41.10439301
-8.10783577 -3.21726036 -40.50439072
-8.30583382 -3.48526192 -40.34939194
-9.37683296 -3.85426140 -40.09239197
-7.90883446 -2.95126152 -40.65839386
-7.50783348 -2.69326210 -40.79539108
-7.17483330 -2.50426292 -40.88239288
-6.63383293 -2.21125984 -41.00439072
-5.97683525 -1.67625999 -41.23939133
5.57816887 13.83473778 -41.12339401
5.47016716 13.87673759 -41.13939285
5.95416832 14.06574059 -41.02739334
6.41116905 15.47473717 -40.79539108
6.36716270 15.83973885 -40.76039124
6.49516869 15.79173851 -40.75539398
6.62316704 15.74273872 -40.75039291
6.84416771 16.57673836 -40.68139267
7.03016472 16.84374046 -40.62339401
7.21716881 17.11073875 -40.56439209
7.49916649 18.21073723 -40.31839371
7.19216728 18.22273827 -40.36839294
6.88816643 18.23473930 -40.41839218
7.33116722 18.75873756 -40.20439148
-11.77083397 -5.24526024 -38.95239258
-11.18483543 -5.24526024 -39.04639053
-11.81283379 -5.15126228 -39.01439285
-10.11783409 -4.26226234 -39.80339050
-10.59883308 -5.24725914 -39.13939285
-10.31983376 -4.15226173 -39.85339355
-10.51983452 -4.04226112 -39.90339279
-10.25583458 -4.08526039 -39.89839172
-10.12783241 -3.95126152 -39.98639297
7.23116875 19.16473961 -40.11639023
7.47216606 19.69573784 -39.93639374
7.71516228 20.17273903 -39.75739288
7.84116936 20.65773964 -39.60139084
7.88316917 20.87774086 -39.53239059
7.91416740 21.03973579 -39.46839142
7.98016930 21.30273628 -39.33839035
8.15416527 21.92873573 -39.00339127
-13.56983376 -5.56625938 -38.34139252
-13.41383553 -5.58226204 -38.36239243
-13.67683601 -5.58126259 -38.30439377
-12.30383492 -5.22126198 -38.86439133
-12.93483543 -5.63626289 -38.42239380
-11.85383415 -5.14426231 -39.01139069
7.70216942 22.62973976 -38.80039215
7.89116478 22.78873634 -38.65439224
7.96216393 22.83973885 -38.60339355
8.14616203 22.85873604 -38.53239059
7.83416557 23.80874062 -38.01539230
7.69116783 23.93773842 -37.96939087
-15.15583229 -6.30326271 -37.18439102
-14.81683540 -6.17725945 -37.45139313
-14.34583473 -6.07726097 -37.70039368
-14.18283272 -6.04826164 -37.78039169
-13.95083427 -6.07925987 -37.82439423
7.54916954 24.06673622 -37.92339325
8.12416649 24.30974007 -37.47439194
7.87016869 24.77673531 -37.11639404
7.77516747 24.95273781 -36.97239304
7.72016716 25.06073952 -36.87239075
-17.05383492 -6.44025993 -36.12039185
-16.48283577 -6.17025948 -36.69139099
-16.56083488 -6.08025932 -36.74239349
-16.55083275 -6.06826210 -36.75939178
-16.46983528 -6.07925987 -36.78939056
-16.28683281 -6.07826042 -36.88239288
-15.49383354 -6.43126106 -36.91539383
7.65716362 25.20673561 -36.72339249
7.55716515 25.49473763 -36.40439224
7.61716270 25.68174171 -36.11939240
7.67816734 25.86873817 -35.83439255
-18.10383415 -6.87426186 -35.08339310
-18.00883293 -6.70425987 -35.31939316
-17.58783531 -6.37626076 -35.90039063
-17.91283607 -6.53426170 -35.55339050
-17.32183266 -6.40726280 -36.01039124
7.63016319 26.29973793 -35.24239349
7.58116722 26.47374153 -35.02139282
-19.54283333 -6.85526085 -34.22939301
-19.74683571 -6.80825996 -34.14039230
-19.94683266 -6.82026100 -33.97639084
-18.66583443 -6.98526192 -34.60239410
-18.66583443 -6.98526192 -34.60239410
-18.95683479 -6.91026115 -34.53539276
7.60616875 26.51474190 -34.94739151
7.84516716 26.46673775 -34.87039185
7.81216240 27.13173866 -33.75839233
7.03316307 27.35673714 -33.83339310
-21.23183250 -6.40026283 -33.50739288
-21.19083595 -6.36726189 -33.58239365
-21.13583565 -6.37326241 -33.61939240
-20.54883385 -6.87125969 -33.46939087
6.98016930 27.47073555 -33.66539383
7.03116417 27.51873970 -33.55339050
7.00616264 27.41373634 -33.74939346
7.15416527 27.55874062 -33.41439056
-22.34683418 -6.66526222 -32.24839401
-22.31983376 -6.60226250 -32.35339355
-22.07283592 -6.60326195 -32.56339264
-21.80883598 -6.58326149 -32.81039047
-21.35283470 -6.50926018 -33.27439117
6.42316246 28.30073738 -32.59339142
6.64716911 28.27774239 -32.49339294
6.51316643 28.26674080 -32.59439087
7.53816795 27.67473793 -32.99339294
6.90016747 28.14673805 -32.56439209
-23.82983589 -6.25226021 -31.22339249
-23.95083427 -6.06926155 -31.33139229
-23.49683571 -6.74926186 -30.90239143
-22.39083290 -7.18126106 -31.51739311
-22.37283516 -6.72926140 -32.14339066
-24.02983284 -5.99126244 -31.33439255
-23.99283409 -6.06126213 -31.28539276
7.21616936 28.31273842 -32.07639313
6.87916374 28.68274117 -31.60839272
6.73216820 28.82573891 -31.43639183
6.71116447 28.86673927 -31.37439156
6.84016228 28.87574196 -31.28539276
-25.30183601 -6.05125999 -29.46139145
-24.83083534 -6.12526131 -30.04839134
-24.66983604 -6.15625954 -30.23939133
-24.45083427 -6.27526283 -30.36939240
-23.99683571 -6.12326241 -31.19039154
-24.01383400 -6.05726051 -31.26239204
6.84416771 29.24373817 -30.61239243
6.32616234 29.55473518 -30.32439232
-25.90583229 -5.36126137 -29.54839134
-26.11083412 -5.11425972 -29.58239174
-26.17083549 -5.04626274 -29.57839203
6.27216911 29.63173866 -30.21039200
6.30116844 29.71573830 -30.03839111
6.40616417 29.97073555 -29.50639153
6.06916618 30.24673653 -29.15939140
-27.20983315 -4.95126152 -27.98439217
-27.03783607 -5.09526253 -28.06839180
-26.57083321 -5.46726036 -28.30539131
-26.34283257 -5.40026283 -28.77939224
-26.11383247 -5.33426094 -29.25439262
-26.14283562 -5.18926048 -29.41639137
5.73216820 30.52173805 -28.81139183
5.62916374 30.61673927 -28.66839218
5.59416771 30.70974159 -28.48039246
5.50516319 30.98774147 -27.90839195
-27.18783379 -5.07526207 -27.81439209
-27.16583443 -5.20026207 -27.64339256
4.56616402 31.42273903 -27.40639114
4.54416466 31.43673897 -27.38639259
4.59016609 31.40973854 -27.42739105
4.88316917 31.29174232 -27.54739189
-28.09583473 -4.50526237 -26.68739128
-27.91583443 -4.75325966 -26.72339249
-28.27683449 -4.25826073 -26.64939117
-28.54283333 -3.97926140 -26.42539215
-28.68183327 -3.84826088 -26.27539253
-28.74783325 -3.84626198 -26.11539268
4.88216209 31.44674110 -27.17039108
4.76516533 31.66073799 -26.68839264
4.64916420 31.87474251 -26.20639229
4.04416466 32.19474411 -25.71739197
-29.24483490 -3.75226021 -25.07339096
-29.20683479 -3.63626289 -25.32339096
-28.98883438 -3.59726143 -25.89039230
-28.87283325 -3.68226051 -26.04539108
-29.16883469 -3.52026176 -25.57439232
3.68116570 32.38274002 -25.43439102
3.88816643 32.32773972 -25.44239235
3.66616631 32.37974167 -25.45239258
3.76716423 32.32973862 -25.52439117
-29.79283333 -3.41126060 -24.08839226
-30.03783417 -2.63926125 -24.47139168
-30.10883331 -2.32626152 -24.67939186
-30.11583328 -2.30125999 -24.69139099
-30.12283325 -2.27726173 -24.70139122
4.31316566 32.48774338 -24.55739212
2.20216560 32.95874405 -24.34539223
2.23016548 32.96074295 -24.31439209
2.25916481 32.96274185 -24.28239250
3.33716393 32.86874008 -23.80539131
2.47916603 32.94774246 -24.18339157
-30.13883400 -2.54626274 -24.30539131
-30.34683418 -2.46026039 -23.82739258
-30.51483345 -2.39225960 -23.41539192
-30.80983353 -2.25626183 -22.68339157
2.63216591 32.97274399 -23.90639114
3.02016640 33.07574081 -22.87139130
-31.24183464 -1.50826073 -22.39539146
-31.21783447 -1.36826134 -22.67739105
-31.14883423 -1.38626289 -22.87339211
-31.09983444 -1.58226204 -22.74339104
-31.19483376 -1.22826195 -22.95939255
1.28316689 33.43074417 -22.17239189
1.25716591 33.44774246 -21.98839188
1.48816490 33.38974380 -22.23939133
2.05216408 33.28973770 -22.28539276
-31.65183449 -0.91226000 -21.89739227
-31.80983353 -0.63426012 -21.76239204
-31.86183357 -0.54726213 -21.71339226
-32.31883240 0.02073866 -20.96139145
-32.17183304 -0.13826174 -21.24739265
-32.03883362 -0.32826036 -21.42739105
-31.90583420 -0.52026170 -21.60539246
1.12616539 33.47474289 -21.98339272
1.06616402 33.49174118 -21.88339233
1.02216530 33.50574112 -21.75939178
-32.46483231 0.17873961 -20.67339134
-32.71183395 0.66773802 -20.44439125
-32.82283401 0.99773985 -20.51139259
-32.83583450 0.91173750 -20.32939148
0.97316551 33.54973984 -20.84439278
0.15116693 33.74773788 -20.25239182
-0.11083411 33.80373764 -20.04739189
1.11816597 33.49773788 -21.47039223
-33.23083496 1.51273918 -19.51939201
-32.84883499 0.82573897 -20.14639282
-33.40383148 2.02474022 -19.49539185
-33.46683502 2.21673775 -19.48439217
-33.44683456 2.08873940 -19.36039162
-33.42583466 1.96073723 -19.23639107
-0.75083351 33.94173813 -19.70839119
-0.87083244 33.96673965 -19.66039276
-0.90583229 33.96673965 -19.55639267
-0.37183571 33.85973740 -19.84139252
-33.48083496 1.94573784 -18.78739166
-33.53483200 1.93073845 -18.33839226
-33.78383255 3.03373909 -17.75139236
-33.74683380 3.06574059 -18.00139236
-0.96083260 33.83574295 -18.42539215
-0.96983528 33.77974319 -18.02439117
-1.92183495 33.81174088 -17.37739182
-0.94983482 33.89174271 -18.82539177
-33.70983505 3.09773827 -18.24939156
-33.75383377 3.23473930 -18.05439186
-33.87383270 3.58873940 -17.54139137
-33.97583389 3.96473885 -17.14439201
-2.77883339 34.04073715 -17.81539154
-2.78783607 34.04073715 -17.80839157
-2.79683495 34.04073715 -17.80039215
-2.68483543 34.00973892 -17.75839233
-34.03283310 4.17973900 -16.94239235
-34.10183334 4.44373894 -16.77939224
-34.35983276 5.57274055 -16.30639267
-34.23683167 4.98573875 -16.50039101
-34.41883469 5.84773827 -16.21239281
-34.45283508 5.98673820 -16.14939117
-34.46983337 6.03874016 -16.10439110
-34.45083237 5.81574059 -16.01939201
-3.09583473 33.75873947 -16.66239166
-3.41783333 33.61174393 -16.11639214
-3.51783562 33.55974197 -15.92839241
-2.89183235 33.84774399 -17.06539154
-34.43183136 5.59273720 -15.93339157
-34.68783188 6.49873924 -14.83739281
-34.69583511 6.81674004 -15.00339317
-34.70283508 7.13474083 -15.16839027
-34.70883179 7.50073814 -15.12839317
-34.71083450 7.67074013 -15.04439354
-4.70883369 33.34173965 -15.29039192
-4.49883461 33.33774185 -15.28139114
-4.91883278 33.34473801 -15.29839134
-3.52683449 33.47174454 -15.66439247
-34.72583389 7.79873848 -14.65639305
-34.73183441 8.01473808 -14.43939018
-34.73383331 8.53273964 -14.17339134
-34.74183273 8.99573708 -13.73539162
-5.31983376 33.05674362 -14.63739204
-5.72583580 32.91573715 -14.32239342
-5.83583260 32.76974106 -13.99339104
-5.11783409 33.16373825 -14.88139153
-34.74383163 9.31674004 -13.58739281
-34.74283218 9.47873878 -13.45539284
-34.73883438 9.60873985 -13.24039268
-34.72483444 10.21073723 -12.81939125
-34.68483353 10.92573738 -12.87239265
-34.66883469 11.20673943 -12.91539192
-34.66483307 11.28373909 -12.89839363
-34.67083359 11.27474022 -12.72139168
-7.06383324 32.32274246 -13.04739189
-7.20683479 32.29073715 -12.98539162
-7.61183357 32.18574142 -12.77839088
-6.81883430 32.31174088 -13.01539040
-5.82183266 32.67773819 -13.78539085
-5.86583519 32.72174454 -13.88439369
-34.65583420 11.62373924 -12.49039268
-34.64083481 11.97073936 -12.25839043
-34.60183334 12.54973793 -12.16239357
-34.57783508 12.79373741 -12.02839088
-34.51283264 13.24373817 -11.63039207
-7.73883247 32.03174210 -12.46439171
-7.86383247 31.87774086 -12.14839363
-34.43683243 13.71573830 -11.47239113
-34.36983490 14.03573799 -11.39239311
-34.26383209 14.46573830 -11.31439018
-34.12083435 15.00773811 -11.40239143
-34.10583496 15.06273842 -11.40039253
-10.10683250 31.53773689 -11.52239037
-10.23483467 31.41273689 -11.26139259
-10.31283379 31.27073860 -10.96139336
-9.62683296 31.63273811 -11.71139336
-9.45583534 31.67973518 -11.80839348
-9.38683510 31.67973518 -11.80539131
-9.26283455 31.59373665 -11.61839104
-8.39183235 31.66073799 -11.72239113
-34.09083176 15.11673927 -11.39839363
-34.16183472 14.97473717 -9.72039223
-33.77383423 16.11373711 -10.29839134
-33.75883484 16.09374046 -10.66839027
-33.55683136 16.67774010 -10.34139061
-33.64283371 16.40373802 -10.58639336
-33.47183228 16.95273781 -10.09539223
-11.21483421 30.92973518 -10.26339149
-11.35983467 30.86973763 -10.14139366
-11.77883339 30.68274117 -9.75439262
-10.98983574 30.95073891 -10.30339241
-33.21683502 17.62774086 -9.92339134
-33.09683228 17.95373726 -9.79839134
-33.04483414 18.16473961 -9.53839302
-32.65483475 19.19373894 -9.19039345
-32.88483429 18.61273766 -9.37039375
-32.35283279 19.84374046 -9.06139183
-32.12583160 20.24373817 -9.12039375
-31.89983368 20.64274025 -9.17739296
-31.80783463 20.78174019 -9.24339104
-31.62083435 21.14573860 -8.99839211
-31.75883484 20.87574196 -9.18839073
-31.25183487 21.84373665 -8.36139107
-14.96883583 30.37273598 -9.06239128
-15.18183327 30.32374001 -8.94639015
-15.66983604 30.18474007 -8.59339333
-14.14483452 30.49373817 -9.34939003
-14.81783485 30.39373970 -9.11039162
-13.68583488 30.55874062 -9.50939369
-13.44283485 30.67673683 -9.79139137
-13.15383339 30.62674141 -9.66939354
-12.95183372 30.64673805 -9.71539116
-12.75183296 30.64373970 -9.70639229
-31.06383324 22.07374001 -8.56239128
-30.87483406 22.30473518 -8.76239204
-30.77883339 22.48974037 -8.59639168
-30.75483513 22.57074165 -8.41739082
-30.33183479 23.31273842 -8.01939201
-30.16883469 23.51374245 -8.25139046
-30.00583458 23.71373940 -8.48139000
-29.65283394 24.24373817 -8.15939140
-29.80283356 24.05774117 -8.06339073
-29.50283432 24.42973518 -8.25439262
-29.06683350 24.98874092 -7.71639061
-28.85383415 25.18773842 -8.46739006
-28.73183441 25.31173897 -8.42139244
-28.60983467 25.43573952 -8.37439156
-27.65383339 26.35173988 -8.06039238
-27.87983513 26.16373634 -8.15939140
-27.12483406 26.76474190 -7.84539223
-25.50383568 27.85074043 -7.53739357
-26.40283394 27.28673744 -7.72739220
-25.39483452 27.93174171 -7.72139168
-24.13583565 28.57473946 -7.93739128
-24.58783531 28.31173897 -7.52139091
-23.98483467 28.66173744 -8.06939125
-23.82783318 28.73674202 -8.11039162
-23.68683434 28.80674171 -8.17639351
-21.54383278 29.55373573 -8.53039360
-21.56483269 29.36673927 -7.65839195
-21.48183250 29.56173897 -8.50239372
-18.09183311 30.08574104 -8.43539238
-18.65883446 30.04374123 -8.38939095
-18.82883263 30.01173592 -8.33639336
-17.69283485 30.07174110 -8.34539223
-17.90183449 30.09774208 -8.44239235
-16.53683281 30.06874275 -8.28739357
-17.11483574 30.06974220 -8.31639290
-16.10383415 30.12674141 -8.44139290
-28.21283340 25.83374214 -8.11639214
-26.62783241 27.15274239 -8.12039375
-26.42183495 27.29174232 -7.97639275
-26.44083595 27.29574013 -8.22439003
-25.28683281 28.01273537 -7.90339088
-23.54583549 28.87574196 -8.24139214
-22.33983421 29.17473793 -7.56039238
-23.17383385 28.91373634 -7.63339043
-21.95283318 29.27073860 -7.61039162
-21.42083549 29.56974220 -8.47339058
-20.88283348 29.58674049 -8.02839088
-20.60483360 29.62474251 -7.96839333
-19.35583305 29.77073860 -7.78239250
-20.32683372 29.66173744 -7.90739250
-18.96283531 29.95273781 -8.20239067
6.02516747 13.13273811 -41.09139252
-14.60083580 30.42273903 -9.17739296
-8.84183311 -3.66926003 -40.22139359
2.72416496 7.08773994 -42.01339340
-5.87883568 -1.94226265 -41.09839249
4.83116722 11.45573997 -41.52839279
2.08916664 5.89573860 -42.03839111
-3.26583290 0.02273756 -41.63239288
18.59216881 -9.45726204 -29.98339272
24.69316673 14.47473717 9.32060814
-17.86083412 -13.81926155 -8.46339226
6.46716881 15.68573952 -40.76939392
-2.68683434 33.93574142 -17.46839142
-2.13183403 1.14673805 -41.85439301
5.78616905 11.93573952 -41.23039246
0.96216393 4.65773964 -42.11839294
-30.74883461 22.54873848 -8.53639030
5.68816948 13.79173851 -41.10639191
-33.78883362 16.13373756 -9.92739296
8.01616478 -11.63226128 -33.98239136
7.47116661 19.42973900 -40.00539398
-18.34783363 -12.61526108 -7.13939095
0.24816705 3.50873756 -42.06139374
2.68516731 7.89373970 -42.11239243
-11.97683525 -5.17426109 -38.96439362
12.86516380 -7.40126228 -34.67739105
-2.48683357 0.53573805 -41.70339203
-11.38283348 -18.69926071 -21.99739265
7.49416924 -17.03526115 17.75361061
16.23816490 -18.57326126 4.65660667
6.80016899 -23.92326164 3.77860808
-18.66583443 -6.98526192 -34.60239410
30.74416924 12.30874062 -25.36939240
29.02916527 16.61073875 3.32060790
-4.61883354 -1.60825920 -41.13439178
-6.17783546 -1.84026146 -41.16839218
5.30916405 -23.36226082 6.76460838
23.10316277 19.79474068 6.02260780
26.41616631 15.98373985 -28.00939178
-16.25983238 -11.70426178 -0.97639298
14.13316917 21.74173927 -36.07539368
17.12516594 20.84173775 -33.92939377
18.56416893 -12.96826172 9.12460899
-31.26183510 -2.79726219 -20.46239281
3.59316444 8.16473961 -41.87739182
9.00816917 19.82673836 -39.59839249
-10.26783562 -21.79526138 -19.32139206
30.58616447 15.00374031 -23.30639267
18.72916222 19.92173958 8.85860634
23.89016533 -6.39526176 -29.20039177
34.72216797 14.53473854 -12.73639107
7.08616447 -20.71026039 13.40560722
-11.85083580 -7.72426033 -37.10839081
10.39416313 -19.48226166 10.20060921
30.49516869 14.05773735 -24.40039253
26.67816734 19.04173851 2.89460921
29.52916527 16.72073936 2.41860747
-28.53283501 22.62273598 4.23160744
8.17216301 0.79673964 15.10360909
-14.99383354 -14.45226097 -25.84039116
25.12716484 19.64874077 4.01660728
26.73116875 -1.08025932 -29.69539261
-10.25883293 -17.10126114 -25.85439110
28.63616753 17.33173943 2.73960662
34.87017059 9.76173973 -20.23039246
34.79116821 10.53874016 -19.66739273
17.01116753 -18.44626045 -19.64639282
4.19816399 9.29474068 -41.76639175
-9.69883537 -17.61326027 -25.58939171
4.62316704 10.02973747 -41.64539337
17.74916649 -6.56326103 -32.66239166
33.88417053 -9.30626106 6.38860893
7.43716240 -14.34426117 18.66460609
29.09116936 17.50473976 1.77160811
12.46216393 26.62674141 3.50960708
-13.15683556 -12.14226151 -31.78839302
26.04716301 17.50573921 -26.96639252
-1.69483376 1.83773994 -41.99039078
-34.98483276 -3.10125923 -5.93939018
36.41217041 3.25974083 -20.99939156
28.21116447 18.07974052 2.17560744
21.05116844 16.30974007 -33.23039246
20.35316277 -12.95426178 -26.00539207
27.40116692 -12.60726166 -24.57639122
25.56616783 23.16573524 -14.63939095
16.85116386 29.11274147 -19.53039169
15.48716545 30.22174263 -18.71639252
6.51616478 14.83173943 -40.85139084
20.66216850 22.60173988 -27.73039246
6.34216881 -18.91126060 -26.22539139
30.44216728 -14.46926117 -22.61239243
30.03616905 16.83773994 1.44060683
-32.71783447 -4.70425987 -10.54039192
27.37216759 18.57573891 2.62960601
28.33816338 8.62774086 10.58560753
-10.89983559 -19.43426132 -21.54639244
19.66716576 26.07873726 -5.09139061
22.92316246 11.11973763 -33.56739426
20.85416222 -8.20126152 -29.76439095
14.51516533 21.51273537 8.71860695
23.80616570 18.05673790 7.37160683
-18.03083229 -14.36826134 -8.74939156
-6.58583260 -8.57225990 -37.62139130
32.72716522 -16.09826088 -1.04239106
-16.06483269 26.63273811 1.01560760
4.38116646 -25.90126038 -1.25039124
-24.24083519 -9.39526176 -25.60539246
16.94716454 27.77073860 -3.71339250
-2.11483574 28.53074074 -3.89639115
18.05316734 27.45774269 -5.59439278
25.92316246 19.33073997 3.47360778
36.51116943 -15.86926079 -0.63739228
14.99716759 -15.26126099 -26.00839233
-6.24183464 -0.50426286 16.28260994
-28.85783386 -7.78026009 -18.06439209
-13.80883598 -1.80526161 16.14060783
3.94216728 3.42873955 15.05060768
26.57216454 18.48373985 3.86360717
25.81816673 15.28874016 8.01861000
25.38616753 -19.30026054 -3.21639085
29.28216362 16.04373741 3.86260772
-13.05483437 -21.45326042 -17.47539139
-15.43283272 -1.74126244 17.40260506
-18.56883430 -13.59826088 -11.90439034
-23.96883583 -11.43126106 -20.47539139
6.20716667 -23.81426048 4.62960625
7.47016716 -9.26826286 -35.89839172
-26.27683449 -9.14126015 -22.34439278
-15.71283531 -3.35825920 15.02460670
12.86716270 29.78973579 -25.94439125
-8.15483284 -21.90726089 7.10660744
29.18016624 18.31873894 0.13560656
15.99116325 -15.83026123 -24.63139153
15.92916679 -11.93026161 -29.16639137
10.41916466 -17.92026138 12.65860939
-11.96183586 -20.94726181 -18.88439178
-10.81083488 10.14874077 15.64960670
11.89116478 -18.14126015 10.15060997
5.73316765 -2.96925926 17.13860512
28.38716698 -13.82026100 4.95760918
-20.78883553 -9.35526085 -30.16139221
-8.14283562 -20.67926025 -22.43739128
33.79416656 10.66873741 -21.44039154
39.07917023 5.61373711 -15.24039268
-14.74983406 -5.28825951 13.73360634
23.33916283 -18.78826141 -1.07939363
23.85616875 -15.95626068 4.06660652
21.29616356 -17.12626076 -20.72739220
-8.18183327 -6.60626030 -38.61839294
19.14116478 -5.54826164 -32.55239105
-17.97783470 -7.86126137 6.70360756
37.99617004 9.30874062 -14.62839317
7.36316490 32.44974136 -22.79439163
8.48616600 -19.45926094 -24.07039261
9.33116722 28.23473549 2.91760802
-8.19683266 -24.28026009 -17.37239265
-17.90383339 -13.52026176 -8.49539375
-24.87983513 -8.76025963 -25.79839134
30.00616264 17.68173790 -0.11439344
36.00016785 -16.55726051 -0.99739289
23.24616814 10.00374031 -33.52939224
38.76116943 10.06373787 -12.07239342
28.96916771 10.56273842 9.44360924
29.71716881 10.11773872 9.54060936
-25.88483238 -8.67926216 -24.18239212
23.45216942 -12.36726189 8.06560707
-20.55583382 -8.74226189 -31.20039177
-8.13183403 -20.10326195 -23.28139114
31.07616234 13.32673836 -24.12439156
-22.63283348 25.97973824 2.38160872
10.68616295 -22.99926186 2.29860854
8.94316673 -15.76326180 -29.13339233
17.37516594 -0.24926180 -36.10339355
14.01616478 28.46973610 -27.52139282
35.52916718 11.22373772 -17.38839149
8.22416496 -6.50626183 17.32361031
9.85216331 -1.07325935 15.15160942
9.42516899 -22.34526062 -17.18439102
27.32816887 22.17273903 -8.31739235
25.25416374 23.15173531 -6.10739326
19.35916710 -16.06826019 -22.81439209
14.14116478 23.94374275 -33.88839340
-4.71083260 -23.87626076 -19.46339226
37.43817139 1.55473900 -20.01239204
-13.74183464 -8.93526268 -35.26239395
33.01916504 -11.86626053 -23.17139244
-22.48383522 -7.83526039 -30.54139137
30.19016838 18.32773781 -2.06539369
26.84116936 -2.99426079 -28.94639206
21.37016869 26.09674263 -12.38039207
27.72416496 17.87373924 3.20160842
-14.78683281 -9.91325951 -33.70839310
24.20516777 22.80073738 -20.15939140
31.10516930 -9.59526253 -25.02339172
12.34416771 22.76374245 -36.81239319
16.24216270 -9.39326286 -31.34039307
-21.44083595 -8.60125923 -30.59139252
-10.49083519 3.58773994 16.41760826
-12.91183281 2.16274071 17.94761086
-11.49283409 -20.71526146 -19.51339149
14.70916557 22.38473701 7.50760841
32.59716797 13.66274071 -20.97239113
1.56316566 -25.33726120 -16.08139229
7.58516502 -14.15826035 -31.71039200
-13.31883430 12.90073967 15.94160652
-23.69383430 -8.58625984 4.65460777
20.67516899 -15.04526138 -23.69139099
-23.06883430 27.16674232 -0.78239274
39.97816467 7.80174065 -11.62639046
26.35616875 -12.26426125 7.31060982
38.38116455 5.04373741 -16.84539223
13.41416740 16.21273994 -38.88139343
-31.01683426 21.84373665 -0.64639115
8.33816338 25.24773598 6.95360756
-27.34583473 -7.46326256 -23.75339127
10.11516380 30.69574165 -26.10739136
7.59316826 -19.43726158 -24.70639229
21.66516685 23.69574165 -23.70039177
33.55616760 11.73974037 -20.95839119
36.40016937 1.34374046 -21.60839272
33.66316986 12.95474052 -19.44339180
3.72616768 -18.20926094 -28.29939270
-16.60783577 -11.14826012 -30.90939140
-29.77483368 -7.04626274 -16.36539268
8.20316887 -16.47826195 -28.56539154
30.61916924 -4.41226006 10.79560661
27.05416679 20.54274178 -19.83739281
10.95216942 -14.54126167 14.40560722
22.59016228 -0.44526094 -33.05839157
-9.63783455 -20.55226135 -21.33839226
-24.46483421 25.49773598 2.39560866
36.15416718 -18.84026146 -2.15139222
7.20516777 1.45273781 15.12860680
-2.35083580 26.51374245 3.31960845
9.48416710 -21.65326118 7.37660789
28.81616783 -6.24226189 -26.87139130
21.63616753 17.87573814 9.21960640
18.90316582 27.62973976 -9.42039299
25.18816948 15.00374031 8.65360832
27.95416832 20.81373787 -17.02139282
14.70616722 -9.92326164 -31.79639244
21.35716820 24.32274055 -22.92239189
27.44116783 -16.46426010 1.39660811
4.31916618 -23.39826012 7.12360954
-26.94383430 -8.43726158 -22.55939102
37.97716522 -1.35926247 -20.16539192
16.57016563 -3.47926140 -35.08639145
27.48216820 6.43573952 11.59260750
21.61516380 -18.21326065 1.06560683
20.73016930 -3.13926125 -32.97239304
24.20616722 -7.12426186 11.32260704
-11.55683327 -20.29626083 4.59460640
28.10216331 -1.74226189 11.89760780
23.89816856 23.55674171 -18.53539276
18.36916924 28.20774269 -9.81939125
-17.09283257 -4.64225960 14.14760780
30.90816307 17.94473839 -2.83339143
34.63816833 9.23373985 -21.07139206
-28.84083366 -6.73626137 -21.44339180
-16.77783394 -3.57826042 15.86460686
2.97316551 -2.01826286 17.35860634
33.49316406 10.39573860 -22.20539284
-7.95383263 -8.10025978 -37.71239090
6.52116203 -22.39026070 -19.89439201
22.91016960 -5.65326118 -30.22839165
-1.20283318 30.39274025 -8.16139030
29.23616600 11.92373848 8.45660973
4.88316917 -24.29126167 3.86960769
-20.54483604 -10.80225945 -27.89639282
31.61216545 15.53973961 1.55960631
14.52716637 31.19874001 -9.37439156
12.69016838 -19.38626099 -20.74039268
6.28716850 -24.38526154 -14.42439079
35.91017151 7.06674004 -20.24039268
21.38016319 3.86173820 -34.84439087
21.10116386 24.56073952 -2.28139329
-6.05483437 5.64874077 14.99060631
11.03616905 23.07773781 8.20660973
24.28216362 -14.11526108 6.28460884
-17.20083427 16.35473824 15.51560783
25.57216454 13.05073738 -30.84339142
11.36416435 -10.30326271 -33.42539215
9.27916527 -20.55526161 9.87960625
-7.20583534 -13.61126137 -32.85439301
-0.09283256 28.30173683 -0.90739274
22.85716820 23.71873665 -2.58139253
-17.87383461 -5.67625999 13.26560783
-9.08083534 -10.60825920 -35.28439331
11.20216942 -20.66626167 -19.23539162
10.44116783 -17.26626015 -26.21539116
40.60816956 0.27173811 -9.46539116
6.76216698 -3.00526237 -39.12739182
-5.11583519 -25.31726074 -16.81939125
-12.82983589 8.00374031 18.06860542
23.16416740 -13.04326057 7.54960823
27.60616875 21.86773872 -7.36439323
-10.41483498 -21.17426109 4.66460991
1.25716591 30.67074013 -6.95439339
-13.06883430 -11.68826103 -32.42539215
16.86616325 29.63273811 -16.08439255
7.99916649 21.06673622 10.52160835
-1.74383354 -27.14126015 -2.52039170
-32.09683228 -0.83826250 -20.54739189
-17.19983482 22.04773903 9.51360893
39.57416534 6.14974022 -13.77539253
27.16416740 22.42673683 -12.26039314
12.72516441 -3.18126106 -37.01939392
14.29616356 20.22373772 -36.99039078
15.95616722 27.23874092 -0.68239045
29.05316734 15.76273918 4.56060982
-16.61183357 -7.43325996 7.85860634
28.39216423 20.82074165 -15.79039192
-16.57083321 24.07973671 6.41760826
11.36916924 23.69774055 7.42460823
-12.93383598 24.86573982 4.18060875
17.69516563 28.01674080 -6.44539070
20.89516258 -14.25726128 -24.49839211
10.27316856 25.48173714 5.98760796
10.59316826 26.20573616 5.03760719
-2.25783348 23.91974068 8.13860893
-3.75083351 -20.85226059 -24.29439163
20.09316826 -17.18626022 -20.90139198
40.00817108 3.37573814 -13.39039040
-6.20383263 -11.33826256 -35.48339081
-10.58383369 -22.38726044 -18.45839119
22.31716728 24.78873634 -18.94039154
-11.62583351 -19.88226128 5.59160805
8.85216331 -19.76426125 -23.21739197
39.64316559 -11.24126244 -1.50239396
27.80316734 16.75673866 4.70760918
32.97916412 3.18474007 -24.79739189
11.71416283 -19.17726135 -22.03539276
30.26816368 19.36873817 -5.99839211
35.52416992 -15.83526039 -0.89539170
9.05416679 20.75473976 10.60360909
19.35016441 -9.27526283 -29.73139191
18.31316948 28.41073799 -10.65739250
20.96516228 -13.57226181 -25.17939186
23.59516716 4.54474068 -33.45539093
-30.78183365 23.01674080 -3.61839128
4.39116478 -14.91426086 -31.97539330
25.49216270 -16.16726112 3.05960631
36.12017059 -7.20226097 8.30560875
-7.84283257 -16.76326180 -28.28139114
5.81016350 18.09374046 12.19460869
25.38016319 10.48773766 -31.80439186
0.97716713 -18.79026031 -28.01539230
13.87416649 22.98373604 7.14160728
1.18516731 27.73373604 2.58360839
-14.23083305 -6.95126152 -36.96839142
27.32816887 13.31073952 8.37060738
30.63316917 8.00773811 10.66160774
-32.68383408 19.01273918 1.48160720
-0.67783546 -8.94426155 -37.66739273
7.78416252 29.13373756 1.94360900
21.36516380 -15.02126122 6.04860878
5.40216637 29.89074135 -0.60139298
21.71116447 -5.12626076 -31.28739166
-12.17383385 -11.56226158 -33.01239395
38.09117126 -6.94326210 -20.94439125
28.80116844 -20.41226196 -8.56139183
-10.90183449 -16.44926071 -26.33339119
32.16117096 -17.65326118 -2.47939134
28.37516594 -8.47826195 -26.34539223
14.81616783 30.98173714 -16.38739204
-7.04283333 -25.10826111 -16.54139137
-21.94683266 19.29173851 13.50060844
4.58516502 0.75573927 15.78260994
-19.35783577 -7.70626259 -33.36939240
-19.25683403 22.91874123 8.57560921
22.43816948 7.58973885 12.62560844
24.22616386 -4.12726021 -30.19239235
9.13916588 -4.80626106 16.34860802
-6.72483253 31.23874092 -10.82939339
-16.93683434 -10.05526161 -32.26739120
14.00316429 -22.13126183 -3.72539353
-30.20283508 23.14873695 -1.73539186
33.37616730 16.30373955 -4.33939171
-23.48383522 -12.03926086 -18.90139198
40.45916748 -1.98026085 -13.93539238
-19.72683525 -9.24426079 -31.25239182
-7.59183311 5.62973976 15.26960945
-26.11483574 -10.32225990 -10.57339287
15.83816338 -21.31526184 -3.34139085
-13.16583443 28.58474159 -4.64739037
3.23716545 -25.66626167 0.66860747
34.83116913 -16.58626175 -19.42739105
6.92016411 29.30974007 1.64660811
-0.55283546 -23.78926086 -19.91039276
13.83216667 31.67873573 -11.42139244
-4.37183571 -3.11126137 20.12060738
15.78616905 14.10873985 -37.98139191
-7.04383278 -6.86226082 -38.60039139
26.46216393 -11.03226280 8.32460976
10.67316246 -22.25626183 -15.82539177
-14.71383476 -9.99226189 8.70260811
25.39216423 -15.20826149 4.69460869
-10.30383492 -13.93726158 -30.96739197
28.66916466 11.67573738 -28.23839188
-14.56983376 -17.58326149 -19.16839218
38.37616730 3.25073814 -17.59639168
-2.70083427 -24.29326057 4.02760887
-17.12183571 25.20974159 4.40660667
7.18716240 -16.55026054 18.43461037
9.40816307 -22.86726189 -15.68339157
17.07016563 17.57473946 -36.00139236
2.88016701 -17.87726021 -28.96939278
33.20516968 -16.69126129 -1.61339402
28.08616447 -19.10726166 -17.42039108
-27.16083336 -9.63326073 -7.70239067
19.27716637 -7.48426247 12.17960930
30.01616478 8.60774040 10.36260796
17.95016289 -7.39726067 -31.95839310
-11.39283562 -7.10825920 -37.70439148
-31.95383453 20.41173744 0.22160891
9.18816948 16.20873833 -40.30739212
-24.65883446 -8.00426292 -27.43239212
14.18216515 15.31674004 -38.59939194
-22.87883568 -11.83226013 -11.52039146
-8.79383278 -21.15226173 -21.25439262
25.94816399 22.19173622 -17.61839104
7.20416832 -11.64826012 -34.27239227
38.26916504 -2.21225929 -19.96039200
4.11516762 -15.68126106 -31.24239159
29.92116356 -16.43026161 -20.99739265
9.66516685 3.00473976 14.29160881
4.81416893 -16.13526154 -30.53439140
-8.81683540 -9.67725945 -36.26439285
-13.84083366 20.65973854 10.53860664
-10.00483513 -19.83826065 -21.93839264
17.52716637 28.97773933 -17.28339195
11.65816307 -11.32325935 14.74660683
3.27016640 -5.24625969 -39.05039215
1.45116615 -19.97226143 -26.11739159
35.11416626 1.56674004 -23.05539131
-32.75983429 -4.92526054 -9.63839149
32.03717041 16.66173744 -1.88639283
23.18616295 -10.84726143 9.37560844
-5.13283348 -10.33025932 -36.58739090
34.26716614 6.38474083 -22.90739250
16.48516655 19.74773979 -35.31339264
38.14116669 -8.37026024 0.96160674
34.87616730 13.70474052 -14.73739052
24.78016472 21.44774055 -22.27639198
9.59116936 22.53174019 9.09060860
27.56616783 -2.37426186 -28.62939262
15.58616447 -8.34526253 -32.54139328
-9.47183418 -17.25226021 -26.35339165
18.20316887 28.09974098 -19.44539261
11.30116844 -22.93026161 1.40860915
10.18016624 30.93873787 -2.84439301
25.37416649 0.75573927 -31.46839142
32.31517029 -18.15126038 -18.54639244
7.94216728 -14.76726151 18.00560951
-28.59883499 25.56373787 -5.29839134
34.60617065 -5.37726021 9.93060875
-21.77683449 24.13874245 6.55160713
-12.19483376 -19.37126160 7.23860741
26.51516533 22.05373573 -16.61239243
19.17016411 27.08773994 -20.45639229
-32.62483215 19.98373985 -6.60239220
24.90916252 9.75673866 -32.32339096
18.55216789 27.98674202 -18.47239113
31.58916283 -19.24326134 -17.10839272
25.52016258 23.01873970 -15.58639145
-32.94083405 -4.95626259 -8.69139290
35.02016449 5.90473747 -22.10239220
7.19516563 25.63773537 6.87760735
31.52216911 -13.94426155 -22.61439133
11.86016655 16.27873802 -39.57439041
17.21316338 29.07374001 -18.24839211
33.13716888 15.27273750 -17.10539246
22.71916771 20.43673897 5.49160957
-18.51683235 -7.05726051 9.91160774
-7.62283516 -24.17426109 2.21860671
-33.54583359 -5.21125984 -4.61939049
26.92516899 1.39573860 -30.29039192
-11.40083504 -20.19626045 8.75060844
-2.63983345 -17.92426109 -28.91339111
-27.26883507 -9.41726112 -17.66539192
-18.39383507 -6.82526207 10.77360725
21.48516655 11.05473900 -34.60339355
-17.34183311 -9.29026222 -32.92839050
19.58016777 25.89174080 -4.17239189
2.44616508 -1.50325966 17.13660622
-8.45983315 -23.75126076 2.39560866
28.82716942 -16.30126190 -21.34139252
27.48116875 20.98774147 -3.38839173
-7.52383232 -8.94426155 -37.20439148
-9.45183372 -8.93026161 -36.75039291
-27.08283424 23.97474098 3.37660766
-15.58283424 16.65773964 14.50160789
16.07516289 23.54673958 5.24360847
24.56816673 -10.99926186 8.92460823
7.91616631 -15.02826118 -30.55439186
22.69916344 12.25873756 -33.45939255
-14.66283607 21.40374184 9.83260918
32.49617004 16.64174080 -15.81339264
-26.12683296 -9.81826210 -20.54939270
7.27816582 26.49373817 5.86760902
17.02816582 29.57773781 -10.41739082
-18.28983498 16.50073814 15.98560905
14.70616722 26.03573799 2.73260665
31.14216423 17.33674049 -1.69739366
30.35516930 -18.23626137 -2.92639375
21.14716911 12.04873848 -34.65239334
33.33016968 -20.92726135 -13.79439354
-18.85883522 17.41473961 15.21260643
4.43416405 -22.79926109 9.88960838
35.97316742 9.63173866 -18.21539116
-13.76683235 25.16173744 3.68360686
26.38316917 -8.11726189 10.36060905
17.77716637 -11.58626175 10.54160881
-29.89583397 21.74173927 3.37960601
33.94716644 12.08773994 -19.80239105
34.18917084 -19.12726021 -3.47039247
-16.06083488 -13.50026131 -26.88239098
22.47216606 24.36573982 -19.97239113
-36.02083206 3.49373817 -7.56339073
20.37916374 10.34673882 -35.49139404
17.12416649 19.62774086 10.03360939
30.65616417 15.45474052 -22.58839226
30.10916710 18.31973839 -18.53039169
31.73916435 13.67674065 -22.67139244
34.45116425 -9.39526176 5.70660973
-32.83783340 -3.03226280 -14.59939003
36.80816650 9.76873970 -16.42539215
10.22416496 -8.60125923 -35.20339203
20.88016319 20.06273842 -30.68339157
-14.97183418 24.98674202 4.29160881
17.81516838 -18.50526047 3.36160827
39.14916992 -7.61525917 0.39160708
-15.23883247 17.98873711 13.36460686
7.40316582 -22.33326149 -19.31039238
15.78716850 27.93474007 -26.24639130
33.69116974 -13.49526024 -22.00239182
-16.46983528 -4.95425987 13.26660728
17.89216423 19.89673805 9.31660652
14.95616722 -21.16326141 0.27260759
40.25817108 5.32673836 -12.17939186
-26.59883308 23.65873909 4.64060783
-14.51083565 17.52374077 13.54560661
-13.99183464 -14.61226082 -26.66839218
12.32116508 -22.40626144 -12.53739357
31.97916222 12.81373787 -23.03439140
-14.29783440 0.32473952 18.49460793
12.65416527 -16.66626167 -25.59239197
-18.43283272 -11.69726181 -4.31939125
-17.13283348 -15.40426064 -1.23039079
16.51416588 -8.59126091 -31.83739281
-7.93483543 -14.61826134 -31.31339264
24.86116600 16.19774055 8.06660652
-31.84683418 -4.66325951 -14.72339058
6.89216423 -3.19025993 16.84560585
37.23416901 -12.75926018 -0.64339280
10.39216423 26.91974068 4.26260948
32.59516907 -11.66026115 3.69260955
38.10416412 8.41974068 -15.31339264
10.82816887 -16.02426147 -27.72039223
8.98516655 -24.22126198 -0.39539167
14.64516258 -20.48826027 2.87260604
-25.83383369 -7.76426125 -25.93739128
-7.20583534 22.89373970 8.19860649
-12.19183540 -8.44426155 -36.37939072
37.72116852 12.29073906 -10.32139015
-10.12683296 -15.20326042 -29.09339142
1.44416618 28.65973854 -0.48339292
35.88516998 -8.32726097 6.93160820
13.64616203 29.41273689 -25.92839241
-15.84183311 23.78273964 6.73360634
16.59116936 -5.37726021 -34.03239059
10.77216911 -17.80826187 -25.17339134
-11.49783516 -21.57726097 3.12560821
-19.07383537 -12.43926048 -25.96639252
-3.91683388 -21.74326134 -22.85939217
20.37816429 24.61773872 -24.46039200
7.10716820 -21.35326195 -21.50239182
32.40916443 -13.00026131 2.20460677
31.79416466 14.37874031 -21.79739189
-33.62783432 17.13073921 -7.79639244
29.71916771 0.04873853 11.81160927
9.17816734 -16.15426064 -28.48939133
28.09916496 12.81273842 -28.32639122
3.57416725 -25.07026100 2.20460677
-34.40083313 -1.68926048 -10.10439110
2.99216652 -2.83426094 17.87961006
26.33016777 9.64874077 10.75460625
-25.40783501 -10.24725914 -21.12039185
18.98616600 16.68973732 11.52860832
30.10616875 16.26173973 -22.36639214
-18.51883507 -6.53526115 12.17160988
19.75216484 20.75174141 7.16360664
15.33216667 -11.77526093 -29.68039131
-10.45683479 -18.95026016 -22.70039177
-25.46983528 25.63673592 0.95860839
-17.83983421 -12.44226074 -27.37339211
26.78516960 21.22773933 -2.57939363
9.17716789 28.24974251 -31.10439110
26.89816856 17.14473915 5.27660942
16.78916740 -1.17526054 -36.02139282
-14.03983498 26.16273689 1.54860854
5.88416862 -25.26526070 -11.58939171
20.78616905 -2.24426079 -33.36739349
25.92716789 14.59573936 8.40360832
26.49216270 13.99873924 8.41360664
20.32916832 22.33173561 4.31360817
17.13616753 15.27273750 -36.82739258
23.83316612 15.74173927 -31.00239182
-23.17083549 -12.00326157 -20.13239098
-1.26283455 25.15173531 6.88660622
28.39816856 13.44373894 -27.60639191
-16.06783485 -7.27826118 8.62860680
11.79016685 -12.36226082 -31.41139221
-8.70483589 -0.86226076 16.12260628
8.72116661 22.88573647 8.97760963
-35.19383240 -2.02726173 -7.32539177
17.94916344 -9.17526054 11.85260963
6.22516441 -21.29926109 -22.20539284
5.96116447 -20.82626152 -23.20739174
-7.14083290 -18.18026161 -26.79739189
0.58516502 14.31674004 13.50460625
6.25816917 -23.52326012 -17.29539108
12.81016350 -12.04426193 -31.07639122
-21.52383232 -10.53226280 -27.20239258
24.01416588 16.74173927 -30.02439117
19.04616356 23.62574196 -28.83139229
-12.57383537 -17.47826195 -22.42539215
24.35616875 20.72274208 3.09560943
18.99616814 -2.53125954 -34.25939178
22.38516808 -12.50726128 8.20160866
23.85416222 17.23173714 8.07560921
-5.99083519 -21.97826195 -21.85739136
20.83316612 23.52173805 1.34960723
-6.92083549 -19.63126183 -24.82639122
2.18416405 -24.32226181 -18.13139153
-5.15583229 -26.01226044 0.12660769
27.72616386 20.15373802 -1.35339189
24.60416222 19.44473839 4.93660927
-5.09483528 33.07674026 -14.67639351
31.02016258 -6.92426109 -25.83239174
26.93716240 21.00374031 -18.87839127
-18.15783501 -9.35226250 2.10360885
10.96616936 31.50374031 -23.38039207
-13.15083504 -14.42526054 -27.96339226
-1.38983345 -27.47126198 -9.21539116
4.83416557 26.17373848 6.62160683
-25.08583260 24.66173744 3.93060851
20.62216759 15.75473976 11.29660988
27.09316826 13.17273903 -29.22239113
14.21016502 -15.50526047 10.14960670
26.28616905 16.75773811 -27.45039177
34.60116577 -19.83426094 -4.07939339
8.28416252 -9.34926033 -35.54139328
-35.59083176 8.23274040 -4.46239281
-14.54083443 25.87774086 2.30860686
13.87216759 22.73073769 -35.44139099
14.23416710 23.25374031 -34.57939148
-14.37683296 -19.75226021 -17.44039154
10.53016472 -6.00026131 -36.65839386
26.72616386 21.49673653 -3.31139207
-12.04283333 -10.51126289 -34.28739166
34.28517151 -10.90625954 2.21560836
28.61616325 -10.45326042 7.98760796
32.03316498 -13.95726013 1.52660918
10.49316216 24.59473610 6.83760643
-12.15883446 -20.02226067 4.02360725
-17.15983391 -10.25026131 0.55760741
7.07316399 -18.01426125 -27.10939217
11.76216698 26.56273842 -32.24239349
18.41116905 6.89174080 -36.79839325
14.04516411 31.35873604 -8.71039009
28.00116539 -6.61926079 -27.09839249
21.81716728 13.86273766 -33.65539169
-1.85783577 27.65873909 -0.16339323
8.96516228 -16.83026123 -27.69739151
15.51516533 -2.38226128 -36.10239410
22.82516289 23.30674171 -22.05939102
13.14516258 -18.45426178 -22.26839256
-17.94083595 -12.82326126 -26.41439247
8.33816338 -21.48826027 -20.24339104
22.68716240 15.13474083 -32.45639420
34.22316742 -20.84426117 -5.87739372
2.83716393 -25.64626122 -14.30139351
14.72416496 -11.53125954 -30.31139183
31.19116783 -13.28626060 3.30260634
30.57216454 -14.19726181 2.79160857
-30.85283470 22.46273994 -1.92139268
-14.39483452 -16.98226166 8.19160652
34.41117096 7.85273933 -22.27639198
14.87216759 -2.97926140 -36.14139175
-13.63783455 -20.48126030 -17.71339226
20.74916649 -1.22826195 -33.83539200
4.87216759 -21.27126122 16.69860649
22.05916405 -11.40426064 -26.79239273
20.75116539 22.59073830 3.47760940
-6.41783333 -16.48426056 -29.50839233
25.27516747 -6.94125938 -28.19039154
11.06916618 -23.09026146 -11.99239159
7.23716545 31.34974098 -4.15039253
11.39216423 -9.22226143 -34.20639420
-19.35683250 -11.48026085 -4.79239082
30.25016594 -13.51126099 3.92360854
27.04616356 22.18673897 -14.39539146
40.57616425 0.98873717 -10.18639183
7.98016930 -19.89226151 13.54660988
4.85816765 -13.34226036 -33.43739319
22.75016594 17.30073738 8.90060997
10.73016930 26.68174171 -32.71939087
16.43316460 -15.55626106 8.11860847
-17.05883598 -11.32526207 -1.56639314
17.01916313 27.95273781 -23.72939110
14.57016563 26.44073677 -30.30239105
-25.24083519 25.46573830 1.72060943
-17.95883369 -14.12826157 -7.39839363
25.20416832 19.89073753 -24.62639236
30.35316277 -12.56726074 4.87060738
24.52216911 -3.03326225 -30.51439095
19.13816643 -7.64225960 -31.10739136
9.57416344 -12.65726089 -32.33339310
32.45417023 -10.05726051 6.35760689
38.98017120 8.34573936 -13.56939125
19.75616264 21.61074257 -30.42439270
-16.51183510 -13.55926132 -26.27239227
13.45516777 -19.43926048 -19.91339111
33.45116425 9.15473747 -23.06139183
14.79916954 -13.21926117 -28.56439209
11.35816765 28.99573708 0.64760756
15.37716484 27.35673714 -0.09939024
-16.75383568 -3.28426170 16.72760963
11.31716728 -11.83326149 -32.18039322
-6.33383369 -13.65026093 -33.10439301
14.88716698 20.68474007 -36.14239120
12.17316246 27.95673561 1.81460738
-8.54883385 -18.43726158 -25.39039230
11.32516289 -18.87426186 -22.93139267
11.77716637 -4.24725914 -36.97239304
7.38716698 -21.09126091 11.68660927
9.14916801 26.51973915 -33.97939301
-7.20183372 -15.01726151 -31.11939240
40.55216980 -8.01725960 -4.42439079
9.56516838 -21.52226067 -18.98239136
-17.78083229 -13.59026146 -7.63739204
9.52916527 -11.64226151 -33.28239059
1.57716560 31.53373909 -8.69339180
-24.60883522 -11.09626198 -20.07039261
-23.51183510 -9.71726036 -26.07539177
28.89916801 -9.52726173 8.67060661
23.10716820 -16.22926140 3.87560821
36.94316864 10.17774010 -15.68539238
27.22216606 -7.39726067 -27.14439201
18.17916679 -3.42126274 -34.27239227
33.78916931 -12.78626060 0.82960677
33.53816986 -13.68426132 0.40160921
34.31216431 2.13673973 -23.73839188
18.74816704 12.87673759 -36.28639221
19.53516960 -18.51926041 1.86260772
22.27716637 18.63273811 -30.33439255
9.20216942 -13.46126175 -31.73339272
8.95116234 -4.67625999 -37.87739182
31.67016411 -20.94126129 -12.72839165
32.01216888 -12.66526031 3.12360930
5.20016289 -23.70826149 -17.68039131
20.27416801 -18.06526184 2.19660735
37.50316620 4.31873894 -18.76139259
25.61116600 14.08373833 8.92860985
19.58616447 15.24973869 -34.89939117
11.36016655 -21.49626160 -17.00539207
-16.38883400 -2.58625984 17.65860939
2.33916664 31.51873970 -7.99939156
20.14916801 -3.63926125 -33.06039047
-17.70583534 -10.27726173 -0.03439162
4.03716469 -24.64426041 -15.98739243
23.54316521 14.89373970 -31.81039238
9.04216576 -21.45226097 8.37760735
29.18016624 19.96973991 -4.39139366
2.70516396 28.67573738 0.87860656
-28.78483391 24.97174263 -2.73939347
14.65816307 -19.32926178 -19.13339233
18.58716393 22.82973671 -30.49239159
16.56716728 21.72274208 -33.70939255
19.40516472 -4.42625999 13.02560997
18.92916679 23.64673805 3.02760863
11.79716301 -22.91226196 0.34160784
21.67516899 23.16473579 1.15960860
-3.98183250 -17.73326111 -28.84439278
23.85716820 12.01973915 10.98460960
12.64916801 -5.52226067 -35.95639420
17.92616844 20.32173729 -33.56339264
17.52716637 21.31773567 -33.12639236
10.64116478 22.18074226 -38.14039230
-14.13183403 -17.30026054 -20.42639160
25.72516441 -13.09126091 6.80960655
5.84016228 -9.54525948 19.71960640
-19.94883537 -12.30326080 -25.13739204
6.98816490 -18.00526047 17.76260567
18.67116356 -18.43226051 2.73360610
39.37416840 3.95673943 -15.15239143
10.52216911 1.70673943 -39.07639313
-2.31083488 -23.38126183 7.28260994
-15.46183586 -14.62526131 -24.80039215
14.74616814 3.81574059 -38.08039093
12.15016747 -16.98726082 11.18560982
-12.54983330 -15.66426086 -26.09139252
18.37816429 26.18474007 -25.34939194
-24.64683342 -9.44825935 -0.85939240
-7.70283318 9.93173790 14.72260857
13.20316887 -9.28426170 -33.16339111
-7.35883522 -14.33926010 -31.92939186
35.82216644 8.75274086 -19.25839233
-28.70483398 -4.70326042 -25.04039192
-4.28583336 31.84774208 -11.91939354
7.28116417 -20.18926048 14.30360985
17.41416740 -13.78626060 -26.40439224
13.30916405 -4.41926003 -36.21739197
-10.99783516 2.96473885 16.59260750
14.32816887 -20.48026085 -16.31839180
5.40616417 -24.60026169 -14.73739052
29.28716850 -15.58326149 1.82760787
31.15216637 10.48173714 -25.73439217
27.25516319 -17.42826080 -0.35239241
14.78716850 21.82074165 -35.37239075
14.69416618 22.60173988 -34.77439117
29.80816460 16.01573753 3.18960738
24.50316429 11.48873711 10.84160805
15.09316826 28.49873543 -26.06239128
14.44816399 29.02173805 -25.80739212
-12.15883446 11.55874062 15.88060951
23.70916557 -10.16325951 -27.17639160
18.31216240 26.28273964 -2.48839402
1.06816673 31.79174232 -9.70439339
17.27716637 18.99373817 -35.07139206
35.95317078 -10.95826149 0.30460909
6.80216789 -9.59726143 -35.90639114
14.70516777 -13.95926094 -27.81839180
23.58516502 23.24974251 -2.37739396
8.58316612 -19.17826080 13.79460716
18.44116783 1.41374016 -36.09139252
39.11216736 -12.67326164 -0.62439179
27.97716331 18.40173912 -22.57739258
-32.13683319 19.75274086 1.71060729
22.28916740 22.90374184 -24.09839249
23.79016685 18.83473778 -28.20339203
24.14116478 18.03074074 -28.67739105
-24.27783394 -9.34526253 0.05660799
15.38616753 -17.52926064 -22.34139252
13.29316521 -12.55226135 -30.26839256
17.98016930 -14.31126022 -25.51939201
28.97716331 -11.77426147 -24.70139122
26.22416496 0.55073744 -30.69339180
13.23216820 -20.71226120 -16.86739159
19.43716240 14.19673729 -35.39839172
27.71616936 21.53973579 -15.11139107
38.95916748 9.26873970 -12.68639183
29.43016624 -14.89726067 -22.54339218
8.20016289 -20.58426094 11.52460670
-16.99983406 -11.47026253 -30.04239273
-14.62583351 -0.93526262 17.44360542
19.42416954 13.21073723 -35.69239426
18.81216240 24.46873665 1.52260756
-24.18883324 23.29773903 7.06260872
-23.16683388 -9.35125923 -27.29639244
-0.36283302 29.41974068 -5.32239342
10.90116692 -1.80426216 -38.18039322
9.39216423 -20.04226112 -22.23639107
-15.98983574 -5.89826012 11.47160912
27.24116325 10.97973824 -29.95539284
9.88016319 -18.78926086 -24.22639275
-17.96383476 15.01774025 17.51160622
-16.58383369 -8.16826057 -34.61739349
-12.07183266 -22.61926079 -17.18839264
9.04716301 -18.42426109 -25.44139099
13.64816856 -8.02826118 14.00460625
19.20916557 18.66274071 -33.52539063
23.11516380 14.09973717 -32.54439163
22.26016808 14.42873955 -33.11339188
30.80116844 -15.24926186 1.03360915
-24.23583412 -7.13326073 -29.37439156
23.81116295 17.69874001 -29.39339256
3.18516731 2.51973915 -41.17739105
26.57916832 14.45173836 -28.97739220
22.40016747 14.33273888 10.92360878
13.04516411 28.67273903 0.00060823
25.66016960 22.68074226 -16.61039162
14.92616844 23.14673805 -33.98439407
23.30316734 20.22973824 -27.00739098
-15.33883476 11.51774025 18.84360695
1.85116768 -25.62426186 -15.17239189
32.75917053 -12.20726013 2.71860671
-22.82883263 -9.43425941 0.67160964
25.83016777 20.70874214 -21.88139153
-3.99883461 26.59674263 1.65360808
6.58916283 -9.99625969 19.23961067
18.91916466 22.07873726 -30.91939163
15.05116844 -18.30726051 6.19360924
33.76316833 15.63373756 -13.13639259
-11.28283501 -12.75726128 -32.00639343
-16.04883385 -10.27626228 2.08160949
-11.11183357 -8.61226082 -36.57339096
7.44216728 -23.58226013 -15.79739189
28.18616295 13.65674019 7.60460854
21.97716331 25.31373787 -17.88139153
9.67216301 30.40274239 -26.99339104
14.95616722 24.04174232 -32.96039200
31.20416832 -7.81426048 9.02160835
-15.26583290 10.88373756 19.40461159
21.44116783 21.76774025 -27.64839172
20.34316826 12.54773903 12.48260689
39.32116699 4.78273964 -15.03739357
-28.66983414 24.63573647 -1.60739350
8.17916679 -4.49226189 -38.21139145
22.01016808 20.63974190 -28.34639168
3.78316689 -25.47626114 -13.81339073
24.97516441 17.40373802 -28.33739281
30.24916649 19.13973808 -4.82739067
13.26816368 24.54574013 -33.98239136
14.64816856 28.60373878 -1.55639100
19.34416771 20.87674141 -31.65739250
31.79116631 17.13873863 -2.77639222
28.22016716 15.20173836 -26.49539185
21.51416588 25.88373756 -16.73639107
28.30116844 14.34374046 -27.08339119
5.39116478 -21.22926140 15.74360847
6.10316277 -20.93626022 15.01360893
29.23216820 10.65773964 -27.92839241
-15.79883385 -2.75026131 16.17760658
-10.74883461 -15.54526138 -28.04139137
-8.82483482 8.19874001 15.23260689
18.40916252 20.82873726 -32.67439270
-35.46383286 2.00473976 -9.53439140
-30.93383408 21.05473518 2.19160628
-2.86283302 -19.09926033 -27.24339104
-11.54483604 -18.00226021 -22.88139153
34.41616821 -7.71526146 8.12960625
16.84316826 -17.48326111 5.62860680
15.97616386 -18.25726128 5.34560966
-32.22883224 -4.41026115 -13.78339195
32.66716766 14.35074043 -19.93739128
19.02316856 19.79574013 -32.90239334
-19.31383324 -9.84726143 -30.74639130
16.15916252 0.99173933 -37.03339386
15.17216301 -17.49526024 7.13660622
25.99716759 17.51473808 5.81960869
26.47216606 16.78973961 6.15060997
15.51916313 24.45974159 -31.94939232
28.52816582 19.53573799 -1.41939378
29.17116356 19.35074043 -2.42739320
10.81216240 -14.84926033 -29.26639175
-6.96683311 -22.14426041 -21.11839104
-22.34283257 -11.12526131 -24.54339218
30.72916222 -16.79826164 -1.14439225
-30.50883484 22.51374245 -0.91839051
26.38516808 -3.46225929 11.96460915
-29.97783470 23.64873695 -2.42839265
16.60316277 27.45974159 -25.90039253
-29.89083481 21.22673988 4.90060997
16.53716850 -7.39426231 12.93960762
9.75116539 -20.34626198 -21.32039261
-15.45083427 12.95273781 17.51060677
2.82516670 -6.62326241 20.57960701
33.47816467 -8.18926048 -24.29139137
-12.52683449 -18.71026039 -20.63339233
-0.08983421 27.35773659 2.67360854
24.26216698 15.47073936 9.03960991
29.11016655 -1.26025963 -27.77439117
-13.18583488 -18.34326172 7.12260628
31.01616478 16.23073769 1.04060912
13.10416222 28.55874062 -28.25139236
22.34516716 22.11374092 -25.51039124
-8.77483559 -12.52426147 -33.42439270
26.87916374 15.20673943 -28.09639168
19.79916954 26.66874123 -8.27939034
14.69016838 30.47873878 -20.02239227
12.64416313 -0.01626009 -38.07939148
17.32216454 18.14274025 -35.51239395
-4.20483589 -23.57526016 5.39260674
11.34116936 -11.05125999 -32.83639145
-22.87183571 -10.60926247 -4.73339272
-20.29483604 -10.55925941 -2.18539262
4.44416618 29.54374123 -0.27739164
29.68216515 -14.35726166 3.42960906
0.78016472 23.42373848 9.11260796
-13.89983559 -17.42826080 7.39660835
-35.21183395 1.55073738 -10.23439217
-11.01983452 -11.98926163 -33.04139328
-0.70583534 29.58873940 -6.11539268
12.99216270 -14.86726189 -27.87639236
30.94716454 -20.05326080 -5.97039223
28.56516838 18.37573814 1.09560943
12.23716545 -13.03726196 -30.46339226
15.80816460 -13.34126091 -27.79739189
-9.68483543 7.92373848 15.63260841
11.26816368 -18.18426132 10.96860695
15.02616692 -20.62626076 1.97060943
17.31416893 16.38073921 -36.29339218
-9.69083595 -2.52726173 17.77860451
37.73416901 10.11873817 -14.12539101
30.65416527 13.71073723 5.74760628
10.25816917 -10.76626015 -33.63539124
9.41416740 -17.75626183 14.31160927
-25.16983604 -9.46626091 -23.79939270
14.19116783 -18.20326042 7.28460884
21.02616692 24.16974068 -24.02339172
11.83616447 21.40574074 -38.05539322
-4.75983238 25.64573860 3.91860747
18.10716820 21.86673927 -32.02139282
18.17916679 22.61773872 -31.19439316
24.33916283 18.23473930 6.71260643
11.53616905 29.84273720 -1.02039170
32.91017151 -13.37026024 1.22160888
29.83716393 14.29673958 -25.12339211
8.50316429 0.04173856 -39.34639359
19.07616234 14.84173775 12.26460838
25.69316673 17.24873924 -27.67439270
18.56116295 -8.31126213 12.04560661
-4.86783409 -23.43626022 -20.11939240
15.98816490 -6.06625938 -33.92339325
20.15416527 20.79773903 -30.84239197
15.80616570 23.72873878 -32.49239349
14.42116356 -8.37726021 -33.15139389
16.60616875 29.00673866 -6.55839348
-21.03883553 -12.42726135 -11.56739235
16.95816612 22.34874153 -32.73439407
35.88816833 14.49473763 -8.22639275
-17.48883247 -12.84126091 -5.58839226
40.92716980 -0.67725939 -7.87939262
1.74316597 -26.47926140 -12.78339195
23.33916283 18.53874016 -29.09039116
22.78516960 19.58773994 -28.59539223
15.82916832 21.61074257 8.05560875
12.83116722 30.70673561 -23.49539185
25.04416466 -19.62426186 -4.13239098
-13.92783546 -15.66226196 -24.31239128
-6.48583412 -14.22726059 -32.39939117
-12.40383339 1.73974037 17.20660591
28.42416954 18.95573997 0.20560625
30.04616356 15.66873741 -23.34439278
15.54216576 22.03373909 -34.43939209
15.48916435 21.15374184 -35.24039078
4.11316490 -19.43326187 -26.35039139
2.87016487 -4.66726112 19.16460609
37.85116577 11.44973946 -11.75639153
20.67916679 -0.29326051 -34.24339294
35.11816406 -10.17526054 2.09560943
24.01616478 -10.89326286 -26.57439232
20.87916374 -5.47426033 -31.58239174
16.08516502 -17.47826195 6.27760887
2.76816750 29.73373604 -2.64939332
13.98416710 -13.56326103 -28.75239182
27.35516930 16.26473808 5.82660866
-6.86883354 8.21073723 14.73160744
8.49116325 -16.94126129 16.38160896
10.01616478 -17.88126183 13.30860710
-15.58783531 17.42473793 13.90860939
29.91516685 -11.97126198 5.82460976
7.99916649 28.56073952 -31.19939232
1.31216621 29.56073952 -3.88839173
16.99716759 18.40273857 11.22060966
25.62816429 -13.12926102 -24.59039116
25.57516289 12.54574013 9.79060936
22.33616447 -6.56625938 -30.03139114
27.56216240 14.07073784 -28.13439178
11.82316399 -6.43126106 -35.83039093
-9.40383339 -13.68526077 -31.80339241
18.79716301 22.12674141 5.71060753
0.12816431 -25.23826027 -16.91639137
14.50316429 18.44174004 11.81860924
12.71416283 -22.39026070 0.45560625
-14.94683266 -6.89726067 12.80060768
26.09416771 -10.11026192 -26.36839104
17.24416924 25.81473732 -28.13339233
-15.58083534 12.19874001 18.38460732
16.26316643 -12.39626122 -28.52039146
22.79416466 20.16573906 -27.83439255
21.80716515 20.14174080 -29.28839111
20.44816399 -10.70826149 10.13260841
26.61016655 -5.08926201 -28.31439209
32.60916901 -6.14626122 -25.17639160
-27.30283546 25.69173622 -1.73639131
3.36116600 -26.39726067 -10.41839027
8.74516869 29.42273903 -29.31039238
11.48716545 -17.40026093 11.65460777
24.54016685 18.27273750 -27.93739128
5.07716942 -24.83826065 2.01160598
28.51316643 16.19174004 -25.06839180
-14.55383492 9.80673790 19.46860695
-33.36883163 -0.98225969 -15.63439178
-2.77583504 -23.46726036 6.68460655
-31.19883347 -5.34726143 -15.47239113
-33.28583145 -4.29826164 -9.23439217
15.34116936 -12.56126022 -28.89139175
-2.63783455 27.78273964 -1.35239244
34.86917114 -17.52726173 -1.89639115
13.33816338 -18.16126060 8.33060646
17.76016808 -19.27326012 1.89660811
22.94116783 18.54673958 7.60660744
22.48216820 18.11474037 8.40460777
20.66816521 16.48573875 10.85660744
14.97416496 -15.35626030 9.54060936
-12.79183388 -20.57826042 -18.46839142
4.03816414 3.36173820 -41.14339066
15.51716423 -14.55826187 9.75260735
16.43116570 23.19774055 -32.42639160
6.39616203 30.51873970 -1.96039033
18.13516808 -10.77326012 10.91460991
-15.84583473 -16.39126015 -18.44539261
-32.58483505 -3.03825951 -15.55539131
3.14616585 31.50473976 -7.23339272
-5.85883522 23.08873940 8.26060677
-0.74783516 28.49673653 -2.45139146
38.86016846 -8.94926262 -1.95239091
-22.82983589 -9.05626106 -28.28739166
15.28316307 25.15973854 -31.34239197
9.05716515 -16.54526138 15.81460762
4.52916527 4.03174019 -41.14439392
-14.99383354 -11.57626152 2.61360717
20.24416924 20.16173744 -31.37439156
13.32116508 30.75873756 -22.43039131
18.59316826 -5.32826042 12.95760918
15.01516533 22.83173561 6.78560829
11.88816643 -17.62026024 10.83760643
15.33516502 -19.48426056 -18.23039246
10.75616264 -18.02926064 11.96360970
-15.09583473 -9.30626106 11.51460838
14.35816765 29.99173927 -4.18739128
2.19316673 26.84774208 5.23860741
2.61016655 30.57374001 -5.28639030
28.58116722 20.70573616 -5.27039146
33.11716461 16.37874031 -13.43139076
12.19716454 -11.44426155 -32.00439072
17.84816551 23.33374214 -30.77639198
12.60016441 19.27773857 -38.59239197
28.58316612 -4.02326012 -27.53939247
4.30616570 -10.83326149 -35.71339417
13.32116508 -21.96526146 -12.48939323
36.03316498 5.53874016 -20.76239204
17.01616478 -19.66326141 1.79660964
-15.52983284 -17.04126167 -18.00239182
3.76916695 30.58574104 -4.09939003
13.84816551 21.17273903 -36.78139114
17.53416252 -6.38826180 12.91660881
-17.75283241 -13.69726181 -24.38539124
-9.32683372 -21.51326180 5.59260750
9.21416283 -23.98326111 0.49760607
17.27416801 23.01474190 -31.74139214
13.42316246 -21.10126114 3.12960601
24.64916801 23.01273537 -18.27739143
-9.71783257 10.14073753 15.20460701
-34.24583435 -2.41926003 -9.62239265
-9.91183281 8.99773979 15.52360725
0.81016731 28.64274025 -1.21639085
2.19116402 1.89373970 -41.25539398
38.55117035 -8.13826180 -1.58939195
10.41016960 -18.90226173 11.16360664
15.77116203 9.26273918 -38.19839096
11.00916862 31.40873909 -4.63339043
20.55516624 24.60673714 -1.34739137
15.02716637 21.85473824 8.06660652
-15.65483284 15.24773979 15.66460991
-14.89283562 14.33873940 15.93460655
-28.66483498 22.15873909 5.13860893
5.53016472 -6.74025917 18.87761116
-15.01383400 -12.28226089 -30.28339195
10.84916496 -22.63826180 3.14360976
-2.15883446 -2.85626030 19.26761055
14.35216331 -16.83826065 8.74060631
23.39216423 2.53174019 -33.36039352
15.71916771 30.61074257 -14.93439293
15.07516289 -4.55825996 -35.27439117
22.12016869 21.56273842 4.12360954
17.66216850 24.67873573 2.24660659
22.44216728 -10.47926140 9.81760979
29.79216576 -9.72826195 8.12660789
-12.20183372 -12.17126083 -32.26339340
-12.97383308 -10.52726173 -33.87139130
37.61316681 2.39073753 -19.37939262
28.01816368 14.68474007 6.81860924
8.10316277 -17.67526054 -27.03139114
-8.16683388 -16.14926147 -28.95139122
-23.36283302 -9.48026085 0.08960894
3.83316612 -6.74826241 19.91460609
-18.34383583 -11.40826225 -3.26739335
32.72716522 -13.75526047 -22.27539253
31.26916313 17.60873985 -17.15539169
32.51016998 16.87373924 -4.00439262
13.46016502 -17.46126175 9.04760933
13.64616203 -16.80926132 9.53460884
15.87716484 22.91173744 -33.26039124
21.77916527 2.05974007 -34.30739212
33.66516876 15.55073738 -14.08339119
17.02316856 -17.97026062 4.83860970
17.59516716 -18.12026024 4.16560936
-33.25183487 -0.49725908 -16.79239273
29.45016289 18.72773933 -1.36639237
-15.20283318 -18.86226082 -17.05839157
23.91016960 -1.11226082 -31.85839272
18.42116356 23.50973701 -29.86839104
2.47816658 -23.38926125 -20.04039192
24.57616234 10.66773796 -32.43639374
35.13716888 -18.27026176 -2.31439042
37.18616486 -6.52026176 -21.62639236
16.79916954 27.71673775 -24.89539146
19.91816521 17.00573921 -33.83739090
16.24216270 24.64074135 -31.00339127
20.36216545 -17.62226105 2.90860915
-1.52183342 31.07074165 -9.68839073
24.84416771 10.59173775 11.01460838
21.66416740 -7.55026054 -29.77839279
15.31916618 -16.09226036 8.53560829
-14.58383369 12.11673927 17.46161079
-24.44783592 -8.37726021 5.23760796
33.36816406 13.72373772 -19.12939262
13.79216576 24.90574074 4.86660957
26.40416527 -8.46925926 -27.03739166
-18.71283531 -10.57325935 -30.10339165
34.95916748 8.47073936 -21.05339241
-27.13983345 21.82773781 7.75860786
-9.89983559 0.03973966 15.83660698
-25.33283424 -10.54525948 -20.14939117
12.10016441 -16.34126091 -26.44939232
40.84716797 1.06173897 -9.35639000
15.53916740 -14.46826172 -26.66639137
-2.02483559 -20.20826149 -25.64639282
12.98416710 8.68873787 -39.04639053
-8.39483452 -14.11526108 -31.75439262
5.59316826 -18.32226181 19.36860847
12.04216576 -21.29726028 4.62360954
27.36116600 -3.43826103 -28.45139122
16.36416435 -19.59526062 2.70860839
-14.64283562 -0.45826143 18.09260750
12.58816338 -18.08526039 9.33360863
-33.97983170 -4.59126091 -5.31439018
-18.67083549 -13.95526123 -13.19939232
-10.84783363 -22.96426010 -17.65239143
-17.47583580 14.08273888 18.18261147
16.55116844 18.57773781 -35.93739319
-4.29283333 -16.47026062 -30.36639214
10.43416405 -15.41526031 14.61560631
20.83316612 19.61673927 7.94760704
-26.19083595 25.59373665 0.13260821
9.57916832 -19.32426071 11.78660774
33.92816925 13.17873955 -18.50139236
27.56816673 20.69973946 -2.66939378
22.47916222 19.08173943 -29.59139252
-12.10783577 -19.57526016 4.78060722
20.66116905 22.12173653 -28.44639206
20.12816429 15.99273872 -34.14539337
15.85816765 -15.25526047 -25.47539139
26.75116539 18.10473824 -25.13639259
-34.42083359 4.55373955 -15.27539253
-5.08983421 -16.55426025 -30.02139282
34.05416870 -15.39026070 -0.75539231
16.36616325 23.84273720 -31.80339241
7.50116539 -5.13126183 -38.14839172
5.62916374 -22.70226097 -19.86539268
-2.12083244 30.59974098 -9.01539040
23.50816917 21.15773964 -25.19139099
33.03316498 10.27374077 -23.05939102
-22.10983467 -12.51526070 -13.75239372
7.02216911 -18.99426079 16.66660881
-11.78983498 -19.03826141 -21.07339096
28.14816856 21.21573830 -5.96239281
-0.75883293 24.64473915 7.68460655
-9.81483269 -16.61226082 -27.03939247
-5.20083427 0.73974043 15.75260735
-13.98383522 -0.05626101 17.64361000
41.14416504 -6.44426155 -6.57939339
-23.67883492 26.60173988 0.09560946
9.06516838 -24.39626122 -9.46539116
24.35916710 20.21573830 4.02760887
-2.73483467 -27.46226120 -10.25839043
17.86616325 -13.86326027 8.73860741
-17.77483559 -14.90126038 -2.59839082
24.57216454 23.38974190 -5.35839272
29.74816704 19.47473717 -16.25439262
10.51516533 -21.77626038 5.70760918
-8.73083305 -20.07126045 -22.82839203
6.36716270 -20.24726105 15.96460915
24.38716698 17.26774025 -29.14539146
24.90516472 16.40173912 -29.31939125
-14.70383263 -2.41026115 15.93360710
38.79316711 -2.17625999 -19.14339256
22.40616417 -16.13326073 4.25560951
39.20516968 -7.79026222 1.59260726
10.53216362 -21.10626030 7.09360695
27.70916557 17.20173836 -24.94539261
15.82516289 -20.42926025 -14.91239357
1.98216438 -4.08226204 19.15860939
1.97816658 -4.88026237 19.79660988
21.87416649 25.68973732 -11.63939095
-15.25683403 -4.97226143 13.22660637
33.11316681 -7.63426018 8.58260918
-22.18883324 28.50473976 -3.99639344
29.09716606 -7.09325981 10.08060646
9.03516960 -6.66726112 -36.87139130
-24.12683296 -8.89726067 -26.71639252
-3.94783592 25.50473976 4.75760841
3.34316444 -24.61326027 -16.66539192
-27.98083496 -5.22525978 -25.87339211
14.27816582 -17.51226044 8.06860924
-25.01383400 22.09674263 8.73860741
15.08016777 -16.90826035 7.91560936
21.04016685 25.56974220 -6.90339088
12.00916862 -20.44126129 -18.92439270
6.67916679 -1.36326027 16.15660667
4.48216438 -8.41526222 20.31760597
3.73616600 -23.23526192 8.01861000
36.22516632 13.22373772 -11.65339088
17.03116417 23.82773781 -31.12039185
6.87516594 -17.32326126 18.44960976
12.50816917 0.86573988 -38.33439255
26.10016441 21.72773933 -18.72239113
23.47316551 12.85373878 -32.70139313
31.18016624 15.17273903 -22.00639153
-14.45383263 -18.03326035 2.23960662
4.63216591 -6.43226051 19.23761177
18.79816246 26.49573708 -4.35039330
-18.18483543 -15.88626099 -12.53139305
-5.81283379 -22.53126144 -21.11839104
15.65616417 19.66673851 10.56060982
10.00016594 27.31273842 -32.17339325
13.53916740 -19.84926033 -18.83939171
10.12416649 -17.16926193 13.86860847
-17.64783287 -7.44526100 7.81760979
28.85116386 18.94273949 -0.59339356
10.88416862 -18.42326164 -24.08239174
30.49416924 13.16473961 -25.10539246
6.59016228 -6.72226143 18.29561043
2.75516701 26.53273964 5.93460655
-7.27083397 21.51873970 9.78460884
29.43716240 18.72773933 -19.08639145
5.05116844 -24.37926102 -15.80839157
38.71717072 -10.52926064 -1.31239152
-14.56383324 12.83273888 16.85760689
4.37916756 -3.75526237 17.96261024
9.25016594 -3.15526009 15.85360909
-8.76483345 -22.03126144 5.03460884
10.50216484 -2.77826118 -38.01839066
-17.51683235 -6.80626106 9.87560844
6.82616234 -22.72026062 -18.94639206
-34.39683151 2.81373787 -14.18939018
-22.33283424 27.44774055 -1.07739091
0.81416512 29.81974220 -5.24539375
8.66016960 -23.39526176 3.81960845
32.03216553 15.70474052 0.63260818
2.41316414 29.34874153 -1.80939317
29.27616692 -13.36626053 4.82860756
26.10516930 -3.24126244 -29.34939194
8.30816460 27.77874184 3.90560699
-6.71583366 -21.55726051 -22.12639236
-17.11783409 -14.53226089 -22.70339203
12.20816612 24.99573708 5.61560631
15.69216728 -18.20926094 -20.84239197
27.79416466 18.72473717 1.73960662
-15.09883308 26.84073830 0.31160906
25.00116539 -15.87626076 3.77960753
2.20616722 32.63874435 -11.42039299
40.03916931 -6.37526131 -1.27039170
-20.35383415 -12.86326027 -22.89339256
-12.30683327 -14.31626129 -28.94939232
-16.74783516 -7.83426094 6.80460930
2.17516518 -5.74126244 20.38160896
16.89016533 -9.26226234 12.17760658
30.98616600 -15.87126160 -0.02239058
39.18016815 -0.32026094 -17.43939209
-0.57383537 32.62874222 -12.99539375
14.48516655 -5.54226112 -35.02039337
11.08916283 -23.35826111 -0.23739073
-13.31083488 17.56873894 13.26160622
-18.57583427 25.45573616 4.19960976
8.03616905 32.48974228 -22.17939186
8.65616417 -22.70826149 5.85860634
7.65416527 -22.64126015 -18.34139252
-31.56783485 21.07773781 -0.39439222
28.21616936 -18.34426117 -2.41039109
9.64516258 -3.19426155 -38.17539215
11.12416649 -20.34126091 -20.06939125
20.77816582 -15.78026009 5.35960960
12.20216942 -19.41826057 7.90860939
9.90016747 -7.63626289 -35.96439362
17.37916374 -12.02426147 -28.30039215
-25.61183357 -8.48126030 -25.06839180
34.33716583 -21.76026154 -7.86439323
15.65916252 -1.33025932 -36.46139145
12.43716240 -18.77026176 8.59360695
18.56116295 -19.57026100 0.25960711
17.17316246 -16.71826172 6.32660866
-6.21983528 21.68474007 9.80960655
-13.18183327 10.70673943 17.15461159
-29.42983437 -4.64326286 -23.29339218
-8.99483299 -15.71326065 -29.05639267
-13.27983284 -17.40526009 -21.55939102
14.33016777 -16.14526176 9.45060921
-3.44283485 -18.46826172 -27.99439240
28.44216728 -5.71925926 10.84260750
20.40616417 11.25473976 12.70760918
-13.84483528 -18.30826187 -19.46539116
19.11016655 24.76474190 -26.80339241
-13.90783501 -12.35726166 -30.99239159
-12.31383324 13.81873894 14.99360847
30.87216759 18.48173714 -15.78539276
6.66516685 -24.50826073 -13.49139214
16.21816826 13.40674019 -37.85839081
12.87716484 30.76474190 -4.16539192
-7.26983452 -21.07126045 -22.51039124
-31.55283356 -6.02726173 -11.05339241
-18.08983421 -8.56726265 4.46660805
23.36616325 15.62373924 9.61960793
20.23416710 -6.43325996 -31.34539223
22.53216362 13.41173744 -33.25039291
-11.25383568 -14.22726059 -29.90739250
-4.74883461 -19.98326111 -25.35239220
29.39016533 17.67973900 -21.31039238
14.49316216 27.11873817 1.28960967
24.90916252 13.78273964 -31.11339188
-30.53883362 -3.34926033 -21.90839195
17.38016319 24.24573708 -30.23039246
15.79616356 20.40173912 -35.51039124
22.03216362 25.36573982 -9.61239052
23.16216850 22.07374001 1.75760818
-16.05883598 -15.46826172 -21.35139275
7.71116447 -1.04726219 15.74860954
6.62016869 -23.64426041 -16.54739189
4.20316505 -1.00826073 -40.19839096
-19.17183495 -7.07925987 11.39660835
22.92116356 -10.72525978 -27.04539108
17.22216606 19.99773979 -34.47039413
20.62016869 17.49273872 10.18660927
11.90916252 25.48073769 -33.80539322
26.11816216 -11.69726181 7.87660789
8.49816704 -10.12225914 -34.93039322
-29.16983414 22.37674141 3.48360610
7.34316826 29.91974068 0.28660753
-33.24683380 -2.35526085 -14.03539085
-4.51383400 -20.49726105 -24.64339256
34.82016754 -9.62225914 4.53760719
4.61016655 -4.38226128 -39.14639282
-30.08683395 23.82873726 -3.54139161
-4.11283302 -2.72625923 19.35360909
12.76016808 -17.19626045 -24.70039177
-28.01183510 -5.87726021 -24.88639259
19.65616417 25.79274178 -23.34339142
35.43216705 14.73673820 -9.03239250
9.98016930 20.55674171 -39.09539413
7.52416801 -2.53125954 -39.03939056
-17.61383247 -11.93126106 -3.77639222
21.52416801 14.56073952 -33.63939285
-31.39983368 21.96373940 -2.58039308
9.68916893 21.70273781 9.77460670
40.31317139 -2.61126137 -7.69139290
11.74716759 25.03673744 -34.62039185
37.92816925 5.58873940 -17.43039131
23.10016441 17.87174034 -30.05339241
8.76916313 -23.99226189 1.22860885
-0.11183356 23.41073799 9.02060890
-11.37083244 14.13673973 14.60060692
29.38116264 -15.69426155 -21.86039162
17.93116570 23.88673592 3.40160918
12.54716301 24.42673683 -34.79839325
-13.83383369 -17.92826080 8.17760658
2.91416740 -5.66926003 19.83461189
36.26616669 -7.84425926 7.52760887
-13.85583305 24.06273842 5.82260704
18.47316551 15.92573738 12.05060768
6.15116692 -25.39226151 -1.36539292
-13.18983269 -18.11826134 -20.58439255
30.87116814 17.09773827 -0.52739167
-10.51683235 4.54773903 16.48360634
15.24816704 26.97274208 0.75260711
19.92016411 19.79273796 -32.03939056
-20.36883354 -10.78825951 -3.04039216
14.61716270 -14.72226143 10.41560936
17.28316307 -10.18226051 11.60760689
24.08116722 13.69774055 -31.89139175
31.89316368 17.53874016 -4.59139061
30.07116508 14.96073723 -24.15639114
2.51916695 -26.35226059 -12.34839058
-9.39183235 -25.43126106 -14.92239189
-19.73683357 -12.59526062 -10.38639259
8.40616417 -2.42526054 15.97160912
22.80016899 10.93773842 11.85960960
25.15716362 -14.59426117 5.52260780
-13.19783592 2.99373817 18.67061043
-7.54983330 -17.58126068 -27.34839249
13.08216667 22.80373573 7.70660973
34.88317108 14.08573723 -13.60039330
-28.28883362 -7.22926140 -22.02439117
29.56516838 17.61373711 0.80660796
-22.69083595 -12.44726181 -19.27939224
21.59016228 23.28174019 -24.72739220
20.74416924 15.12174034 -34.02139282
-26.11183357 -8.92826271 -23.21139145
1.67016411 -3.21825981 18.56660652
10.48216820 -23.28726196 1.56660628
26.73016930 20.30373955 0.21660784
30.20716667 -15.15726089 -22.15539169
8.35516930 28.58374214 2.73160720
13.18716240 31.05674171 -5.46939278
26.94816399 16.10373878 -27.25039101
17.57816887 -20.56526184 -11.47039223
6.65216637 30.58073616 -28.17039108
-27.34983444 -5.56625938 -26.69039154
20.88516808 -14.50626183 6.78560829
7.61916924 -24.54126167 -11.86239052
28.84316826 -16.85026169 -20.68039131
9.26316643 24.35373878 -36.96739197
10.37916374 -14.32026100 15.14660835
16.01616478 -20.63726044 0.27060869
11.10116386 28.50374031 1.61860824
-11.25483513 15.26674080 14.15560722
27.29516411 19.99173927 -20.65939140
33.69516754 -18.54226112 -3.10039353
28.12316704 -5.75426292 -27.31239128
20.85916710 18.14473915 -32.33539200
-18.67683601 -13.49626160 -23.67039108
-13.12183571 1.38673973 17.77560616
15.33416557 21.24173927 8.75760841
27.60216331 19.32673836 0.88360763
29.57216454 18.30673790 -0.59639192
19.06316948 25.95673561 -24.36939240
-21.77683449 -8.93726158 -29.75839233
22.16116905 23.54673958 -22.96039200
8.85816765 -19.97426033 11.73760796
22.73416710 -8.67526054 -28.49339104
35.63417053 14.06973839 -10.93139076
29.82616234 10.87573814 9.03360939
20.53316307 26.70673561 -16.34939194
-24.17083549 21.07174110 10.65560722
-12.15583229 4.58674049 17.64560890
22.59416771 16.31273842 9.73860741
30.56916618 15.97973824 2.18160796
22.58416557 19.35273933 6.99260902
31.83716393 -11.55225945 4.77960777
-32.27183151 19.82773781 0.72560668
13.90116692 20.15574074 10.52360725
-10.56383324 13.20373726 14.73960686
8.11816216 -4.68526268 16.83360481
-24.95783424 -8.22026253 -26.62439156
37.12316895 7.33073997 -17.90039253
-10.44483376 -18.21426010 -23.84139252
37.02317047 12.13973808 -12.19939232
-10.72583580 0.48573881 16.00360680
18.25616264 25.36074257 0.21260622
24.57016563 -17.40626144 1.04160857
6.29016685 -17.99726105 18.73060799
27.28616905 15.48673820 6.70660973
36.00016785 -8.73126030 6.06360817
-29.01783371 24.00773811 -0.79639268
16.97516441 13.58674049 -37.37439346
22.44016838 20.86474037 -27.38139153
-26.82583427 -8.10326195 -23.54839134
27.83316612 -16.52026176 -21.22639275
5.23716545 -0.48225969 -40.08939362
-23.04083443 28.51973915 -4.99339104
6.22716331 26.77173805 5.70560646
-24.79683495 22.64673805 7.86860847
17.13116264 27.10373878 -2.36139131
15.18616295 25.21773720 3.52660918
-14.63783455 29.39673805 -6.55539131
13.00416374 -14.09126091 -28.82039261
19.15716362 12.95173836 12.78560829
-22.80283546 24.16874123 6.17960930
11.62016869 -19.71026039 -21.00139236
31.22016716 -8.63726234 -25.32039261
-7.00283241 -25.60126114 -15.68039131
-5.47383308 20.26473808 11.14160728
29.55716515 -12.21226120 -24.29539108
17.76916313 27.41173744 -4.65939140
29.49516869 -8.16526222 -26.07539177
-7.35183525 -2.71225929 18.96860695
-16.52483559 -14.18726158 -24.61939240
24.66116905 23.48273659 -16.34439278
31.51516533 15.28273964 -21.16839218
15.21316338 -20.34826088 -15.81439209
31.73316765 -8.46426201 8.38960838
-3.34283257 26.45373726 2.65060973
-26.02383232 22.58973885 7.23760796
-34.65183258 -1.61525917 -9.39739037
18.47916222 25.51574135 -0.53339219
-24.92283440 -9.20425987 -24.84339142
18.20316887 25.80373573 -26.50139236
-29.67883492 23.36873817 -0.82739091
26.27416801 20.05174065 -22.46239281
-27.04383278 -6.52126122 -25.79539108
12.76516533 20.43273735 -38.04639053
30.48416710 -17.60326195 -2.11439347
9.71216393 -15.10626030 -29.57239151
-35.10483170 -0.95226091 -8.72639275
12.47516441 -22.68626022 -0.47339079
-10.87483406 -20.58426094 5.36460686
9.47216606 24.95473671 -36.15839386
-14.70783424 15.15473747 15.24360847
-31.04583359 -2.51326180 -21.56239128
21.75716209 -18.53926086 0.33660677
11.27316856 30.69374275 -2.73939347
11.53316307 -19.41226196 8.76660728
20.76816368 23.79274178 -25.36939240
7.09216881 -21.48326111 11.06460762
6.59916496 29.59874153 0.90560699
9.39116478 0.24773985 -39.13739395
4.13516426 -25.64026070 0.20860842
6.92116356 3.52773857 14.65460777
21.73516655 23.43573952 0.31760958
19.56716728 23.81573677 -27.68639183
-12.53983498 27.39174080 -1.79539323
-15.85083580 27.75673866 -1.67139268
39.65416718 4.24773979 -14.33239174
31.58316612 -10.14826012 6.84660912
30.30416679 -8.98526192 -25.53939247
-10.40383339 -17.61726189 -24.86239243
14.68416405 -7.21026039 -33.83739090
-8.92783546 -21.80426025 -20.28339195
-15.17283440 13.62673759 16.69060707
-15.93683434 14.53673744 16.46260643
22.22216606 12.08373833 11.82760811
28.33916283 -14.54526138 -23.05239105
-27.46383476 -6.69926262 -24.77039146
23.60816765 18.92273903 6.62460899
-8.84483528 23.48574257 6.89361000
30.03316307 19.43474007 -15.43339157
36.99216461 2.54373741 -20.34839249
-4.76683235 -21.62126160 -22.85039139
-10.42083549 -24.28926086 -16.21239281
10.17316246 19.44373894 -39.43739319
-19.50183296 -8.31326103 5.91560936
21.53716850 18.21773720 -31.58939171
28.48016930 19.72673988 -18.78239250
26.41916466 20.68673897 -20.78539276
33.22116852 16.25573921 -3.52739167
26.04116631 -15.39626122 4.15760994
24.96616936 11.39673805 -31.95539284
-11.24883461 9.37273979 16.15760994
-3.29083443 -2.30626106 18.68160439
32.95616913 -18.14526176 -2.89939332
17.20716667 28.72574043 -7.45539284
-20.16083336 -13.59526062 -19.97039223
-4.31983376 -18.11426163 -28.23339272
26.23516655 15.41173744 -28.66739273
37.07917023 13.32473946 -9.05839348
19.02916527 -13.82826042 8.19560814
6.85616875 -22.49126053 8.34460640
-25.95083427 26.08274269 -0.87539124
12.06416893 25.74173927 4.84160805
11.03316307 -22.73126030 -13.62239265
-24.80183601 26.61673927 -0.92239213
1.60516548 28.42873573 0.59460616
-24.10683250 24.74473763 4.44660759
9.64216423 -19.79926109 10.77960777
12.54316521 -11.24526024 14.01360893
-11.27983284 -16.88926125 -25.15939140
20.40616417 -9.01526070 -29.38639259
28.35616875 15.95273781 5.12360954
11.53416252 -0.68526262 -38.28139114
24.99616814 14.61873817 -30.55739212
-15.31683540 28.22274208 -3.04439378
17.94916344 -20.04126167 -0.52439332
20.19316673 24.53373909 -0.45539305
8.57516289 -3.63026237 -38.38739395
-15.82883263 -7.12125969 -36.07439423
12.09416771 -1.67025948 -37.80439377
14.49316216 20.83474159 9.57560921
-7.99683571 -22.75726128 4.28160667
26.93716240 21.42773628 -17.62739182
-1.28983498 -3.40726280 19.78660774
19.76316643 25.26774025 -24.37439156
31.73616600 -16.33926010 -1.00039124
-12.12183571 -19.60026169 8.19160652
28.91316795 20.67074013 -6.30139351
26.54516411 -16.62426186 1.59660888
22.57916832 -17.55126190 1.75760818
-15.22983360 -13.03726196 0.35060671
18.32716942 -5.83526039 -32.82739258
33.29917145 12.75573921 -20.48439217
8.99116325 23.59173775 -37.77439117
-14.53383446 -13.43326187 -28.59139252
34.58916473 -6.42725945 9.17860985
-19.08783531 -13.03526115 -11.08239174
-0.03083228 29.89174080 -6.28939247
8.02216911 -23.74526024 -14.47539330
-25.86883354 22.06773567 8.30660820
7.59416771 4.17173958 -40.25439072
5.75316429 -24.79426193 -13.66639137
27.01616478 -18.52526093 -2.23739076
17.59716606 -14.95426178 -24.92839241
-14.98183250 -7.83025932 11.64960670
-16.50183296 21.27173805 10.35060692
15.45016289 28.28174019 -2.07039094
-23.21283531 -10.35025978 -3.86139131
-30.43983459 21.75174141 1.63460708
23.37916374 -1.90926170 -31.86239243
35.37916565 13.87273979 -12.34939003
31.47516441 -18.64726067 -18.02139282
17.21616936 -1.99926186 -35.47139359
37.44916534 12.79873848 -9.67139244
-16.20283318 -15.68626022 -20.08439255
29.29116631 20.07274055 -15.66839218
16.28716850 29.88573647 -8.86539268
14.92516899 -9.55526161 12.95360756
25.62116814 16.83873940 6.89060783
28.49516869 -0.29626268 -28.46839142
34.60517120 11.46773720 -19.08239174
-5.44383430 24.95473671 5.20760918
27.86816216 21.67173958 -13.90239143
-6.40083504 -2.68926048 19.12060738
10.24216270 0.86673933 -39.01739120
19.87816429 25.51973915 -3.42739320
9.59916496 -24.14026070 -1.54139161
-25.48783302 25.10673714 2.43060851
18.85216331 -6.53426170 -32.06839371
37.86216736 1.33373833 -19.39539146
1.86616707 29.42273903 -2.75239396
22.25216484 -3.57726097 12.70860863
-15.38783455 -13.40026093 -27.80139160
-15.83383369 21.67273903 9.73760796
-18.69183540 -11.90626144 -5.43339348
-19.86983299 -13.62026024 -20.87639236
8.84916496 25.69574165 -35.45139313
14.71216393 24.72073555 4.53660774
-30.35683441 -6.45425987 -15.64239120
10.84016228 -15.41426086 -28.52639198
-19.83283424 -12.38826180 -9.42939186
7.74716759 -23.69926071 3.70460677
-2.61583519 33.51173782 -15.90739250
23.14616203 -15.61726189 4.77460670
-3.69383430 24.28074074 7.20360756
18.75816917 -20.36926079 -10.71639061
13.26716423 20.84774208 9.91660881
35.33816528 10.72973824 -18.36539268
32.90116882 12.57673836 -21.48039246
-21.49883461 -9.69025993 0.12760714
-17.09183311 -5.79226112 12.22460747
-9.70383263 1.06173897 15.78060722
27.23916435 -11.31026268 7.79760933
12.22816277 -21.00226021 -17.24839211
21.86616325 24.51674080 -3.81939149
-20.49283409 -12.78826141 -12.47539330
16.12016869 30.41573524 -13.91739082
-2.42883492 26.82374001 2.28760695
21.09216881 26.32673836 -15.72039223
11.90716362 -14.72826195 -28.75239182
6.35816765 -24.20526123 3.13760924
-21.48283577 -10.44926262 -2.69639039
-15.24983406 -12.10826111 1.01560760
36.06816864 11.08973885 -16.34839249
14.67516899 -21.48026085 -12.03239250
10.44716454 -20.34526062 -20.69839096
21.93716240 20.95273781 5.35860634
5.39516258 -25.09326172 0.96660781
14.19916344 2.15273857 -38.03139114
19.57616234 -12.65126038 8.94460869
11.39916801 22.09073830 9.09860802
23.05816460 15.87073708 -31.70939255
-18.08383369 -12.45826149 -6.09139061
-20.69683266 -12.01726151 -9.13839149
6.59916496 -0.38026232 15.80160713
9.21416283 3.90773964 14.15860939
17.27716637 -7.59425926 12.65160942
27.36016655 -13.29526138 6.00660896
32.30316925 13.39673805 -21.87339211
-18.62683296 -7.19426155 -34.42939377
-9.16783333 -1.77526283 16.87661171
-33.49483490 -2.87225914 -11.69339180
-18.63083458 -7.48325920 8.37560844
-20.07183266 -12.66726112 -11.33739281
16.76116753 28.29174232 -4.71439171
-27.71683502 -7.45226097 -22.93039131
27.12916374 22.33374214 -13.20839119
28.23916435 -16.98526192 -0.08439085
0.79816628 -25.72526169 -15.55639267
-11.57683372 12.95273781 15.09360695
22.18316460 21.55674171 -26.73639107
10.49016380 -21.18826103 -18.76839256
14.70416832 -2.17926216 -36.55139160
-0.32083321 28.79073524 -3.14339280
-27.70383453 -8.40026283 -20.63939095
-11.44683266 2.08373833 16.63560677
34.18616486 11.10973930 -20.30139160
-22.85483360 -10.22326088 -2.94939256
17.72716331 -1.23426247 -35.53639221
32.65016937 16.44573784 -2.69439149
-16.34183311 -12.85026169 -27.98639107
-6.33383369 -18.08426094 -27.37839127
16.40516472 -2.35526085 -35.69739151
25.85816765 -16.45526123 2.30260634
32.84916687 -17.33426094 -19.33839226
31.39316368 -12.46626091 4.06460762
10.67816734 -19.76126099 9.32860756
-15.72383308 -9.74926186 12.44660759
-5.98583412 17.90173912 12.69160652
6.83016777 2.11474037 -40.14739227
-11.79883385 0.92373854 16.50060844
19.75516319 -17.30426025 3.80760741
12.73816490 27.13974190 -30.76639175
20.00916862 18.92973900 -32.60639191
13.12416649 -18.98826027 7.40760994
17.31316948 -20.70326042 -2.74339128
-23.97683525 28.09373665 -4.22939110
10.51116753 25.16073799 -35.27739334
36.83616638 5.81473732 -19.26839256
-14.79383278 -15.67926025 -22.93039131
18.59116936 -20.46326065 -9.86739159
22.35816765 17.72773933 -31.06339264
32.05616760 -10.10526085 -24.40839195
13.43616295 -15.41726112 -26.85239220
-15.09283257 -3.70425987 14.55660820
-32.05983353 20.74773598 -1.54939103
32.43116760 12.59374046 -22.37739182
1.89616585 28.19073677 1.72760940
12.47116661 31.10673714 -4.74939156
-24.89983559 24.32873726 4.76260948
11.42116356 -21.00726128 -18.17539215
26.33616447 12.14874077 9.59060860
12.19816399 30.63673592 -24.57739258
-9.40283394 -22.13026047 -19.52739143
30.49016380 16.95973778 0.46160677
-2.26983452 27.33173561 0.65960860
33.93016815 -11.24725914 -22.98839188
22.50316429 24.64773750 -6.36139107
11.44116783 -21.85626030 -15.91639137
28.09316826 -10.34626198 -25.63939095
-27.76783371 -8.50426292 0.39760759
12.54116631 -21.31826019 3.87960601
12.84116936 -20.66226196 4.83360863
4.22716713 -25.33526039 1.09160781
11.08716393 -16.57926178 -26.78139114
11.41716576 29.63673592 -27.41639137
30.80516624 -20.58626175 -13.50839043
25.59616661 23.06773567 -6.84639168
7.15316582 20.83773994 10.78560829
5.43916893 -8.68526268 19.72260475
8.94416618 -15.11126137 16.65760994
21.35016441 -8.65526009 -29.16939163
24.14916801 9.78074074 -32.91239166
25.59716606 15.07073784 -29.59839249
18.32416344 -0.33025926 -35.57739258
18.46816826 -13.57526016 -26.13339233
2.91416740 31.01574135 -6.16039085
-15.48883247 -12.69226074 -29.12039185
8.59816551 -23.25726128 -15.44839096
-13.64783287 -17.47326088 6.60460854
36.07817078 10.34273720 -17.26839256
2.05316734 -2.32126045 17.75560951
27.02616692 19.40173912 -22.40939140
35.71516418 -12.55026054 -21.40639114
-22.62783241 -11.54826164 -9.57539177
29.67416954 -20.53926086 -8.28639030
-20.09983253 -11.49025917 -5.76339149
4.47716713 -16.86526108 -29.77939224
25.88016319 -18.51426125 -1.70139146
-21.60583305 -9.89426231 -0.71239305
13.67516899 -18.74026108 -21.26239204
33.66616821 15.77173805 -2.60539079
17.74216270 28.43474007 -8.18739128
2.57316399 -10.31226158 -36.43139267
38.79416656 3.19973946 -16.76039124
-20.78483391 18.66473961 14.29360771
34.63016510 -13.10326195 -21.73539162
1.12516594 1.33674049 -41.32739258
-24.93083382 27.60973549 -3.66539216
-14.62783241 -13.88526154 -27.56839180
31.39116478 -17.75526047 -19.18339157
-2.14783287 -18.85426140 -27.72739220
17.99316216 -2.26725960 -34.93839264
34.91816711 -10.57026100 -22.66939163
37.11917114 10.88873863 -14.27739143
28.63616753 10.76074028 -28.58739281
17.83316612 -13.00726128 9.46260643
30.23816490 17.88973808 -1.04839158
12.45816612 -21.32226181 -16.07839203
34.99216461 11.63373756 -18.06039238
3.54716682 -10.27226067 -36.29739380
2.43816566 0.83873945 -40.95639038
37.38916779 10.04173851 -14.94339180
27.74416924 16.13173866 -26.19239235
8.66116905 -23.74926186 2.42160964
20.37416649 -7.65625954 11.85660744
10.30816460 21.10673714 10.18760872
15.94516563 30.48674202 -10.71039009
20.52016258 -13.28826141 8.07760811
32.41716766 11.69373894 -23.13339233
10.20016289 -21.70626068 -17.86539268
20.17116356 -11.90526009 -27.07339096
12.37316704 -4.79426003 -36.47339249
23.34016228 23.68374062 -3.55439210
-21.25883293 29.06773567 -6.06339073
31.49216270 17.68973732 -3.74139237
14.40316582 30.84774208 -6.92439079
9.88116264 -18.37026024 -24.93639183
26.28116417 12.99873924 -30.17139244
12.54816246 -19.02126122 -21.64939117
4.88616753 3.34973717 -40.92739105
25.08916283 22.87574196 -17.50739098
5.23616600 31.45774269 -5.46339226
-1.49983406 29.27573586 -5.77639198
7.71116447 -22.97926140 6.15860939
-9.57983589 2.03774071 15.82560921
13.57516289 -21.57126045 -13.67339134
30.94416618 -10.77425957 -24.57439232
2.13116646 31.04174232 -6.99939156
25.92016411 19.53273964 -24.09339142
-27.05583382 -9.47226143 -5.81139183
34.38216400 12.36773872 -18.50339127
10.03216362 -20.00926018 9.80860710
27.09716606 18.89874077 -23.25839233
27.10016441 0.47973830 -29.91139221
-6.80083275 16.70073891 13.28960991
4.85316277 -22.64726067 -20.43639183
13.76116753 -7.54426003 -34.10039139
29.70616722 13.42573738 -25.98239136
15.24216270 -20.79226112 -14.17539024
1.76616478 -26.68726158 -11.63739204
-12.72483253 -1.02425957 16.24760628
27.57416344 -3.23925972 11.76861000
-9.04783440 -0.03026003 15.75960732
28.27016258 21.29973793 -6.89439201
-3.55583382 28.55874062 -4.83339119
6.47916222 -10.98426247 19.50461006
33.11416626 13.49573708 -20.04739189
8.91216850 -22.17726135 -18.16939163
10.06916618 27.79174232 -31.37839317
5.04516411 -23.20226097 -19.09839249
4.14516640 -25.66526031 -12.69839287
35.79917145 -11.25726128 -21.88239098
21.08316612 -13.93426132 7.29260826
31.71616936 12.52474022 -23.71639252
-16.77983284 -10.88826180 -0.33239195
5.66116905 30.60973549 -2.65839219
27.47716331 12.10973930 9.07160759
35.33816528 9.78573799 -19.30939102
-28.31083488 -7.61726189 -21.06139183
13.83916283 -11.75526047 -30.67839241
33.01416779 -10.67126274 -23.71539116
-18.85483360 -12.48826027 -7.82539177
-13.37383461 -13.70926094 -29.13239098
31.50216484 13.37774086 -23.39339256
3.21116447 31.87874031 -8.20139122
33.11716461 11.37373924 -22.11239243
16.01916313 2.54474068 -37.43339157
25.40216637 1.84973717 -31.75139236
19.31116295 17.83173943 -33.92539215
7.06416893 -15.58126068 18.87761116
-13.01883507 0.61173826 17.16760445
13.13916588 -21.41226196 -14.87939262
-28.49383354 25.46873665 -3.77139115
-18.35583305 -11.79426193 -28.19039154
12.00316429 -12.35026169 14.12260628
-21.66083336 24.68773842 5.64860725
15.38816643 17.80073738 12.01160622
28.42916679 20.24173927 -3.29139161
-4.75783348 -22.91526031 -20.92539215
40.56816864 -3.15625954 -6.21639061
26.88116264 22.05874062 -15.54939270
8.57416344 5.98974037 -40.18239212
8.38616753 -21.89926147 -19.32939148
13.66316795 -17.08526039 -24.24239159
16.13816643 -13.69726181 9.96260643
26.18216515 22.48574257 -15.87039185
38.99216461 -1.43726158 -18.44139099
26.12716484 -17.60326195 -0.10539076
33.04416656 -6.78526115 9.20660973
15.37616539 1.74973869 -37.51939392
16.10816765 29.25573921 -21.38139153
25.53816795 19.08773994 4.33860970
38.75316620 2.17774010 -17.26939201
12.79716301 -4.00926018 -36.64839172
5.43016624 29.49373817 0.58460784
14.45416832 -3.90826225 -35.91139221
20.21016502 21.97274208 -29.35239220
9.58616447 -22.54126167 5.14860725
36.41117096 2.18474007 -21.34439278
26.77916527 11.42373848 9.76060677
15.36716270 -12.95326042 11.07060814
8.22216606 -24.33226013 0.48160723
8.74916649 -14.11526108 17.15360451
35.11816406 11.98573875 -17.30039215
33.88317108 -12.39526176 -22.48239136
34.83016968 -11.85726166 -22.21239281
23.20616722 23.94674110 -19.24439240
2.01216698 27.69173622 3.29760909
38.35816956 9.69673729 -13.37939262
-0.17283438 -26.53426170 -13.80339241
-9.45983315 -18.23626137 -24.84939194
-23.61683464 25.82873726 2.18860793
-18.67383385 -12.13526154 -27.15739250
27.32016563 8.41673851 10.93560982
5.13716698 -25.41026115 0.09760836
-12.67883492 16.82974052 13.62060738
7.00716209 -10.89626122 -34.93039322
6.70616722 31.63473701 -25.70039177
14.81616783 -18.74126053 -20.34339142
37.52516937 -0.52626222 -20.56039238
13.48316765 -16.56926155 -25.16139221
39.87117004 -2.26226234 -16.91139221
21.24716759 24.30473518 -1.58239198
-9.59983253 -5.11826134 -39.33839035
5.39016533 26.60573769 6.01560783
23.76116753 8.76774025 12.01960945
24.91916466 -16.49926186 2.66860747
13.61616325 -2.23826027 -37.00239182
13.66716576 27.03174019 -30.25539207
29.11116600 -16.59626198 0.07860735
35.82616425 1.73573875 -22.21639252
6.55616570 -12.43026161 -33.81539154
18.81116295 -1.33526039 -34.89639282
24.80016899 23.62774086 -15.04339027
24.75416374 -12.69826126 -25.06239128
34.37017059 3.38773918 -23.43539238
18.58916283 -9.87626076 11.28160667
34.37516785 10.13373756 -20.81739235
-17.34483528 -12.29026031 -28.15939140
24.33616447 14.72873878 -31.14439201
8.27416801 4.81273842 -40.13539124
21.86816216 -9.37026024 -28.41139221
16.02216911 -16.85926056 -23.09439278
11.88316917 31.43773842 -5.42639351
40.24417114 6.56073952 -11.70239067
4.16816521 -0.18526262 -40.38739395
-13.95683479 -14.00426102 -28.01039124
15.62916374 -3.40026283 -35.58439255
-6.23983574 -19.56226158 -25.34339142
-11.31283379 3.94273949 16.92160988
34.02116394 -7.41626167 -24.06239128
-25.59883308 24.76474190 3.21560836
22.94216728 24.52573586 -7.15339088
12.30916405 -19.95326042 6.86460686
-27.52583504 -9.41226006 -15.61439133
15.71116447 -6.90126228 -33.51139069
30.11916924 9.35774040 9.94860649
-0.59583473 -0.29926103 -41.12939072
-14.29283333 -15.77826118 -23.47639275
1.91216469 -1.12426186 -40.53639221
16.76516533 29.54873848 -17.31839180
7.78316307 31.61673927 -25.17739105
8.81316948 -7.13226128 17.08360481
12.26516533 -8.10025978 -34.52439117
10.35016441 -12.88726044 15.60060692
5.82216454 -17.37726021 19.69460487
8.75316429 -0.18626207 15.22460747
-9.84583473 -22.48326111 -18.81539154
-10.82183266 1.39473915 16.15360832
10.21216393 -22.63326073 -15.30039215
-21.77783394 -11.39326286 -7.56339073
23.85016441 19.47473717 5.72760963
15.94716454 -18.51226044 -20.06139183
-4.88983345 -9.56426048 -37.18939209
5.56916618 -6.06226158 -38.26339340
19.74016380 13.76973915 12.38960838
23.51816368 -17.52026176 1.33760619
-21.98883247 -9.39426231 -28.79239273
-34.22283173 -0.23925966 -12.46339226
-23.68583488 -10.56126213 -5.46239281
38.75016785 -0.45826143 -18.49339104
20.72716331 23.04174232 2.55660796
-31.56383324 -1.59926033 -21.22039223
-4.63983345 23.66373634 7.80560875
18.59616661 24.11174202 2.44660735
25.73316765 10.40073967 10.68960762
-33.02483368 -3.98426247 -11.18239021
29.02016258 -10.81326103 -25.17439270
16.90016747 -20.28426170 -14.33339119
12.31016350 -18.62526131 -22.61939240
21.44116783 -1.46026039 13.20360756
5.88716698 32.84573746 -10.02039146
-4.36583519 -19.39226151 -26.36039162
4.94316673 -4.47226143 18.10960579
29.09816551 -5.10025978 10.89160728
-19.35383415 -10.66726112 -1.91539216
11.33816338 18.88574028 -39.25239182
-23.10783577 27.53773689 -1.69439149
-18.53383446 -8.82526207 -32.66639328
34.27716827 14.91473961 -13.42439079
5.78816795 -10.38326073 19.97860909
-34.34983444 -1.05125999 -11.04639244
27.51616478 -9.42826271 -26.23639107
11.01916313 17.94573784 -39.61139297
9.35716820 -19.24226189 -23.81139183
-13.27183342 8.83573723 18.31560707
0.79516411 -26.93926048 -11.09939003
-30.04283333 -7.75126076 -9.24939156
10.10016441 -4.70226097 15.84460640
31.93016624 -11.46426201 -23.85439110
-30.61883354 -7.37825966 -8.36439323
-13.06183434 -18.93726158 -19.75539207
-26.57183266 -9.45425987 -4.29839134
14.82716942 -10.66426277 12.61060905
20.32516289 25.86474037 -6.04539299
-20.97583580 28.82274055 -4.80039024
37.50416565 9.29474068 -15.59339142
29.76916313 -6.79525948 -26.35539246
-19.51083565 -11.35526085 -27.90539169
21.97816277 -10.43826103 -27.58539200
36.59217072 9.35873985 -17.28039169
8.08816338 -18.76326180 -25.51239204
17.25716209 -2.98126030 -34.98539352
14.26816368 17.49473763 12.33060646
-23.81883430 27.77073860 -2.83939195
7.50116539 -21.79626083 -20.32739258
33.78717041 -9.86126137 5.36660957
22.44316673 -16.68926048 3.36160827
-19.09783363 -13.58326149 -22.66739273
-12.69683266 -3.64225960 17.44960976
13.36616325 1.53973961 -38.19539261
32.89616394 1.25473976 -25.10239220
7.15916252 -20.72426033 -22.63639259
39.60517120 -6.75926018 -3.27739167
3.80116463 28.88073921 1.21160674
21.47416496 -16.31626129 4.33760643
-35.64383316 6.93073845 -6.09939003
22.05316734 11.60473824 -34.08739090
-15.17283440 -13.98726082 -26.74539185
32.10016632 14.61173820 -20.87339211
10.78716850 -23.33126068 0.68960738
36.70116425 -16.72526169 -0.76539063
9.83916283 -22.49526024 -16.26239204
7.57116508 -9.32826042 18.32560921
30.95216942 14.20973778 -23.53839111
-23.72783470 -11.59426117 -12.14639091
-19.14483452 -12.07826042 -6.80639076
-20.90483284 -12.21226120 -10.34839058
32.50316620 -21.26526070 -12.17739296
22.05716515 11.01774025 12.16860771
4.22116661 31.55874062 -6.49439049
-22.25883293 -11.47226143 -8.63739204
9.67316246 2.46573830 -39.41439056
-2.20683479 -1.99426079 18.17560768
20.79316521 3.24373817 -35.12739182
-15.78283501 -8.16526222 -35.04939270
-20.55083275 -11.65726089 -7.19639015
10.48216820 21.99473763 9.39060783
13.80016899 -12.64826012 12.44460869
-34.27883148 0.77673918 -13.19139290
36.30316925 0.56273848 -21.89439201
13.61316490 0.67273909 -37.91139221
13.05216789 -17.84726143 -23.42739105
19.86816216 27.27173805 -12.74439049
13.23416710 -1.41426277 -37.45139313
19.00516319 -10.65926170 -28.74239159
29.41816521 -20.61326027 -9.34639168
33.12017059 -12.84626198 -22.62739182
-25.97583580 24.28473854 3.92660689
17.51816368 -4.99426079 13.20860863
-23.86883354 24.32374001 5.42260933
38.48416901 8.67573738 -14.33039284
-16.03983498 -11.87026024 -30.14939117
6.99316216 -23.60226059 4.77460670
21.72616386 -17.68226051 -19.81539154
24.70316887 -18.52826118 -1.20239091
36.95016479 12.85273933 -10.79539299
38.02616882 -0.55125993 -19.85539246
10.18916893 -23.51026154 -11.85339165
5.18416405 -23.63726044 5.90360832
-30.25283432 -5.71026039 -18.64839172
-24.84983253 -10.54126167 -7.30539131
21.70216942 24.42173958 -3.00939393
9.37916374 27.33073616 4.15960884
20.42216301 -15.88126183 -22.72539139
-17.84183311 22.82074165 8.59160805
11.50716209 -20.15026093 7.57960701
17.26016808 -4.30225945 -34.29439163
36.61216736 5.04173851 -20.00039101
15.47216606 -16.40826035 -24.10939217
22.46816826 -2.54726219 -32.16839218
-24.50383568 -9.64426231 -1.77939057
5.57316399 33.05674362 -11.23739052
-16.48983574 -3.71825981 15.03960991
-12.28883553 -14.87526131 -27.92639160
-18.01283455 -14.61326027 -20.40639114
10.31716728 -20.88226128 -19.64639282
8.82116508 30.79374123 -26.64139175
-2.80883598 29.05774117 -5.89239311
-24.31483269 -8.96225929 2.16260695
-17.00783348 -13.03326035 -26.93139267
27.25916862 21.90973854 -6.28739357
22.57516289 -7.23626137 -29.47539139
-12.84083366 -15.07026100 -26.98539162
29.89716911 -6.42926216 10.16660881
-24.88183403 23.55974007 6.23160744
26.80016899 9.05573845 10.82760811
0.49416542 31.20974159 -8.77539253
20.40916252 -20.21026039 -6.14139366
12.14216423 -2.56726265 14.71560860
-4.27883339 27.14873695 -0.41039106
-3.19883537 27.32174110 -0.14339277
-22.92583275 24.75074196 5.07460976
14.08016777 27.96273994 -28.43039131
6.05116844 -22.94126129 7.68060875
21.92216301 -19.00026131 -0.78739381
-35.72683334 -0.99625963 -6.92439079
31.15516472 14.66974068 -22.69439125
-22.76483345 -8.60626030 5.05460930
6.95416832 -14.76026154 19.17061043
15.48516655 -19.73626137 3.43360686
5.10316277 -11.43026161 -35.06439209
-2.84383583 -27.68126106 -4.53739357
-23.61783409 -8.90926170 3.01260924
17.00916862 -20.50226021 -13.10439110
29.98716545 -2.39626122 11.40460777
24.73716545 1.10774040 -32.08639145
22.56216240 -1.54226112 12.96860695
6.54416466 23.28473854 9.10960960
28.26616478 -2.68126106 11.71560860
25.20616722 22.08173561 -19.79339218
29.84116936 -3.21825981 -27.00139236
-11.34583473 6.36873817 16.91060829
27.28316307 17.55773735 4.25460625
-30.62483406 -5.78726006 -16.73839188
10.79416466 31.86673927 -22.24039268
-16.69483376 -12.09926033 -29.14539146
8.45916557 -24.54926109 -10.13639259
22.07116508 -0.87225908 13.14860725
9.98216820 31.50573921 -24.16639137
-6.39283562 24.76574135 5.19360924
-30.31783485 21.60173988 2.54160857
22.18716240 16.09073830 -32.38439178
-12.77483559 -9.84226036 -34.72739410
-11.14283562 16.15674019 13.78060722
9.77516747 18.28973961 -39.86039352
8.61416435 21.92373848 9.77260780
34.69916534 7.01674080 -22.17839241
10.09516716 -23.75326157 -0.14939329
14.34116936 -20.21726036 3.82660842
9.47016716 -20.92826080 8.90160942
33.18316650 -9.83426094 6.07560921
-36.39583206 3.53074074 -5.78639030
4.99016380 -3.49226189 -39.37739182
-8.50283241 -8.89626122 -37.01739120
-5.91983604 25.64573860 3.25260711
-19.57983589 -11.79226112 -26.87239265
17.89716911 27.30273628 -23.60939217
-3.14383507 28.32773781 -3.87839341
24.48316765 2.21273994 -32.53039169
8.39116478 -20.36526108 -22.41039276
18.01416588 28.52573586 -17.76539230
19.11316490 -19.49726105 -16.19539261
-0.49583244 26.88473701 3.74360824
7.20016289 -24.14126015 2.58860946
27.22516441 21.35873604 -4.00739098
-36.17083359 3.75073814 -6.74639320
10.52216911 -14.35726166 -30.03439140
-22.08783531 25.67074013 3.41560912
9.41716576 -23.55726051 -13.08239174
-32.75783157 -0.68626207 -18.53339195
-32.85683441 -1.23126030 -17.47239113
-12.91583443 11.52973747 16.43660927
-1.91983604 -26.89926147 -12.88039207
30.84916496 -6.15926170 10.04860878
8.43416405 -24.38226128 -11.14339256
17.11416435 -13.30126190 9.63260841
-13.21583366 -15.21326065 -26.27139282
-19.15083504 -8.83025932 3.65460753
-11.34283257 -17.45726013 -24.06639099
-10.49283409 -13.32826042 -31.70539284
21.62816429 22.88473701 1.89460921
-20.17383385 -10.59026146 -28.72539139
-20.59383583 -9.92025948 -0.33039305
17.50416374 14.27073860 -36.85239410
8.75316429 18.88873863 -39.93039322
17.40616417 -12.40226173 10.15460777
16.65716362 19.21273994 10.66360664
16.99616814 -14.12426186 9.02660942
16.90116692 28.37373543 -22.61239243
25.95716667 -7.56026268 -27.60439110
-8.24183464 -1.99326134 17.30260658
4.12216759 31.98473549 -7.82339287
39.15716553 1.19273949 -16.74939156
10.45716667 -22.77926064 -14.41639137
-19.74783516 -13.33326149 -13.46939278
19.99016380 -2.78626060 -33.58039093
23.76216698 10.83573723 -33.01939392
7.47116661 0.25274092 15.40060997
-27.42183495 -8.46825981 1.38760924
25.33116722 -10.04525948 9.47160912
26.73316765 -17.03626060 0.67160964
-22.55583382 -10.89626122 -5.84639168
-23.34083366 -10.85326195 -6.63339043
-36.07983398 0.12473875 -6.76639366
8.63916588 31.74473763 -24.33739281
12.77816582 -16.20426178 11.11960793
14.47416496 -19.13926125 5.57560921
-15.14683342 -10.48126030 4.37560844
20.18416405 8.47973824 13.07060814
18.39616203 11.05373955 13.21560860
14.98716545 0.59273726 -37.37939072
33.04216766 7.72873878 -24.08539200
-19.54383278 -10.11525917 -0.52739167
11.48916435 -5.60326195 -36.44839096
0.93116570 -26.51426125 -13.32539177
6.21616936 -2.24426079 -39.46139145
5.95316887 -1.18626213 -39.77439117
4.26516533 -23.71826172 6.03960991
-13.43683434 -4.06926155 17.21261024
19.74416924 23.06273842 3.42660689
30.51016808 7.05974007 11.06560707
32.49816895 2.47574043 -25.31639099
22.02016258 -11.04226112 9.48060799
-4.71683311 -21.09726143 -23.63839149
6.53216362 -24.66226196 1.33060622
37.84317017 3.33173943 -18.56839180
28.60616875 11.35573769 9.08360863
-0.26483345 27.79973793 0.92160964
3.84716606 -5.54626274 19.19861031
-12.72383308 3.91773796 18.22060585
39.80316925 -0.34926027 -15.59039116
19.42916679 -16.58826065 -22.02439117
17.24516869 26.64274025 -26.53439140
16.39716911 -19.30926132 -17.97339249
31.76916313 -5.77526283 10.04560661
-7.09783363 -20.43926048 -23.51439095
24.86716270 -2.09626198 -30.69039154
22.12916374 25.43274117 -10.67639351
18.37916374 -20.38526154 -11.43739128
-21.91483498 28.75873756 -4.99539375
-1.28483391 -26.69926071 -13.60939217
8.86816216 -1.36226082 15.50260735
8.81116295 -20.39526176 10.91560936
17.75516319 28.55073738 -18.89239120
35.38516998 -13.87326050 -20.96339226
-13.36883354 -16.81426048 -22.55539131
18.85916710 25.66674232 -1.67239213
0.95316505 -26.76326180 -12.21139336
-9.53783607 -18.93326187 -23.71039200
-6.83683586 -7.61926079 -38.18339157
3.08216667 3.65273857 -41.42239380
32.16516876 -12.72226143 -23.10339165
-33.48783493 -4.35025978 -8.24239159
18.01216698 25.15073586 0.96960616
3.92616463 -16.38826180 -30.52239227
24.57616234 -0.89826006 -31.45739174
31.50416374 -12.27526093 -23.62639236
-6.03983498 -23.29126167 4.78060722
17.54316521 11.78473854 -37.27939224
35.61016846 5.41173744 -21.45939255
26.73616600 20.05673790 -21.59039116
-33.28483200 -2.76226234 -12.94739342
7.09616661 -24.78426170 0.12160662
12.91116905 29.23674202 -27.04339218
23.51516533 20.21973991 4.99860954
-4.87683296 26.50374031 1.29360747
13.50516319 -14.05626106 11.92760658
26.60416222 -13.48826027 -24.15739250
37.36116791 8.42573738 -16.66139221
-22.46583366 -9.66826057 -0.24839231
16.30116844 -10.03125954 12.09060860
11.45816612 1.21273994 14.35060692
3.51516533 29.15274239 0.10960940
5.90216637 -22.59626198 8.93560982
29.45516777 -11.49326134 6.59960747
8.12316704 -21.07126045 -21.24539185
30.02616692 -3.39326286 11.17160988
5.00116539 -23.07126045 7.94260979
-25.50983238 -9.62726021 -3.16039109
9.93216515 -16.11026192 -28.13039207
20.51716423 26.71373940 -12.21639061
20.62616539 -1.04626274 13.36560631
24.50716209 -7.82826042 10.96860695
28.23916435 -1.46026039 -28.38039207
-17.84283257 -10.64426231 -0.93939042
6.04216576 0.48173720 -40.07739258
-0.73383522 27.44973946 1.74760604
-34.78383255 2.18973732 -12.12239265
1.55816460 -26.86126137 -10.43539238
21.56216240 15.63373756 10.80260658
13.52016258 -20.97826195 -15.73339272
9.46316338 -3.97926140 15.97960854
16.35916710 17.98573875 11.70660973
-25.02683449 -10.97126198 -19.15539169
-22.57483482 26.65973854 0.64460921
-35.14683151 9.81773949 -5.14039040
16.18616295 27.36174202 -26.82239151
13.81916618 -6.58126259 -34.71439362
11.42916679 -20.86826134 6.34960747
0.12816431 30.53074074 -7.57639122
-22.42383385 27.06473732 -0.25539228
21.35816765 25.83674049 -9.88839149
15.75116539 15.18973732 12.95460701
10.35916710 22.89973640 8.58260918
-27.41083336 -8.72326088 -0.54639268
11.34416771 -21.54626083 5.06060982
20.90216637 13.63574028 11.98160744
-26.98883247 -8.96326256 -1.43039155
-20.39883232 -8.84425926 3.92760634
36.50616455 -9.97625923 0.70760894
18.20416832 27.81273842 -7.37939262
3.03416634 -26.44326019 -2.83939195
28.16116905 -11.64126015 -24.96639252
-2.19783592 29.53573799 -6.80039024
24.46916771 -6.78526115 -28.67439270
29.02016258 -2.00325966 11.65660667
-26.05783272 23.22274208 6.01760674
-3.95783424 -27.94626045 -8.78939247
5.46716881 7.12174034 -41.26739120
-11.21683311 -6.15126228 -38.41839218
23.62516594 -11.61026192 8.66260719
-17.04383278 -14.27626038 -23.65839195
4.33216667 28.66073799 2.12760711
24.95716667 6.93474007 12.08360863
18.87216759 27.55173683 -19.45639229
-1.54183388 -27.06526184 -11.84139061
-12.15283394 3.06674004 17.45160866
10.62216759 -16.28626060 13.86660957
4.75516319 33.03573990 -11.35339165
-27.86683464 -6.68325996 -23.95439148
19.20316887 -2.09026146 13.40560722
15.90716362 -20.68926048 -13.73039055
30.42316246 14.54173851 4.76760674
-12.40083504 9.69973946 16.93760872
15.06516838 -13.84926033 10.68960762
-27.58383369 -9.24426079 -16.79339218
-27.67783356 -8.02326012 -21.79239273
3.58916664 29.99573708 -2.53539109
9.59716606 -15.45826149 15.65360832
4.68916893 -22.88326073 8.98360634
26.02616692 18.12573814 -26.19039154
32.83016968 16.47773933 -14.74539375
-28.19783401 23.73974037 2.02260756
28.57916832 -9.14925957 -26.02539253
-12.56983376 -0.02626223 16.54060936
-3.27283287 -3.04525948 19.80961037
-17.18883324 -14.03126144 -4.74039268
-12.59483528 -19.40126038 4.02860832
-15.40083504 -16.93826103 1.33260894
1.03016472 2.48073769 -41.63939285
8.20916557 -8.14726067 17.66861153
21.66016960 22.35373878 3.03360915
-23.60883522 -9.65826225 -0.99339128
16.22316551 -0.07726092 -36.67539215
-22.89383507 28.24173927 -3.51939225
33.56216431 -8.12825966 8.01360893
-5.25283241 -24.32126045 -18.54739189
14.25216484 -14.17026138 11.16560936
-32.21783447 -5.47326088 -10.18839073
32.77317047 8.52873802 -24.25139236
28.19716454 17.10673714 3.70260787
-16.96783257 -12.59526062 -3.59839082
8.81516838 33.04274368 -17.22839165
-23.98083305 -10.28626060 -4.43639183
34.77016449 13.53874016 -15.51639175
-1.62483406 -20.86426163 -24.62939262
-30.76783371 -5.26926231 -17.64139175
24.97416496 -4.41626167 12.02060890
27.38216209 -0.94926256 12.13060951
-6.59083366 -22.66926193 6.34460640
-26.61883354 -8.55426216 2.08060622
36.55216980 8.52374077 -18.08039284
-15.95083427 -14.00726128 -25.80639267
10.49616814 30.58973885 -2.03939271
-11.33183479 -14.92926025 -28.65039253
15.35116386 -18.87426186 -19.65839195
2.32516670 33.24773788 -17.20739174
-21.68783379 -11.78626060 -9.42739296
15.75116539 18.75573921 11.33360863
-20.72083473 27.84674263 -1.61539292
34.00016785 -7.06426048 8.79460716
-23.42383385 25.54873848 3.02960753
23.17816734 -6.45326042 -29.59339142
5.73316765 -17.64726067 -28.25139236
5.64316368 -22.24126053 -20.79439163
8.22116661 -1.48126030 -39.10439301
-3.90883446 25.98073769 3.58260894
26.05616570 8.55773735 11.28460884
19.58816338 -16.10726166 5.53660774
25.33616447 9.64073753 11.15860939
39.89616394 6.27773857 -12.79739189
-18.61783409 22.45673561 9.15660667
7.63816643 -24.20826149 -13.24539375
29.91516685 -20.76326180 -10.26139259
-8.10283470 -21.95326042 -20.67539215
25.09116936 17.89073753 6.33460808
26.15316582 1.60473824 -31.03839111
32.41217041 15.85373878 -0.33739302
-13.35983467 -15.52126122 -25.42139244
-16.44083595 -12.37926102 -1.97339082
5.05316734 0.55174071 -40.34139252
-27.70183372 26.24773598 -4.64739037
2.87716484 30.37273598 -4.43039131
18.70416832 23.30874062 3.80960631
3.06616402 -23.58626175 -19.41539192
6.38016319 -21.73826027 11.57660866
29.87416649 -15.90226173 0.75060821
30.49516869 -2.85926247 -26.67639160
34.26016998 -14.28626060 -21.27939224
3.24116707 30.17173958 -3.45139146
-22.17583275 -10.57225990 -3.84339356
10.04416466 32.79774094 -17.16239166
-3.62783241 -19.02726173 -27.14839172
20.79516411 -19.36026192 -1.00839067
-19.06783485 -11.00026131 -29.03639221
14.57716942 -17.18426132 -23.46039200
25.99116325 -10.58126259 8.85660744
31.43016624 9.43773842 -25.70539284
8.80616570 -23.51426125 -14.23239326
-24.82083321 -10.67426109 -8.35439110
33.91316986 -10.22926140 -23.40639114
11.46916771 31.77874184 -21.54139137
-29.94783401 -4.31826210 -22.26039124
-3.25283241 -27.91826057 -8.37839317
30.68416405 -12.01526070 -24.04439163
16.53416252 14.52773857 -37.44139099
40.33616638 -3.00926018 -9.38339043
3.94216728 -24.02026176 5.18460655
31.09916496 -5.37426186 10.35260963
16.51016808 -20.72526169 -1.01339173
-20.08883476 -7.54726219 11.16260719
13.83116722 -14.24426079 -28.08939171
12.52016258 24.97174263 -34.08639145
38.27616882 0.27873808 -19.09039116
-8.70983315 1.54773903 15.59360695
-1.25983238 27.55373573 0.82560897
25.25116539 -1.91325951 12.41860771
3.45916557 29.58274269 -1.36939073
-30.27683449 -2.94725990 -23.32639122
-12.52683449 -6.56525993 -37.82039261
-24.94183540 -7.12326241 -28.37739182
7.68316460 20.33674049 11.05060768
1.68516731 -23.11626053 -20.74739265
20.28316307 -2.21326256 13.27860832
-4.09683418 26.89673805 0.58060622
26.59116936 -18.01626015 -1.09839082
-20.10183525 17.61173820 15.59260750
25.19916344 18.85173988 -26.32739258
16.79916954 -15.40026093 -24.76239204
19.79716301 24.15374184 1.11960769
18.38016319 -10.15926170 -29.49639130
-7.75783348 -7.32826042 -38.24639130
6.72116661 -6.05726051 -37.96239090
5.32116508 -2.68726158 -39.55139160
10.06716728 0.19273955 14.83260918
8.74016380 -16.09626198 16.53360939
9.08016777 27.11873817 -33.02039337
12.82116508 -12.40126038 13.36860847
12.39116478 30.21273994 -25.44839096
9.82916832 -23.37826157 2.28860641
24.48816490 22.20673561 -21.09339142
25.09216881 -3.02326012 12.28960991
1.77616692 30.48073769 -5.95739174
11.20216942 31.06773567 -24.42939186
3.76916695 4.80773735 -41.44639206
-0.16783331 -26.96826172 -11.75939369
-4.05483437 -24.07726097 4.02460670
29.58716393 13.48974037 6.84260750
27.19716454 -15.25926018 3.76660705
15.09816551 -0.41126055 -37.03039169
27.93916893 -6.34726143 10.73060799
19.64416313 23.74273872 2.17960906
28.49516869 -7.43425941 -26.65039253
28.78116417 9.91473961 -28.56639099
-23.63983345 28.65173531 -7.04139137
11.35616875 -15.98026085 13.12060738
16.64916801 -18.84126091 3.84360671
6.35316277 -23.15126038 -18.23839188
-3.58383369 27.76774025 -2.07039094
19.24416924 -3.60025978 -33.59439087
32.63516998 15.49573708 -18.11839104
11.68716240 -17.10126114 -25.60539246
-10.99083519 5.49573708 16.72660637
20.77416801 -19.01526070 -0.09239027
-15.36883354 15.87774086 15.01861000
13.08516502 -16.06626129 -26.17839241
8.65116692 2.93873787 -39.76339340
37.13816833 -8.58426094 5.51360893
19.04616356 -20.07926178 -2.19439149
17.69416618 -20.19826126 -13.87839317
-30.81683350 -3.62825966 -20.60839272
29.36616325 19.53473854 -3.44239259
-32.23983383 -3.07225990 -16.76439095
7.81416893 -19.98226166 -23.57139206
39.18917084 -7.38525963 -0.65039277
-24.93283272 -8.68026161 3.18260741
26.96016502 22.50973701 -9.46239281
-32.25683212 -1.49926186 -19.14239120
27.12116814 -2.27926064 12.02860832
-23.85383415 -11.42826271 -11.37539101
25.98716545 -2.46225929 12.22460747
17.32816887 -20.42626190 -1.11739182
14.20616722 27.27673531 -29.40639114
-10.70483589 -2.90625954 18.00461006
26.39116478 -0.02026171 12.37360954
-9.92283440 12.38574028 14.81560707
35.11516571 -19.57826042 -3.46339250
28.54416466 -16.33426094 0.93560958
-15.04483604 -6.69226265 13.61960793
-17.09083366 -9.89726067 1.50360656
-0.03983497 32.48473740 -12.34639168
-32.46783447 -1.77126122 -18.10739136
-34.86783218 -0.63626283 -9.71639061
-5.76983452 24.54274178 5.92660713
20.01716423 -19.43526077 -0.66539216
18.41016960 -20.55826187 -8.90939140
6.05816460 -3.49226189 -39.14039230
-17.84483528 -11.44025993 -29.33839226
2.31216621 28.04274178 2.53460860
-8.26283455 -17.65926170 -26.75739098
-25.14283562 -9.92326164 -4.23139000
-10.41183281 -20.29726028 -20.94739151
35.42417145 -12.09626198 -0.02039168
-13.66683388 12.34973717 16.52560997
-34.68383408 -2.04626274 -8.78539085
9.96216393 29.92973518 -27.74639130
-7.78583336 10.89073753 14.64960670
17.91016960 -3.21526146 13.39860725
17.00116539 -10.42326164 -30.00139236
15.21616936 -18.73326111 5.40360832
-5.55683327 -19.48026085 -25.78139114
-19.85783577 -12.11726189 -8.20539284
7.49816704 33.07574081 -18.70939255
-20.94083595 -10.84726143 -3.83339143
9.00716209 0.79673964 14.92960930
-1.39683342 28.52373695 -3.21639085
21.59216881 -2.78326225 12.97460747
-1.97183418 25.34573555 6.24160957
24.99216270 -4.92126274 -29.31339264
18.42116356 -2.42725945 13.42860985
16.29216576 -11.23526192 -29.63639259
26.30716515 22.29873848 -5.18339348
33.87216949 -10.22926140 4.32860756
10.69116783 -3.83226204 -37.57239151
10.86216545 -0.83725923 14.84560966
-14.88383293 -10.76926231 9.56960869
-3.05783272 26.94874001 1.28460860
-14.75983238 -9.19326210 8.42160988
-17.33383369 24.43274117 5.99660683
17.54016685 -8.37626076 12.30760765
-13.04483604 -11.13726234 -33.11639404
26.28316307 -1.43926048 12.29260826
13.88616753 -4.94626045 -35.66339111
-14.57283592 19.24073982 12.11160851
37.64416504 7.44874001 -16.91039276
-19.08983421 -7.18826103 10.55260658
-33.85983276 -1.69725990 -12.18639183
-8.53983498 -5.61525917 -39.14939117
-13.24883461 4.15574074 19.02660561
11.72916222 0.24873930 -38.45139313
23.21716881 17.87874031 8.04860878
17.30916405 -19.10326195 2.72660613
19.01316643 -11.92126083 9.73660851
26.13916588 -6.28526115 -28.06239128
35.19416809 9.00073814 -20.24339104
-14.72283363 -9.58526039 9.44860649
16.77216911 -20.11426163 0.87160659
8.51916313 29.55874062 0.99960876
4.88616753 -7.53326225 19.61660957
-25.95883369 -8.41226006 3.72860885
4.11516762 -24.12526131 -17.40939140
4.11816597 -23.80326080 -18.26639175
-21.62883568 -8.68325996 4.88160896
-10.17183495 7.36073875 16.00560951
-3.75183296 -27.61826134 -10.03739357
9.51216698 29.78174019 0.14460924
24.20216942 -17.01526070 1.98560882
8.88316917 -7.76826286 -36.30139160
7.93816948 32.17773819 -23.39539146
12.31616783 -22.40426064 1.30160689
6.29616356 -17.84426117 -27.71739197
7.05316734 -16.50526047 -29.10339165
10.03216362 31.92673683 -22.82039261
-34.67583466 0.40173918 -11.29939079
-14.26683235 -15.64826012 5.85760689
39.99016571 -0.44526094 -14.79839134
11.38616753 30.55073738 -25.52739143
-18.97983360 -9.07526207 2.70860839
-17.52383232 15.63073921 16.48060799
14.26616478 30.32773781 -21.93339157
7.86116600 -6.24725914 -37.51539230
1.75216484 -26.13226128 -13.91139030
2.38216591 -26.14626122 -13.31339073
8.74916649 -21.19026184 9.32460976
30.05616570 -10.17725945 -25.15439224
7.41116905 31.94574165 -6.05039024
39.32016754 -2.47826195 -18.27639198
3.51016426 6.54173851 -41.74339294
22.62616539 15.42173958 10.25660896
6.24516869 32.95774460 -21.21839142
38.18716431 11.65473747 -10.60339165
-23.28283501 23.60573769 6.94460869
3.06016731 -25.10426140 -15.57339096
26.74616814 0.93873793 12.35360909
6.62816429 32.70573807 -22.21239281
-18.25583458 -11.01326180 -2.08839250
38.21116638 10.69273949 -12.28039360
14.12016869 -17.98726082 -22.38439178
17.25516319 12.73173714 13.23660851
-7.59583473 24.56874275 5.16760826
4.21016502 0.79773909 -40.58939362
4.94716454 1.41873741 -40.54039383
24.87816429 8.01473808 11.84560966
-25.11383247 26.06974220 0.13860872
40.24716949 -2.08226204 -9.53539085
40.27616882 -1.53326225 -10.37639046
0.04816629 28.60373878 -1.99439073
-34.19583511 -2.98526192 -8.86239052
38.85016632 -3.12225914 -19.37839127
24.38116264 -15.37026024 4.78260994
0.54216576 -27.07326126 -10.14039040
22.42216301 22.75473976 1.13360763
11.61016655 -15.98826027 -27.27939224
-19.56883430 -11.18425941 -3.80339265
-26.13183403 -8.79226112 1.21360946
28.32916832 -13.16026115 5.62660789
3.96916771 -3.52826118 -39.55039215
-3.22883415 -27.74726105 -9.25939369
-26.36083412 -9.05426216 -0.83239198
-25.49583244 -9.12926292 -0.03639052
22.33816338 22.38874245 2.15360808
-17.08983421 -13.53426170 -25.66239166
3.28216743 -26.13526154 -12.13739204
3.14316750 -25.92926025 -13.12639046
13.45416832 14.03174019 13.35960960
9.50216484 32.54374313 -20.53639221
-2.25683403 -19.48826027 -26.77039146
-0.25883293 -27.13226128 -10.60639000
-18.15283394 -13.13326073 -25.40439224
15.53316307 -20.11326027 2.57260680
13.69816399 -11.09325981 13.17960930
0.58416557 27.87373543 1.54160857
30.64216423 -20.88126183 -9.36639214
18.46716881 13.77873802 12.77260780
-0.31983376 1.59973717 -41.66539383
7.80616570 -10.89726067 -34.64539337
5.26416588 30.22673988 -1.75739121
11.24416924 -13.11126137 -30.99839211
20.50316429 24.10074043 0.31760958
30.90516472 -1.63126183 11.48860741
16.62116814 -8.39326286 12.60360909
11.03516960 25.53673744 -34.37139130
-33.71383286 -1.38026237 -13.35939217
30.65016747 18.49573708 -3.81439042
7.26616478 -23.21226120 -17.19239235
8.36316490 -22.74126053 -17.35139275
-12.05583382 -16.81026077 -24.39339256
6.22616386 -2.36926079 16.71560860
16.93016624 -3.14225960 13.51460838
24.58116722 12.58273888 10.34460640
20.64616203 20.29173851 7.21660805
-33.95783234 16.14573860 -3.09039140
-33.68483353 -0.25826067 -15.04839134
-21.77683449 27.84373665 -1.84539247
-25.71683311 26.63874245 -1.97639298
-5.59183311 26.11773872 2.04360747
31.56916618 -20.81026077 -7.79939079
2.19716454 32.86274338 -12.56039238
16.16916466 -4.39726067 -34.80939102
18.91916466 -6.46626091 12.59060860
24.27316856 19.62673759 -26.49239159
-12.83483315 4.75873756 18.46660805
16.54116631 15.37373924 12.75860786
17.10316277 0.74373823 -36.56539154
13.80816460 25.90173531 -31.68039322
16.41016960 -6.49025917 13.18760872
28.46216393 -4.43126106 11.26060677
35.76116943 -10.42826271 -22.19439125
-5.83183479 27.25374031 -1.56839204
6.27616692 -23.21326065 6.67160988
2.78716469 -18.57526016 -28.04639244
6.28216362 -7.60226250 -37.30639267
31.17816734 18.21573830 -4.63439369
-12.32683372 -16.25526047 -25.16239166
22.55616570 9.10973930 12.35260963
4.54216576 29.85773659 -1.17639375
9.89216423 25.88173866 -34.56239319
11.44316673 -9.25926018 15.28960991
18.24916649 -19.63926125 -15.97239113
-3.74883461 -23.36726189 6.54360771
-2.79183388 -23.73226166 5.66760826
14.74916649 30.59874153 -19.13139153
-35.43083191 0.33573729 -8.75739098
16.22216606 17.11273766 12.16560936
16.58016777 -5.53825951 13.30760765
29.91716576 19.20273781 -3.91339326
-20.40083504 -11.71926117 -25.95639229
-9.75483513 -21.23226166 -20.37039185
-15.74283409 -12.67826080 -0.67439103
17.50716209 26.02473640 -27.33239174
39.81317139 0.64073759 -14.85739326
11.73016930 31.41073799 -22.74939156
28.64616203 18.52773857 -21.10739136
-2.19883537 33.68174362 -16.66439247
21.66716576 -0.55225939 -33.56439209
9.41516685 32.78573990 -19.03939247
9.32216454 -17.44026184 -26.67339134
34.17016602 -8.53626060 7.33560753
-25.38683510 -9.37326241 -1.33539033
31.62216759 -14.90226173 0.77860808
25.97816277 -9.14426231 9.90360832
16.06016350 -2.53026009 13.67860985
-14.81083488 -8.88126183 10.35760689
29.60716820 11.60373878 -27.16139221
5.95616722 -13.28226089 -33.20639420
30.24816704 13.11873817 6.79060936
5.16216850 -25.23226166 -12.87339211
4.74316216 -25.11926079 -13.82139015
28.96216393 -17.12426186 -0.72939134
-1.50483513 26.49273872 4.04760933
11.63016319 -2.88726234 -37.56539154
9.16916466 33.01674271 -16.11439133
11.76016808 -15.40626144 -27.97339249
29.00116539 13.50473976 -26.83239174
5.48716545 2.51973915 15.12560844
-24.13383293 -10.02726173 -3.37339234
-34.83883286 0.04474073 -10.43339348
16.22616386 14.27673912 13.08660698
11.28016472 28.70173836 -29.25539207
-3.38983345 -27.95425987 -6.11439323
-17.50783348 23.99773598 6.76560783
20.02616692 -19.56626129 -15.75139236
14.29816246 -12.54726028 -29.59039116
29.06216240 -6.09126091 10.53260994
28.11716270 17.60873985 -23.70139122
-3.99883461 -28.04226112 -7.96639061
-19.06983376 -12.96826172 -24.60639191
27.68916893 -4.60125923 -27.88639259
-32.49283218 -2.22926140 -17.33339119
37.07316589 4.35673714 -19.50239182
15.35916710 13.30373955 -38.31139374
7.08916283 -4.32726097 17.19960976
12.06516838 14.94874001 13.14660835
23.97916222 -5.44926262 11.93360710
16.92216301 23.74773598 4.38060951
11.54316521 -22.73126030 -12.66539192
37.30117035 3.48073769 -19.46939278
-14.24083519 -12.93226051 -29.78939247
19.66416740 -1.17926216 13.43660927
17.84216881 25.07773781 -28.47339249
-1.88083458 27.17973518 1.58260894
-21.87783241 -12.35926056 -12.48439217
-26.03083229 -9.94025993 -5.97239113
-34.43983459 1.84273720 -13.31339073
12.52316856 26.03373909 4.23460960
1.94416618 -0.05825991 -40.81639099
8.56716728 33.01474380 -18.27739143
-2.80583382 25.57673836 5.30860710
27.65216637 0.43873793 12.16660881
8.10616875 -23.12926102 -16.51439095
30.03616905 17.00573921 -21.26739120
30.05516624 18.80974007 -3.07839036
6.23916435 -3.60725975 17.25261116
-31.34183502 -3.96726036 -18.32839203
7.52616692 -5.79926109 17.49160957
8.04216576 -7.32925987 -36.87439346
-8.98983574 -14.44426155 -30.98639107
12.60616875 29.48473549 -1.09539247
13.20416832 2.00573921 13.91660881
24.16616631 23.38573647 -4.24839211
3.18616676 -24.27926064 -17.66939163
-0.77583504 30.88073921 -8.90839195
9.31216240 1.30673790 -39.34239197
8.09616661 0.71274000 -39.57139206
31.15116692 -14.50026131 1.76960921
-3.57283592 -20.23626137 -25.29839134
21.88516808 -5.94025993 12.14660835
8.90016747 -18.91926193 -24.72539139
-17.70683479 23.41373634 7.71060753
30.27516747 -7.39026070 -26.03139114
13.29716301 -11.07726097 -31.64939308
11.18916893 -15.21926117 13.80460930
40.05516815 -1.45926094 -15.58139229
15.31816673 30.80273628 -9.93739128
-5.83783531 -16.16826057 -30.20539284
-14.44283485 -15.01026154 -25.16639137
-4.96083260 -25.57226181 0.86060882
8.26316643 29.95373726 0.17260912
7.09416771 -24.06826019 -14.52239037
9.73016930 -23.64826012 1.22560668
22.42616844 0.46073729 -33.47839355
28.97916222 14.55874062 -26.05639267
23.36616325 1.29073906 -33.11539078
10.47516441 9.63973808 -39.86839294
-12.90483284 -3.76826286 18.39760780
-22.79783440 -8.82325935 3.91160750
-18.56683540 -8.23225975 5.72660637
-34.57783508 1.13574028 -12.24139214
-15.45183372 23.34774208 7.34560966
-13.23383522 -18.70726013 3.53060699
1.30216408 12.07773781 13.85060692
26.67116356 -6.88525963 -27.56739235
31.78816795 17.80773735 -5.43039131
28.49816704 -8.05626106 9.78760719
-22.97883415 -8.27126122 -29.32039261
-24.76283455 -10.21825981 -5.13239098
16.73316765 -19.61426163 -16.91339111
-35.81483459 7.09273720 -4.86039162
8.99516869 -20.58926010 -21.47739220
23.62216759 16.41573906 8.89660835
4.53016472 -25.71726036 -0.45239088
-10.44083595 2.10774040 16.14160728
2.44616508 4.43573952 -41.71139145
12.12016869 13.29973793 13.41460991
8.89816856 28.80874062 -30.30139160
13.82316399 29.96873665 -24.20739174
14.20116234 28.81673622 -26.57339096
-1.68183327 -23.65526009 6.42460823
-3.08783531 26.05574226 3.98160720
4.12516594 -24.98626137 -14.91339302
10.70716667 15.38073921 12.99460793
-25.57483482 -10.34126091 -7.85439110
31.87516594 -7.83826256 -25.24439240
21.33516502 -19.48526192 -1.78539109
22.94316673 21.00473976 -26.37239265
3.84716606 -23.47826195 -19.23439217
20.58316612 -19.33726120 -16.57539177
4.29616737 7.45373726 -41.62639236
-14.14483452 -17.16026115 2.62660766
38.68616486 7.73873711 -14.74839211
-19.97183418 -10.32225990 -1.27639222
12.54716301 16.89473915 -39.20739365
6.54016685 33.02874374 -20.39839172
8.84116936 -23.03726196 4.75360680
36.75316620 3.85373878 -20.24639130
-21.46783257 -11.25126076 -6.39439201
-22.20983315 -9.80225945 -27.78439140
32.81916809 -5.82626152 9.84560966
6.69116783 32.35274124 -23.51539230
12.07416344 25.99773598 -32.85839081
12.21316338 -21.75226021 -15.13539314
26.26816368 19.62373924 2.49660659
2.34616661 -25.11126137 -16.12339211
30.26316643 -15.07226181 1.82060790
-27.12183571 -9.01626015 -2.18739152
-4.74583244 -23.19526100 6.45460701
30.70816612 -20.67626190 -8.03439140
5.45816612 -24.42826080 3.06660628
33.81816864 -16.14526176 -1.16639161
-8.54583549 24.45774269 5.13660622
12.74616814 31.55674171 -6.87339211
0.00416757 15.15674019 13.36560631
-18.06883430 -14.20126152 -22.25939178
-22.00383568 -9.47326088 0.86960769
-30.29083443 -4.50426292 -20.87739182
6.38516808 0.65173918 15.50660896
-21.50183296 -10.97226143 -5.01539040
-20.29283333 -11.18226051 -4.64339256
31.18516350 16.66673851 -19.57339096
13.02816582 27.66473579 -29.80539131
29.19516563 -3.05626106 11.42060661
28.43616295 -3.61826134 11.48260689
-1.39483452 26.96573830 2.76060653
-28.62083435 -6.32225990 -22.78439140
13.65416527 23.73273659 6.34360695
5.35916710 32.39274216 -24.19039154
-14.12583351 18.29873848 12.86460686
27.80016899 -5.18325996 11.18660927
-25.21583366 -9.56525993 -2.24639344
12.60516930 10.42473793 -39.27539063
7.27216911 -3.85025978 -38.70639420
-8.88283348 -16.35826111 -28.15239143
18.02916527 -20.31326103 -1.83639359
8.89616203 29.86174202 -28.44239235
21.21316338 22.11573982 3.98060775
36.97416687 0.94273955 -20.90739250
-4.08783531 -28.05426025 -6.82539177
30.71416283 -20.94326019 -10.86739159
7.57216454 31.96973610 -24.26739120
29.71316338 -17.32926178 -1.42739320
-23.54583549 -8.40426064 5.71960640
4.19216728 -2.98826027 17.60660744
2.37016487 -4.57026100 -39.42039108
13.62316704 29.08973885 -1.27939057
-1.05283546 -20.61426163 -25.09539223
5.74716759 -0.02726168 15.85960960
-24.57083321 -10.85326195 -21.10739136
4.99116325 32.46374130 -8.86839104
0.97816658 -1.87626076 -40.43939209
-1.74383354 0.21473891 -41.47339249
-22.39783287 -10.00325966 -1.63139176
-23.67083549 -9.90625954 -2.26339173
27.28616905 14.22473717 7.74260902
-24.95283318 -8.46626091 4.34160805
4.98416710 33.14174271 -12.12739372
-4.32783318 -27.80926132 -9.46639061
9.14216423 31.21873665 -25.46339226
6.08816338 -22.87326050 -19.17339134
13.27616692 2.44373894 -38.39039230
-25.52583504 23.85873604 5.21260643
7.93816948 -23.28026009 4.97960854
27.14416313 14.90873909 7.32560921
7.32116508 30.71573830 -2.18839097
11.37816429 1.07773781 -38.72739410
-34.28783417 3.53573799 -15.26639175
-29.23383331 -4.31226158 -24.32639122
-3.62283516 -27.40426064 -10.86239052
10.71016502 0.14473921 -38.74039078
16.58616447 -9.90026283 -30.70439148
14.44416618 -13.31426048 11.56260872
15.71816826 19.55974007 -36.10839081
6.88716698 32.85673904 -9.74639320
27.15416527 -11.47226143 -25.30339241
21.29616356 -5.94825935 -31.04639244
6.10716820 33.10374069 -19.37039185
19.35916710 -10.69725990 10.48960686
-10.40983391 15.67674065 13.91860771
12.01616478 29.95473671 -26.33439255
26.98616600 -10.51326180 -25.87439156
-24.40283394 25.90374184 1.32760787
-5.58183479 -23.14426041 5.72560692
24.97116661 -5.75426292 11.65360832
11.36816216 27.21074104 -31.52639198
-21.14583397 -11.72226143 -8.37339211
-33.53283310 -1.22426033 -14.51939201
-27.66883469 23.30473518 4.07960701
10.09216881 23.90674019 7.68260765
33.25216675 -9.29026222 -24.09539223
12.53316307 2.80473900 -38.67039108
0.44916725 -27.09926033 -3.74239182
-2.37683296 28.74373817 -4.78439140
35.19416809 -19.04726028 -2.90439057
10.87216759 -23.58526039 -1.34839082
-7.67283440 -22.38426018 5.65060997
17.14016533 28.24173927 -5.57339287
19.49416924 -17.94326019 2.95460677
-2.39483452 -3.49725914 20.34360695
-13.15583229 13.57073784 15.47260857
29.32016563 -4.03026009 11.16160774
17.04916954 -20.29826164 -0.14839384
3.07716560 32.95273972 -12.25339317
13.24516869 3.25374031 -38.52039337
-1.02283287 25.68773842 6.10560799
-15.17983437 -16.93926048 -18.85139275
4.01016426 33.15374374 -20.79039192
-11.67483330 -0.23325914 16.17660713
10.75316429 -12.58726120 -31.78739166
-33.94583511 16.33373833 -4.00139046
15.49616814 25.60773659 -30.54539108
17.68516350 -19.72826195 0.80460906
-7.24183464 7.12673759 14.94360924
9.52116203 3.38574028 -39.57939148
10.14616203 -0.76526064 -38.69939423
-24.26183510 -10.98325920 -9.30639076
-34.70383453 -2.53226280 -8.03539085
29.62116814 -14.92426109 2.68160796
-3.24583244 -23.08226013 8.50560951
15.68516350 -8.37626076 12.97160912
22.92416954 -18.43326187 -0.11039183
7.03016472 33.06473923 -11.11339378
3.42416573 28.13273811 2.95660949
23.93116570 -3.43726158 12.42460823
3.69916725 0.22973830 16.10860634
-1.04483604 -27.15326118 -11.03739357
-35.31683350 9.58373833 -4.15239143
21.00716209 21.22274208 5.66160774
-20.94183540 25.56974220 4.02060890
-4.85283470 25.26774025 4.80160713
6.52816582 20.29973793 11.17760658
15.65916252 -20.99526024 -12.65839195
-19.57683372 -9.77626228 0.43960741
9.89116478 32.93374252 -15.21039200
12.40516472 28.35973549 -29.14339256
17.90916252 21.37674141 7.34760857
20.09416771 1.45673943 -35.14539337
39.24116516 9.40273857 -11.88439369
8.37916374 1.61273766 14.86460686
27.34616661 -20.11726189 -13.78939247
15.83416557 25.51674080 2.54360747
13.04116631 -22.36326027 -10.67439079
8.05116844 33.12173843 -16.62039185
23.48616600 -4.45626259 12.28660774
17.92216301 -13.17026138 -26.84439278
-33.83083344 16.83273888 -5.72339058
-20.94883537 25.92673683 3.13160872
9.93716240 -18.58226013 12.46560860
28.80816460 -13.65826035 -23.58839226
10.01916313 28.34874153 -30.50939178
2.77716637 27.28873634 4.58460808
27.88716698 0.47373778 -29.20139122
3.83516502 32.28673935 -8.98239326
-33.93683243 -2.42725945 -10.67739296
7.64016533 2.56173897 14.77260780
-0.10283469 -27.03026009 -2.75539231
-11.37883568 11.17373848 15.60660744
12.85616875 7.68973732 -39.01339340
4.60016441 -24.21526146 -16.73439217
5.70516777 -23.90426064 -16.64639282
18.35616875 20.51474190 8.29860878
26.45416832 17.85273933 4.88860893
0.55116463 28.22973824 0.13560656
-24.96683311 27.82374001 -4.84839058
28.68316460 -17.72826195 -1.57339311
-15.11183357 -16.31026077 -20.67539215
-14.17683601 23.30974007 7.14260674
6.16216850 33.17773819 -12.24939156
9.00016594 33.05974197 -15.20239258
29.04616356 -20.57326126 -10.44439125
-33.90483475 0.76774031 -14.99239159
7.00416374 0.37973982 -39.80639267
31.18816948 -12.07226181 4.75360680
17.18716240 16.29373741 12.26861000
18.65916252 24.48874092 -28.12339211
-22.48083305 -12.51126099 -14.63539314
-3.61283302 -25.01926041 2.09960723
23.29016685 14.65473747 10.20060921
-21.63583565 -8.99725914 3.32060790
-33.09883499 18.63574028 -7.64839363
12.54716301 14.01674080 13.34560966
-13.63983345 25.66373634 2.57360625
-4.89083290 -28.11326027 -7.53139305
-20.81383324 -11.88826180 -24.94339180
8.65116692 -12.11626053 -33.27939224
2.41516685 -26.71826172 -9.71139336
15.16816521 29.99473763 -20.89539146
3.38016701 -25.93626022 -0.41039106
-14.02683449 28.07074165 -3.05339265
27.12916374 12.06773949 -29.73139191
7.54916954 29.64373970 0.98260665
1.67816734 33.26774216 -16.52539253
32.45116425 15.14174080 -19.25539207
9.24716759 -21.04826164 -20.31639099
-23.66483498 -9.24126244 1.12760711
-23.35083580 -9.10326195 2.14560866
18.05116844 -18.85626030 2.49660659
6.27116203 -24.05926132 -15.54339218
-33.93983459 -0.06726260 -13.95339012
6.64316368 31.62973976 -5.24239159
-5.14283562 -28.08526039 -6.40039253
6.77216911 -15.81426048 -30.11339188
-5.73383522 -20.21426010 -24.59039116
18.31616783 -4.20126152 13.22560692
-2.83583260 27.99673653 -2.37039399
25.26216698 -7.09425926 11.09960747
0.04316522 2.43573952 -41.83339310
13.26716423 -19.75026131 5.97460747
14.06816673 29.49373817 -2.61339402
13.65516472 -15.14226151 11.01660728
-4.52783394 -23.05226135 7.49160957
14.82816887 27.94973946 -0.50039124
35.96016693 -9.45926094 2.24360824
33.35016632 -14.42926025 -21.60339165
22.74516869 -0.25325960 13.03560829
-0.66183281 28.33773994 -1.69039369
7.69716454 33.12273788 -17.53739166
-9.58183479 -21.19626045 6.49060631
10.89416313 2.61273766 -39.10239410
6.99416924 -1.30825996 -39.48139191
15.27016258 2.25573921 13.62260628
-1.25183296 -26.41026115 -14.51739311
-2.22383308 -27.56426048 -9.43739128
-18.63383293 -10.14426231 -0.24439070
16.61016655 -4.60226250 13.43060875
17.24116325 -3.98526192 13.39860725
-31.63483429 20.14573860 2.56260848
1.05416679 32.21174240 -10.85039330
2.85516548 0.28774077 16.16760826
-14.95083427 -10.05726051 10.53560829
-15.11183357 -14.44126129 0.57660842
-2.97083473 -27.93126106 -7.23439217
21.45616722 -0.15726274 13.28860664
-32.60083389 -0.18226045 -19.70939255
19.12916374 -19.99026108 -13.79139137
6.96716881 -19.12126160 -25.59839249
-18.72783470 -6.33426094 13.18060875
-34.02283478 16.03273964 -4.84339333
24.20016289 -2.32925987 12.54660988
-21.74783516 19.94174004 12.54560661
-6.06083488 12.57374001 14.33960915
-14.76383400 -10.82225990 8.32360649
27.54916954 -4.11326027 11.56660652
19.60416222 20.04574013 8.18060875
18.29216576 -16.20926094 -23.00239182
-4.43783379 -24.54326057 2.81760955
11.83116722 31.09573555 -23.71939278
8.53516960 30.34373665 -27.70839119
32.09016418 -6.85725975 -25.35439110
4.00316429 33.08674240 -21.89239120
-26.55683327 24.57374001 2.53560805
-20.84683418 19.67873955 12.84560966
4.12516594 33.11973953 -12.82839012
-34.68583298 2.97273827 -12.93539238
12.37216759 -21.78826141 3.02660918
16.40116692 -14.68226051 8.94660759
20.33616447 -3.60226250 13.04360771
7.78716850 -21.86826134 8.97160912
-14.70483589 25.50374031 3.15660644
8.09816551 4.63073921 14.18460655
13.35216331 28.01674080 -29.01739120
-9.87883568 -23.05626106 -18.11739159
29.61516380 -10.68325996 7.32060814
5.30316734 33.08173752 -20.77539253
5.18016624 -19.00226021 -26.58939171
7.24816704 24.76674080 7.72760963
-13.28483391 19.73873711 11.40960884
31.58316612 11.01774025 -24.91039276
7.85216331 33.11674118 -15.69939232
32.76116943 -8.33226204 -24.67939186
19.97916222 0.25873762 -34.84439087
6.85716820 -13.15026093 -33.06039047
-5.59983253 -28.10226059 -7.93639183
7.12116814 18.72473717 11.91560936
18.46416283 -1.33426094 13.48260689
-11.04183388 -23.47826195 -16.93139267
-14.17583275 -16.63826180 -21.65339279
14.26516533 -14.84826088 -27.03639221
-33.46683502 -3.36826134 -10.76739311
-14.37283516 26.58574104 0.68560958
31.98516655 1.53174019 -25.80239105
31.70816612 -21.17726135 -9.26639366
20.08816338 -19.74126053 -1.77839112
15.60916710 -5.33826256 -34.56639099
-18.28383446 24.53773689 5.99860954
4.36816597 32.69774246 -23.76439095
22.24416924 -19.99326134 -11.91239357
-14.17483330 -15.28626060 4.24860954
27.24916649 -20.10726166 -7.92739296
-31.93783379 20.86673927 -7.97539330
4.47416496 32.75574112 -10.29239082
18.66916466 26.82973671 -5.17139244
-2.48583412 28.25274086 -3.11139131
8.37516594 33.09974289 -14.70839119
0.21116449 29.23073769 -4.11139107
13.15016747 -13.30526161 -29.58739281
4.76116753 30.94173622 -4.27039146
4.34616661 -2.62526131 -39.75839233
-24.03883553 -9.97826195 -24.61339188
-26.83483315 -8.96925926 -21.38539124
13.74016380 25.73273659 3.84760833
-24.04683495 22.28673744 8.78360939
4.63816643 -6.00226021 -38.50039291
-13.67983437 21.34674263 9.73960686
16.76616478 2.92973900 -37.19639206
20.19816399 -0.14326280 13.43860817
12.70816612 -17.22726059 10.19360924
-12.50683403 27.77373695 -2.73839402
30.23516655 12.25274086 -26.06039238
27.13216209 20.41473961 -0.83939195
2.59616661 32.05173874 -9.23039055
4.60416603 -6.95026207 -38.06039047
-33.49083328 0.95673949 -17.38039207
-5.68283272 -28.13825989 -7.14639091
-34.29383469 14.74973869 -6.40539360
-13.55583382 27.65873909 -2.14939332
-14.79783440 -9.77826118 7.73860741
3.24316597 0.20773894 -40.65539169
3.33916664 1.27573967 -40.87739182
9.72216606 -4.36126137 -37.72239304
9.20516777 25.63974190 6.25160789
39.46916962 8.42473793 -12.37439156
-21.49383354 -12.13026047 -23.16539192
-18.07883263 -14.88626099 -16.81839180
8.75016594 33.08574295 -13.97339058
15.99516869 -3.70525932 13.63560677
20.34816551 -4.67426109 12.80660820
21.88116264 -5.12026024 12.39660835
21.76216698 -20.02226067 -10.27439308
13.17216301 30.04673958 -24.96139145
-24.90383339 -9.04226112 1.13760924
-33.52083206 18.07974052 -4.30239296
-5.17983437 -23.60926056 4.59860802
1.12716484 -4.42625999 -39.60139084
-4.79383278 7.93573952 14.52560997
16.46816826 -13.90026093 -26.78439140
-26.27283287 25.13974190 1.31760955
11.36216545 -22.27026176 -14.73339272
10.55016899 5.89773750 13.57860756
0.81316566 30.25973701 -6.40539360
25.48416710 -2.60226250 -30.02639198
1.45216560 -26.92826080 -3.90239167
23.98216820 -18.30526161 -0.39939329
6.99116325 -23.27526093 5.90860939
9.96016502 -20.98226166 8.12760735
11.89716911 -18.67026138 9.41760826
-17.38883400 -8.18626213 5.65160942
8.36816216 33.12073898 -13.27139091
7.05216789 33.17473984 -12.25939369
9.26916313 -18.57926178 13.55360985
19.99416924 -19.98326111 -13.27539253
20.79816246 -19.99026108 -12.78239250
8.59016228 24.29174232 7.78560829
7.36916924 -18.46526146 -26.34439278
-5.28783607 -24.05126190 3.48660827
14.88016319 31.07274055 -15.31139183
-11.38083458 -22.26426125 -18.06339264
13.78316307 -8.76426125 13.79860878
15.61016655 8.26873970 -38.18639374
14.93816948 -18.15426064 -21.46739197
40.47316742 -0.98826021 -9.00739098
40.35717010 -0.20826143 -10.54539299
-4.89583397 -28.00426102 -8.61339378
13.11516380 13.24773979 13.44060707
6.60716820 -13.91526031 -32.36039352
2.16316414 -25.90826035 0.33160952
-6.75183296 -22.86026192 -20.19839096
-17.92083549 -9.70726204 -32.02739334
20.96416283 2.19373894 -34.82239151
5.36816216 33.18873978 -13.15439034
18.29716301 -18.85426140 -18.27739143
-16.34683418 -16.60126114 0.49760607
38.17316437 7.33473778 -16.01039124
5.31116295 2.44373894 -40.63939285
21.25316429 -20.01826096 -11.92839241
21.97816277 -20.00926018 -11.09139061
19.22316551 27.83274269 -13.16539192
21.31116295 2.23974037 13.31060982
13.44816399 -5.80825996 -35.39539337
26.71716881 -5.77425957 11.25460625
25.83416557 -6.16226006 11.33260918
29.20516777 15.29673958 -25.07639122
12.21616936 31.60873604 -20.81839180
-21.31183434 27.46473885 -0.83139253
-6.60683250 -23.51926041 -19.28439140
4.32616615 2.08573723 -40.82439041
-22.17683601 -12.58326149 -20.05339241
22.84416771 -19.99526024 -10.21439171
25.93216515 -20.04626083 -9.34839058
-16.58683586 15.44673729 16.05060768
9.17716789 33.05674362 -12.50439262
24.56316948 -7.95525932 -28.04939270
28.88016319 -5.06026268 -27.14639282
31.12716484 3.39673805 11.88960838
20.65516472 0.71573836 13.41360664
1.73916435 3.35774040 -41.67739105
26.74816704 -3.93526268 -28.67839241
25.12016869 0.13574034 12.58860970
6.61216545 30.92473793 -3.09939027
-6.59383583 22.33873940 9.02660942
-24.59083366 -9.77726173 -2.61839128
36.43616486 -6.49426079 -22.22039223
8.03416252 33.12874222 -12.20239067
31.09116936 -12.95826149 -23.37939262
-9.87383461 -15.90526009 -28.12739182
7.72316551 33.13473892 -14.09439278
23.05816460 -19.98726082 -12.34039116
3.09016609 33.06373978 -13.55939293
8.00016594 -8.45126152 -36.21939087
23.85916710 -19.99626160 -10.49539375
-2.33183479 -24.07726097 4.78360939
12.30616570 32.06673813 -8.90139198
9.53916740 15.37973976 12.95460701
13.70316887 -0.26326174 14.12060738
-25.57983589 21.69474220 9.14260674
-34.62283325 12.98873711 -8.28939247
-4.94983482 27.19674110 -1.00839067
-10.72483253 -14.72426033 -29.47639275
14.25216484 -21.73626137 -0.69339204
29.04416466 20.45874214 -15.03939247
22.95716667 24.42273903 -18.22939110
23.15116692 -19.99726105 -11.30539131
-2.52083397 -27.07226181 -12.15039253
24.34916496 -20.01626015 -11.14539146
25.00616264 -20.02226067 -10.13239098
-23.98883247 -10.86126137 -7.77139091
-27.37683487 26.23173714 -3.43439317
16.52616692 11.43773842 -37.87839127
10.09116936 32.91674423 -12.54039192
17.83916283 5.22473717 -36.99039078
15.99316216 -18.95726013 -19.07139206
12.21816826 9.39974022 -39.32239151
14.24616814 4.84573936 -38.35839081
17.52716637 -5.58926201 -33.40839386
26.09716606 22.65973854 -6.20239067
28.45616722 6.03473854 11.53260994
11.87416649 4.62774086 -39.05539322
19.20916557 19.19673729 9.39560890
5.10216331 -25.77926064 -10.35439110
20.67216301 -20.09926033 -10.77539253
-8.13183403 -25.53926086 -15.34339142
23.45416832 -3.23925972 -31.15739250
6.44816399 -21.81726074 -21.08739281
32.05716705 -8.95626259 -24.84239197
26.50516319 -4.69226265 11.64060783
25.74516869 -5.31726265 11.63260841
21.02916527 -19.50926018 -15.91139221
25.13316917 -20.01426125 -8.95739174
-3.56383324 -1.18325996 -41.20039368
6.89216423 33.17673874 -13.25439262
12.74016380 -20.44126129 -18.14939117
12.74916649 -20.03626060 -19.14939117
6.79516411 33.13174057 -16.72639275
-14.74483299 -5.23325920 16.24160957
-17.93983269 -13.99926186 -23.19739151
11.35416222 10.22673988 -39.64239120
12.23716545 -22.60526085 -11.68139076
28.07216454 -15.46926117 2.94160628
-25.53583336 -10.87926292 -15.14039040
-13.91883278 -16.10826111 3.97960830
-0.41983604 31.41974068 -9.81939125
13.85416222 12.31574059 13.47460747
5.95416832 4.40073967 14.58460808
4.18516731 -7.64626122 20.16460609
17.83816338 17.88574028 11.26360893
9.06316948 33.04374313 -11.68639183
26.94116783 3.14673805 12.23660851
-5.55583382 -27.96026039 -5.20339012
-20.64983559 -13.32626152 -15.75039101
19.09716606 -8.97826195 11.60560799
24.00716209 -19.99926186 -9.57439232
18.06616783 -16.90426064 -22.01639175
26.92716789 -20.16226196 -12.86839104
-28.26183510 24.40773964 -0.14439222
4.97416496 -1.69326210 -39.87839127
40.85116577 1.84973717 -9.96639061
20.10416222 23.87474251 -26.56739235
22.96516228 22.07773781 -24.45839119
-0.62983513 27.92873573 0.02460649
8.41916466 -24.57026100 -1.30139375
0.35416603 26.84774208 4.40660667
27.12816429 1.82073784 12.27260780
20.01016808 -20.09026146 -12.13439369
-13.30883598 18.93773842 12.17060661
-14.84483528 -8.58725929 9.22660637
23.30316734 0.18873793 -32.82539368
-7.51483345 -23.92526054 -18.22439194
-4.05083275 -1.54426003 17.75760841
-13.85583305 15.22173882 14.82960701
5.74716759 -16.55026054 -29.65239143
-5.86883354 -1.24526024 17.07860756
29.25116539 -9.57626152 -25.64839172
-19.78883553 -9.04326057 2.91060805
-1.00283241 0.85673720 -41.56139374
-34.15483475 1.82073784 -14.64239311
-34.14583206 1.04373741 -14.02539253
20.48916435 2.61873817 13.39960670
7.77816582 30.21773720 -0.55739045
9.29216576 -14.64726067 -30.35139275
2.43716621 -5.78226280 -38.94739151
-15.05083275 26.28074074 1.55860686
18.00716209 0.58074003 -36.07939148
6.69016838 33.14873886 -14.29639244
19.41116905 -13.45226097 -25.86639214
6.46516228 33.11874008 -15.73339272
20.95016289 -5.55825996 12.44360924
-35.74683380 2.43173790 -8.66639137
34.50616455 -9.42826271 -23.28539276
22.47316551 -1.36126137 -32.73039246
7.17816734 33.12774277 -14.91839027
20.19916344 2.52573967 -35.34839249
3.07616615 -0.87426180 -40.42639160
14.54116631 31.34273720 -11.15939140
17.88616753 -15.53526115 -24.07939148
-6.86783409 26.59173775 0.02960756
-17.56483269 -7.66826057 -34.57439423
-28.72883415 -5.40426064 -23.97339249
2.45416451 33.09974289 -14.78739357
-1.21083260 28.03973579 -1.02239060
-1.69183540 28.20673561 -2.19039369
9.66416740 -10.02726173 -34.48139191
-12.24483299 19.23173714 11.76960945
-3.05983543 -26.95626068 -12.81939125
-24.97583580 27.28673744 -2.70039201
25.60416222 11.47673988 10.28760719
9.71216393 -19.54126167 -22.95739174
20.45316887 14.87473869 11.73060799
13.08516502 29.83574104 -2.20739198
14.30416679 1.34573936 -37.82939148
28.89316368 -8.80326271 9.20860863
4.46016502 33.15374374 -13.97139168
-14.74683571 -11.84826088 5.27960777
26.21216393 -20.04226112 -8.40439034
13.09616661 31.45874214 -19.19139099
27.50516319 -8.40526009 -26.66139221
9.97416496 11.73173714 -40.15439224
3.61916542 -3.49625969 18.08860970
-8.82683372 -23.65926170 -17.93039131
9.49416924 24.91373634 6.89361000
-14.83883476 16.94874001 14.04060936
39.39516449 -1.51526070 -17.57439232
-9.63283348 11.33873940 14.96160698
23.88816643 -20.01126099 -11.87639046
-5.58783531 -22.88026047 7.02960777
32.29516602 10.28473854 -24.22239113
16.89316368 -20.81926155 -10.87639046
9.63516808 11.75673866 13.40760994
-19.35583305 -10.93726158 -2.72939134
12.50016594 -15.65126038 -27.15939140
19.70816612 -19.26826096 -16.87839127
21.90516472 -19.95426178 -12.89839363
13.45416832 30.21074104 -3.41739106
-1.65183449 -21.25426102 -23.96739197
15.56416893 -10.16626167 12.38760948
-13.95383263 22.47073555 8.35060692
7.76816368 31.68573952 -5.07439232
-5.97583580 -20.88526154 -23.47839165
-31.19683456 -3.65526009 -19.33539200
27.08116722 20.75573921 -1.74639344
5.69616508 33.16373825 -14.14239311
15.98016930 28.81874275 -23.38339233
19.94116783 26.50673866 -20.16639137
8.77716637 11.26074028 13.41960716
9.64216423 -22.02726173 6.31560707
25.57616234 -9.34626198 -26.95039177
10.02016258 12.64274025 13.37160683
14.50416374 25.13073921 -32.07939148
-5.87483406 15.73673820 13.61360741
25.45416832 -20.06026077 -11.10639000
8.93016624 -22.81526184 -16.47639275
-5.29583549 11.81873894 14.38160896
25.39516258 -20.01526070 -7.85339165
26.25416374 22.87774086 -8.61339378
-3.17883492 31.75374031 -11.58639336
14.41716576 -1.25325966 -37.02039337
-1.90483284 -24.71726036 3.22760940
18.58716393 -8.82726097 -30.49939156
1.65116692 29.01474190 -1.58339143
-14.46483421 -18.57926178 -18.28039169
4.10316658 33.14873886 -19.74639130
-21.57783318 20.39974022 11.91060829
11.55916405 -21.98726082 3.74260879
-33.74783325 17.12774086 -3.59139085
17.74016380 -17.46426010 -21.19339180
-1.36183357 -24.39326096 4.24760628
35.18516541 -9.17025948 5.57660866
-31.77183342 -4.50026131 -15.49339104
-22.83283424 22.45273781 8.85160637
-34.61983490 13.04773903 -7.23239326
24.07416344 -20.01726151 -8.29939079
-10.49383354 -11.25126076 -34.08539200
9.18016624 -24.21226120 -10.47639275
-1.65883446 -3.13226128 -40.26239395
4.90616417 33.12874222 -19.96039200
11.75516319 16.03774071 12.86960793
24.99416924 -19.01526070 -17.26039124
11.49016380 26.40873909 4.34460640
25.22216606 22.47073555 -3.19339204
16.82016563 4.96473885 -37.42039108
-26.76583290 -9.97826195 -16.15539169
27.23116875 -6.12125969 -27.60339165
9.71116447 -16.62026024 14.83560753
6.56216240 29.97773933 -0.19039366
14.99616814 -1.81426048 13.89560890
12.34816551 12.30673790 13.46260643
9.69716454 6.91673851 -39.90939331
8.19116783 10.27573967 13.46160698
5.87316704 -25.57726097 -9.67539024
29.23416710 12.99373817 7.54960823
8.96816826 30.27473640 -0.81939149
-34.44883347 14.04373741 -5.68239021
19.07116508 -0.20226091 13.48460960
18.79816246 -16.45726013 5.55660820
0.09916497 3.30373955 15.27560997
-11.75183296 -16.21526146 -25.89539146
-5.02283287 26.83773994 0.10960940
9.65716362 -5.57026100 -37.21139145
14.05216789 11.22773933 13.48860741
24.08516502 -20.00126076 -6.29239082
19.72016716 17.04773903 10.98760796
-15.52983284 -15.35726166 -22.63239098
6.48316765 -19.63126183 -25.03439140
18.52216911 28.42373848 -12.89539146
26.22816277 2.45273781 12.40760994
-5.56183434 -23.74526024 -19.39439201
26.78616905 -12.89826012 6.60160637
7.76216698 -7.08725929 17.74160957
6.02116203 33.12874222 -14.97939110
22.89116478 24.88073921 -9.94139290
30.33616447 1.04873848 -27.10939217
32.13116455 -3.78226280 10.84560966
23.27416801 -0.81826204 -32.44239426
8.19316673 9.20474052 13.48660851
15.87816429 -21.16726112 -10.75139046
23.10716820 -20.00826073 -9.12139320
-33.99383163 2.91073799 -16.41939163
-15.54483604 -9.02425957 5.60260963
-14.20383263 -16.16226196 -22.69039154
36.23516846 13.61173820 -10.60339165
-12.52983284 18.34973717 12.56860924
26.22916222 6.18474007 11.92960930
-2.09083366 -4.11226082 -39.90739059
-12.73183250 29.08574104 -6.02539253
10.74316216 1.99973869 14.32160759
22.95316887 -20.02326012 -6.44139290
-17.37083244 -4.36726189 15.20560646
25.82816887 3.37573814 12.40960884
10.48716545 -9.26826286 -34.62839127
5.97116661 3.30174065 14.85760689
-11.22683525 -21.53626060 -18.90139198
6.39416313 11.83573723 13.45460701
20.51016808 1.69373894 13.41760826
23.05616570 6.64073753 12.58960915
-26.81283379 26.78174019 -4.18539238
10.31516838 -19.07126045 -23.36239243
7.22316551 -17.50226021 -27.70939255
38.90416718 4.78473854 -15.91639137
16.15516472 26.58574104 0.33460787
17.83416557 -20.72826195 -8.38239098
-5.65783501 -21.49226189 -22.71939278
-12.66883278 20.36073875 10.70360756
28.29216576 12.68073845 8.31060982
7.57116508 11.23073769 13.44960976
-0.34583473 25.26973915 7.02360725
26.30316734 -20.10726166 -10.20439339
21.62616539 -1.80125999 -33.05939102
37.13816833 -2.67326164 -21.34739113
10.85716820 11.77973747 13.43160820
-25.03683281 -10.23626137 -22.04539108
34.49617004 12.89373970 -17.47639275
23.64116478 -20.03226089 -7.25739098
6.49316216 33.12874222 -17.97639275
8.47616386 -23.83726120 -13.47839165
19.54316521 1.01774025 13.47160912
-6.31883430 13.74873924 14.16460991
-19.57583427 -7.82325935 7.99660683
3.75916481 33.12173843 -14.85639000
1.91916466 30.09573555 -4.75639153
10.94416618 10.69373894 13.43060875
5.38016319 33.10374069 -15.76439095
-12.74083519 21.01674080 10.00760841
8.74816704 12.22773933 13.37160683
-22.54883385 28.91974068 -6.54839134
13.63416862 10.50173759 13.47460747
-22.55283546 -12.16126060 -21.02039146
3.90216637 -4.41426277 18.51160622
-16.96583366 -15.14526176 -20.54739189
-13.02583504 21.80774117 9.10660744
-18.12783241 -7.16926003 9.00160789
9.14916801 9.78774071 13.42960930
-20.14083290 28.68773842 -4.09039116
-22.35083580 -10.80426216 -25.35339165
33.79216766 13.83973885 -17.84439278
25.82816887 21.89373970 -2.61539292
17.98216820 18.18474007 -34.89739227
26.53516960 15.40473747 7.39960670
11.70016289 32.13773727 -18.45639229
2.85416603 -26.66026115 -8.92539024
-7.08083534 24.17973518 6.13660622
-7.18483543 3.16974068 15.44360924
8.88816643 -22.22826195 6.82160759
9.71316338 10.77273750 13.42460823
9.60116386 16.27474022 12.74660683
-29.38783455 -8.26626015 -8.74239159
-4.75283241 -0.83025926 16.94661140
2.09116554 -9.42025948 -37.12739182
19.15916252 -0.31726259 -35.11139297
16.99716759 -11.72126198 10.84160805
-33.43383408 18.16374016 -3.06739259
6.18316460 10.67273903 13.57060814
-26.89883232 25.59373665 -0.87839341
11.91716576 -18.31826019 -23.47939110
-3.06883430 -1.34026146 17.55260658
29.53016472 12.66773796 -26.71939278
26.06216240 21.43873787 -1.67639375
9.30716515 8.92774010 13.43260765
23.80916405 -16.51326180 3.11560607
19.23716545 -20.10126114 -12.86839104
26.53816795 14.72574043 7.90060997
30.30716515 1.99573708 -27.19139099
-6.11983299 -15.12626076 -31.41039276
6.45916557 -0.36726183 -39.81239319
-4.42983437 9.84173775 14.40360832
8.39516258 32.71374130 -20.82439232
-5.10583305 -1.82826042 17.98360634
-5.34783363 10.73173714 14.43160820
5.88016319 -19.40826035 -25.68839264
11.18916893 12.94673729 13.39660835
4.90916252 33.13074112 -14.97539330
11.98216820 11.09073830 13.45460701
18.53416252 -16.00126076 6.26861000
13.62116814 30.55874062 -4.47939110
-25.83383369 -9.86826134 -5.12939262
1.06116676 33.04474258 -14.37639046
28.61716270 1.18073845 -28.64139175
5.62616539 -21.74926186 -21.74739265
13.12416649 11.31773949 13.47960854
14.58616447 10.26674080 13.47860909
14.13316917 -21.58126068 0.41060808
-35.44783401 -2.11026192 -6.33439064
17.91816521 -16.99226189 5.46160698
25.86516380 15.95474052 7.48060799
19.04716301 -18.42226028 -19.02239227
-14.66983604 -13.88026047 6.41460991
7.89516258 -20.41126060 12.49460793
13.66016960 9.32673836 13.44460869
8.90616417 -0.65126222 -39.09139252
5.77616692 33.10573959 -16.40239143
-9.00783348 -15.10826111 -29.98239136
-12.94683266 -16.26026154 -24.35639191
-36.13183212 1.04873848 -7.06339073
9.64816856 32.97274399 -14.32039070
-12.11883354 19.90574074 11.11460686
10.14916801 27.62973976 3.44660735
24.06216240 -2.41726112 -31.13139153
9.02716637 32.03873825 -23.18039131
28.92116356 12.59473991 -27.50139236
24.94416618 20.84073830 1.99160933
-2.65783501 8.40373802 14.43160820
-3.07483482 -19.59626198 -26.42539215
40.47416687 5.62174034 -11.49639320
10.07216454 -23.02326012 3.17560744
20.90216637 26.30373573 -11.02539253
3.73116493 -24.34026146 4.27860832
-35.78583145 5.40073967 -7.25639153
9.14116478 -8.60125923 -35.67839050
19.53816795 2.43973732 13.45160866
39.47616577 -3.40126228 -18.51139259
33.94816589 4.51973915 -23.62839127
10.26116753 10.53874016 -39.99939346
22.20716667 -20.06226158 -6.90339088
-13.33183479 5.26873970 19.32060432
2.34816551 5.73274040 -41.93939209
20.47716331 25.01774025 -23.28539276
-6.84883308 -12.89026070 -33.75139236
12.74016380 3.83573723 -38.73339081
30.65016747 9.66573906 -26.54539108
-8.29583549 12.60173988 14.50860786
-34.71383286 12.16673851 -9.00339317
-23.41483498 -11.42625999 -10.29839134
8.28416252 3.69373894 14.37760735
0.10816766 -24.49026108 -18.48139191
15.52916527 9.49273872 13.47360802
19.73616600 15.93773842 11.59060860
2.70916557 -26.49726105 -11.12739372
33.94116974 8.48274040 -22.66339111
-8.22083473 6.19174004 15.36760902
9.49916649 33.00973892 -13.32939339
12.76716423 10.22673988 13.45060921
-31.70883369 -2.28026009 -19.79139137
6.78916740 -22.23626137 9.17160988
-1.28483391 10.05373955 14.32560921
14.65116692 27.57973671 0.36960772
25.52216911 18.45973778 5.19160652
9.54816246 7.96874046 13.45460701
5.47516441 33.11973953 -18.43739128
-24.37083244 27.19273567 -1.86039186
4.47316551 30.44073677 -3.04739213
10.25916862 8.62473869 13.40360832
-14.69583321 -12.65426064 5.96560860
-3.89783287 -25.49126053 1.15460753
14.72616386 5.71273994 -38.28139114
14.66416740 9.12673759 13.45860863
34.45317078 -18.59126091 -2.87739396
1.94516563 -26.88526154 -8.57939339
24.87216759 -20.04126167 -11.95439339
-2.54083443 9.71273994 14.37360954
7.02716637 -7.00726128 -37.40039063
-8.09583473 -0.19226259 15.82160759
-3.45283318 9.82473946 14.38060951
-5.28483391 -8.71426201 -37.69639206
7.45416832 32.97874069 -19.91939163
-5.26783562 -11.20026207 -35.81039047
4.11016655 32.91874313 -22.96039200
15.08316612 11.59873772 13.46660805
24.16016960 -10.24326134 9.61960793
40.64316559 -3.93726158 -9.20639229
1.04216576 32.58874130 -12.14439201
34.77416992 4.07673836 -22.86539268
14.33216667 8.19273949 13.42960930
22.09516716 -20.02926064 -9.33539009
-4.36783409 -2.26226234 18.63760567
4.74416924 6.07473946 -41.36239243
21.46216393 1.18073845 13.30760765
-11.89983559 -3.38426018 18.21460915
13.27316856 7.99973869 13.40660667
28.99816704 9.87273979 9.82660866
30.71716881 -7.93826103 -25.71639252
22.89116478 23.48373604 -1.79539323
-12.00583458 22.12973976 8.63760948
32.87516785 9.27073860 -23.84739113
25.17916679 22.79873848 -4.31839180
40.80516815 -3.71125984 -10.12039375
35.60816956 -7.66426277 -22.81639099
9.38316917 4.92473793 -39.80939102
-6.81183434 -1.23626137 16.76760674
31.60216331 -21.12826157 -11.59639168
11.99616814 29.19774055 -0.12439176
10.35216331 9.66673851 13.41160774
6.77716637 -21.22226143 12.53460884
16.01216698 7.20073891 -37.96039200
11.89616203 2.04273796 14.11260796
1.44116402 -23.65526009 -19.80339241
14.18516350 29.45573616 -25.08039284
-30.62083435 -4.51126289 -19.79339218
11.28216362 32.45473862 -16.84339142
37.38616943 -1.79126167 -20.97939110
-34.80183411 10.33173943 -10.55039024
9.46516228 22.74873543 -38.20739365
-9.23783302 24.61174202 4.69360924
-4.97283363 -27.15326118 -12.07739067
22.89116478 8.30274010 12.39660835
-13.74883461 1.58273888 18.76460457
37.70716858 0.47873884 -19.98339272
-4.60983467 8.93273735 14.42760658
24.21616936 24.05774117 -9.11439323
-35.53983307 7.79773903 -5.40439034
-34.72983170 11.57974052 -10.18439293
15.11516380 29.00973701 -3.14539170
-32.35083389 -4.51326180 -12.91039085
-25.53783607 -8.75526237 2.15260863
30.65316582 2.61373711 -26.90439224
-11.38783455 26.06373787 1.19160628
17.48516655 2.88873863 -36.87839127
11.31216240 5.85173988 -39.32939148
29.91716576 -20.38026047 -7.28939247
28.91416740 3.36873817 -28.50539207
21.39516258 12.66873741 12.05560875
18.26116753 0.68773848 13.50260735
4.30716515 33.10573959 -15.96539116
12.46116447 8.98274040 13.41460991
4.89516258 -8.67725945 -37.04539108
24.86716270 23.76073647 -9.78039360
37.94616699 -3.09425926 -20.53639221
34.47916412 8.53373909 -21.81439209
9.23216820 14.11573982 -40.40339279
11.65916252 9.93873787 13.42460823
-34.85983276 10.83973885 -8.23739052
26.87516594 3.95474052 -30.59739113
18.39416313 1.89974022 13.48260689
24.67216301 -20.01426125 -7.13839149
18.77916527 28.21673775 -14.02939034
-12.59683418 12.56273842 15.71060753
-5.92883492 27.65073586 -2.76639390
-1.64583397 31.43074226 -10.46939278
28.03116417 -20.06626129 -14.48139000
-34.59883499 12.57673836 -11.48139000
36.66316986 10.94573784 -15.21039200
-34.90483475 9.31674004 -9.76439095
7.27816582 32.67473984 -8.83739281
22.55216789 -20.04826164 -7.89739037
-0.00783347 -2.43126106 -40.37239075
20.58916283 -17.72226143 -19.94139099
-1.61583519 8.77973747 14.41560936
-3.32683372 10.67473793 14.36360741
37.55017090 -16.15626144 -0.19339201
24.15116692 -20.00226021 -12.69739342
-3.57783318 7.72373772 14.49160957
27.55616570 5.50073814 -29.89539146
18.51416588 16.03373909 -35.45439148
-34.55083466 13.33973885 -9.16239357
30.92816734 18.79873848 -6.56339073
-34.75483322 10.31173897 -11.80939293
-11.07483482 -21.00026131 4.14361000
-14.02583504 -16.35626030 3.09360671
-15.56583595 -5.84626198 11.91660881
-3.72583580 -0.53526109 16.81360817
-2.72083473 7.47373772 14.49960899
1.17816734 -27.06626129 -8.24139214
27.05716515 5.93073845 -30.41639137
30.70316887 -9.96925926 7.48960686
-22.64983559 27.98273659 -2.52739167
9.30716515 23.41373634 8.38360786
-34.78483200 4.86973763 -13.36739159
-11.12483406 19.71573830 11.25960732
-34.55483246 13.73573875 -2.25739121
31.68116570 18.04574013 -6.36539268
-1.08783531 -21.63426018 -23.36039162
14.05016899 7.11173820 13.40760994
16.75116539 7.91073799 -37.69439316
26.77616692 2.62673759 -30.61339188
33.06417084 14.51973915 -18.70439148
17.96916771 28.88773537 -14.34839058
-35.93283463 5.56574059 -6.27139091
-11.80183601 21.40173531 9.51861000
29.80116844 3.04373741 -27.66939163
19.69616508 10.19573784 -35.99339294
-22.38583565 23.64274025 7.16360664
28.89516258 2.42074013 -28.49139214
-24.11683464 -11.54026222 -19.49539185
25.78216362 4.17074013 12.34260750
-6.13983345 11.54773903 14.43660927
0.92416573 26.49974251 5.40760994
-0.35083580 -23.05826187 10.27760887
-9.20283318 19.53673744 11.50460625
16.50916862 3.65273857 13.47260857
6.67416954 7.19373894 -40.90639114
11.93216515 31.98674202 -7.75339317
-2.71083260 -2.43826103 -40.61839294
28.34116936 4.99273872 -29.08939171
15.31616783 8.42074013 13.45360756
28.30916405 6.12073708 -29.13339233
32.41916656 17.18673897 -13.70839119
14.86116600 -2.86626244 13.92460823
-34.75683212 12.01873970 -7.70239067
13.46116447 31.60673714 -16.69239235
-34.86783218 10.21874046 -9.25539207
-14.02183342 -15.94126129 4.92460823
-9.66883278 23.63573647 6.48860741
-21.02983284 20.73273659 11.45060921
-3.70183372 8.94573784 14.41060829
19.23916435 3.28473854 13.44260979
36.43716431 -5.69226265 -22.19739151
-20.81683540 -9.50826073 1.06960845
-7.28383446 13.14073753 14.32060814
40.97816467 0.29273802 -8.53439140
-0.86383247 -13.38526154 -33.79639053
18.56416893 -19.07126045 1.52460647
5.24616814 32.93973923 -22.00239182
3.28116417 -7.36326027 -38.11239243
-10.88183403 21.81573677 9.03260994
-10.41883278 19.00073814 11.92860985
-8.50183296 -22.44726181 -19.73339272
-1.54083443 -23.05526161 10.30960655
15.53016472 -4.89326286 13.64160728
29.23316765 4.40674019 -28.21039200
-22.60883522 -9.07726097 2.68560958
-0.85283470 -14.63326073 -32.54339218
-14.67483330 -12.62126160 4.75260735
32.46316528 10.89473915 -23.62439156
-16.94883537 14.74674034 17.01561165
7.89116478 32.88274002 -9.88239098
-3.01383400 -23.02626038 9.32060814
4.43416405 -20.19626045 -25.00339127
-11.65583229 -15.61926079 -27.10739136
6.24216270 -13.55626106 19.96360970
-1.44883537 -13.93826103 -33.23239136
-22.02283287 26.44574165 1.42860961
26.78116417 5.24873924 -30.70439148
21.19916344 -20.07226181 -9.69839287
28.99316216 -3.14726067 -27.49139214
33.91916656 9.55874062 -22.05839157
32.25316620 4.88873863 -25.27239227
7.64016533 12.22873878 13.37660789
-8.46983528 20.21673775 10.92260933
4.02816582 -22.29326057 14.89361000
25.99016380 -11.31525993 -25.70639229
-7.55283546 26.15173531 1.07060790
18.08016777 28.81874275 -13.54639244
-11.47383308 18.87373924 12.04060936
-10.05883598 22.35273933 8.39260674
-34.86583328 8.07873726 -11.84939003
23.78516960 10.90473747 11.40660667
28.85016441 -15.34926033 2.63160872
-34.79083252 9.23974037 -12.26139259
26.59616661 19.88373756 1.45860839
3.34216499 33.12173843 -15.68339157
-10.06083488 19.87273979 11.13760948
-11.59583473 20.57274055 10.41360664
-7.82783318 25.71373940 2.20260787
12.08616447 7.62573814 13.39760780
0.27516747 -14.76126099 -32.42839050
15.06116295 29.59473610 -22.85439110
36.41316986 -9.05626106 3.16360641
25.33416557 -8.59425926 -27.40539169
13.10316277 6.97973824 13.39660835
19.43016624 9.41374016 -36.21539307
-17.37583351 21.19574165 10.58760643
36.45217133 -7.48925972 -22.18439102
27.55916405 6.54373741 -29.90739250
17.33716393 -2.16426277 13.52460670
30.19016838 18.80673790 -16.98939133
25.66716576 -19.99126053 -6.89739037
30.56516838 19.30773735 -10.13139153
2.53316689 33.16674423 -16.05839157
18.67116356 18.22373772 -34.26639175
15.08916283 7.40373802 13.42960930
-33.13583374 19.17173958 -3.84839082
18.86616325 10.08273888 -36.56339264
19.85016441 -0.78825945 -34.53239059
24.00416374 24.26273537 -10.17139244
-5.58983421 -24.56426048 2.38860869
14.30516624 6.38574028 -38.47939301
3.52616692 32.44974136 -9.73139000
-13.84783363 16.83674049 13.85060692
-1.86883354 -13.20926094 -33.98539352
24.59016228 22.56673622 -2.15739274
-8.68283272 10.48473930 14.86260796
31.65316582 5.73173714 -25.81739235
0.07516671 -13.14526176 -34.04739380
38.13816833 -12.41226196 -0.72939134
16.36816216 17.37573814 -36.63739395
16.99816704 6.43873787 13.43360710
-12.90183449 22.44374275 8.26960945
-0.80883598 -12.79526138 -34.41639328
-25.90383339 27.32673836 -4.52239037
-21.98283577 20.87574196 11.25360680
31.56116295 0.67674071 -26.12939262
24.34116936 4.81073952 12.52660942
27.56616783 4.42774010 -29.87739182
19.86616325 -1.79626274 -34.10239410
-0.75583458 -26.84326172 -12.79939079
-13.19583321 22.95173836 7.56460762
-17.57483482 25.71573830 3.41460967
-24.19883537 -11.48526192 -13.07139015
-15.00683403 27.55373573 -1.40339112
28.32016563 7.28573799 -29.13539124
-0.09983253 -13.95326042 -33.22439194
29.10816765 5.71073723 -28.33539200
30.96116447 0.55673796 -26.57539177
-1.95283318 -14.57626152 -32.59039307
8.44116783 15.92173958 12.80260658
8.90116692 -19.41926193 12.77560997
-34.86883163 9.01074028 -10.87939262
6.10416222 -21.45626068 13.32360649
22.46816826 1.62174034 -33.77739334
8.51216698 32.89074326 -19.50839233
18.29116631 -20.21126175 -13.13339043
18.39016533 -20.03026009 -14.11739159
-16.10483360 -14.77126122 -23.49539185
15.81416893 5.70373726 13.43260765
13.76316643 27.85873604 0.75860763
25.19816399 -19.95126152 -6.10339165
-23.30483437 -11.22625923 -22.60439110
20.92416954 -4.28226280 -32.23839188
31.10416222 18.75374031 -10.71539116
22.29916954 0.72073942 13.15560722
12.10716820 -20.01026154 -19.86339188
6.25316429 31.95573616 -6.47639275
-0.24983405 -15.37426186 -31.83039284
30.22516441 4.32873726 -27.27339172
11.27916527 8.77173805 13.39860725
27.63216209 3.14174080 -29.77839279
21.40916252 -17.78626060 1.97660613
30.49416924 19.39174080 -10.92739296
21.67916679 -19.27926064 -16.63839149
26.19916344 21.25274086 -19.83039284
-16.02383232 22.95273781 8.07960701
30.10616875 19.76373863 -9.16839027
-8.12283516 -10.44125938 -35.76939392
15.96516228 6.86573982 13.43560982
40.29116821 -1.13426018 -13.12339211
35.06317139 -5.45026207 -23.38339233
31.37016869 -20.95726013 -8.58539009
19.85016441 27.17673683 -11.57339287
-14.72983360 -11.94226074 6.81060982
-4.53283501 19.76573753 11.55860710
-14.79383278 -12.56226158 2.09260726
14.85916710 6.34873772 13.41960716
35.26716614 15.02374077 -7.92939186
34.56317139 5.25073814 -22.82439232
-12.30983543 -19.15126038 5.65260887
29.91316795 5.45973778 -27.55639267
21.12716484 21.68174171 4.82260704
4.97116661 8.40973854 -41.49439240
-12.24283409 17.56674004 13.10760689
-1.56583595 -12.56726074 -34.66539383
-14.69483376 -14.70026016 1.39460921
0.19516565 33.00474167 -14.19939232
28.33216667 3.88773918 -29.08639145
35.31816864 4.59173775 -22.09839249
2.06316566 -7.75626183 -38.08939362
6.12816429 22.29174232 9.86960793
-2.52983284 30.97773933 -9.90339088
8.20016289 -24.84226036 -8.00339317
35.89616394 -9.23726082 3.98060775
-7.31183434 -6.03926277 -39.02339172
-2.04783440 -27.69425964 -8.33039284
39.50616455 7.31373787 -13.19639015
-19.09683418 26.26073647 2.34760833
30.54916954 -13.71226120 -23.09439278
-18.81283379 -14.69026184 -8.28439140
-33.57583237 -4.77226067 -6.33139229
15.95616722 7.78973961 13.45060921
-5.44583321 9.77173805 14.45160866
-22.53083229 -8.05426216 8.72560692
-11.23483467 7.42573738 16.67660713
16.92016411 -20.97826195 -8.57439232
15.34816551 -7.71526146 -33.13439178
-5.52983284 -12.13826180 -34.85239410
23.50116539 23.90173531 -5.00939369
34.94216919 7.72373772 -21.51439095
7.84216881 16.60573769 12.62760735
3.92316628 -21.84526062 -22.38539124
6.88216209 -8.83226204 -36.37139130
-6.51983452 -23.97026062 3.03160644
-34.98883438 9.47373772 -8.12939262
-2.35383415 -12.70226097 -34.52839279
2.79916573 -0.57826036 16.57660866
-34.46783447 13.91573906 -6.79339027
13.66216850 6.09573936 13.42160988
-15.79883385 19.31773949 12.28960991
25.80216789 5.77374077 -31.69539261
29.93616295 19.96573830 -10.50639153
25.98516655 2.71673775 -31.40639305
30.79416466 19.08073997 -11.57139015
-27.95083427 25.50374031 -2.41839051
20.67016411 25.81473732 -20.39339256
12.66116905 -2.29226112 -37.38239288
-10.78783607 21.14174080 9.81060982
-2.02083397 -12.13326073 -35.13039398
31.46916771 4.87073708 -26.06039238
-14.80283546 -10.74725914 6.99260902
5.01416588 33.09173965 -16.52539253
8.19116783 12.95873833 13.30260658
-11.19483376 22.54973793 8.06560707
25.22316551 -5.99926186 -28.65939140
2.74916649 13.70573997 13.41160774
-14.52583504 20.05073738 11.30160713
11.47716331 22.63773537 -37.46139145
-34.84183502 7.17173958 -12.88439369
22.94116783 22.87373543 -0.01839278
4.29316521 33.10773849 -17.18039131
32.54716492 17.16974068 -12.47339058
29.41916466 20.45173836 -8.59139061
18.11316490 12.79073906 13.06960869
36.53517151 -1.32526207 -21.90039253
16.73416710 9.95573997 13.43860817
-34.89783478 10.91673851 -6.80839348
4.99616814 33.12373734 -19.17639160
15.64816856 10.51873970 13.47560692
29.86916924 -8.10426140 9.28560829
-0.47483253 -23.08526039 11.28860664
-6.82283592 -11.92526054 -34.73739243
8.37416649 31.92173958 -5.83039284
0.88716698 -13.55126190 -33.63139343
9.87816429 28.79274178 1.81260848
12.46516228 6.30974007 13.42660713
-9.91583443 -3.00526237 18.86361122
-29.41483498 -6.22726250 -20.60439110
11.22416496 -13.67826080 -30.41039276
30.81616783 5.37373924 -26.68239212
-34.37783432 14.23073769 -8.33839226
-0.75283241 -15.80526161 -31.41039276
-32.39783478 20.45774269 -2.50539231
-7.99383354 23.67873573 6.77460670
26.61616325 6.62174034 -30.87739182
-34.92683411 2.99473763 -11.90739250
-22.58883476 20.33173943 11.99160957
32.13916779 -15.46326065 -0.21439192
9.39916801 32.90574265 -17.97639275
-29.81083488 -5.30726051 -21.06939125
21.40616417 -12.65726089 8.33360863
10.67216301 24.33574104 -36.29539108
29.22316551 20.68973732 -11.24939156
31.13416862 18.70673943 -9.42239189
26.26916313 4.68873787 -31.24739265
-12.23883247 22.82673836 7.67860985
27.50016594 -10.10226250 8.72060966
19.40416527 27.69073677 -14.89739037
16.96516228 5.02073860 13.43960762
-21.73883247 -9.25626183 2.01860976
-1.55083275 -15.35526085 -31.83039284
2.63016701 6.50673866 14.50460625
14.17216301 -20.02126122 -17.80239105
-34.79683304 8.30673790 -12.96339226
29.27816582 20.60173988 -12.44439125
29.09516716 6.89274025 -28.35239220
10.74216270 7.77374077 13.41160774
-16.55883598 23.47474098 7.39960670
-1.87383461 7.67674065 14.48860741
-35.98083496 6.13973808 -5.28039360
8.81616783 14.71174049 13.05860710
15.55416679 5.76674080 -38.00139236
-23.69483376 -10.67226219 -23.45239258
30.37316704 6.49373817 -27.09939194
31.91816521 17.91773796 -10.46739006
25.18516350 23.51374245 -8.89039040
-18.09183311 20.99273872 10.92360878
6.25716209 16.49273872 12.65260887
11.29716301 32.26774216 -8.47739220
-6.82583427 -22.35526085 8.75560951
25.24316216 21.67273903 -0.71139359
34.64216614 -6.50226021 -23.69039154
18.09216881 -0.30225939 13.50960732
28.65416527 -20.46026039 -11.72839165
22.99216270 -3.71225929 12.54660988
22.43816948 -4.41626167 12.48460960
36.52416992 -2.11126137 -21.95339203
32.52317047 17.25473976 -6.28439140
-19.10483360 28.52974129 -3.45539308
22.92516899 -9.63525963 -27.80239105
17.86916924 28.99773598 -12.83039284
4.39616585 -12.70426178 -34.14539337
16.25916862 15.93973732 -37.22439194
31.09316826 8.57173729 -26.24039268
-0.57183266 14.19074059 13.64960670
9.62716484 9.66374016 -40.13139343
6.33216667 -14.90426064 19.81160927
11.51216698 31.83073616 -6.62239265
17.21316338 6.14073753 -37.35439301
1.36916542 -16.52426147 -30.69939232
-28.56883430 -8.82426262 -8.44639015
29.69616508 6.43273735 -27.76339149
40.23716736 -0.08326144 -12.10739326
26.40916252 22.89873695 -12.49539375
-9.89083290 17.65574074 12.94560814
18.51416588 3.06173897 13.45860863
-5.81883430 -25.13726044 1.40160918
35.90016937 -8.41226006 -22.51439095
-10.35983467 20.53773689 10.45960808
30.61316490 19.20573997 -8.12339211
31.60416222 18.22473717 -11.80339241
-27.07783318 23.11673927 5.28360939
0.55216408 -17.01326180 -30.21039200
32.15116882 17.68773842 -9.27139091
23.41516685 13.24473763 10.75760841
-26.49583244 -10.21825981 -15.20839119
27.87016869 19.85873985 -19.79539108
12.46716881 -10.39326286 -32.72539139
35.78717041 -5.20525932 -22.73739243
-11.95583534 -19.51826096 6.34460640
-31.08483505 22.37073708 -7.12039375
22.71616936 -14.14526176 6.61160851
31.63416862 18.11773872 -13.33739281
22.10216331 -12.20126152 -26.09639168
-1.48983574 -11.29525948 -35.94439316
21.49816704 8.60673714 -34.82739258
-4.62983513 1.32573891 15.62060738
-13.69283485 -16.77026176 4.68460655
25.52116203 -20.04526138 -13.00139046
12.32916832 23.00873756 7.78660774
-2.75983238 -14.05126190 -33.11539078
-13.24083519 6.27374077 19.12961006
24.52616692 22.29274178 -1.15939164
-3.02483559 -13.22526169 -33.97839355
8.61316490 12.08773994 -40.51939392
23.50316429 -8.65226173 -28.16439247
-9.47383308 18.53174019 12.34360695
0.05916406 -16.23326111 -31.00039101
-32.57283401 19.95474052 -1.68139100
-23.90183449 23.83773994 6.28760719
30.03316307 19.86474037 -11.74539375
36.48516846 -2.87926292 -22.01139259
0.22316553 -12.44126129 -34.77339172
8.50416374 -22.04426193 7.71960640
25.77416801 1.40973854 12.50860786
27.34316826 -20.04626083 -6.97239113
4.09816551 27.90073586 3.73760772
1.24816704 -12.77926064 -34.39539337
25.47716331 22.88373756 -5.41439247
18.46716881 -4.72026253 -33.41239166
-20.07983589 21.03873634 11.02060890
10.37816429 31.75773811 -5.64639091
24.58216667 -9.35226250 10.12860680
-7.25783348 11.85873985 14.49560738
32.31716919 3.65773964 -25.34539223
14.30616570 17.58773994 -38.07739258
17.69916344 3.91773796 13.44960976
24.97116661 5.43873787 -32.45739365
1.09916496 -15.52126122 -31.69139290
24.61716270 17.40873909 7.26060677
-21.02883339 21.19574165 10.83860970
19.08516502 27.88173866 -12.14839363
35.74517059 -2.38426018 -22.74939156
-0.76383400 -12.06726074 -35.18139267
9.83716393 -7.42926216 16.43960762
10.05616570 8.77773857 -39.93539047
7.62916374 16.21373940 -40.58139038
14.02916527 30.59373665 -5.23039055
8.84116936 29.02273750 1.87660766
27.69716454 1.28074074 -29.54239273
13.63816643 8.17573738 -38.81839371
28.50816917 21.34173775 -12.02939034
17.41816521 29.29073524 -15.10239220
9.28316307 19.99573708 11.12660789
37.46016693 -11.69326019 -0.65639329
32.32116699 17.52573967 -8.19439125
-8.00883293 -15.68326187 -29.73039246
-2.52483559 -10.88026237 -36.32839203
-19.89083290 27.98173714 -1.87339234
-9.32383537 20.45473671 10.61360741
32.45716858 6.08273888 -24.93939209
-8.61983299 18.93773842 12.04860878
-20.07583427 -9.50626183 -30.60039139
22.52016258 24.49373817 -5.46539116
-2.38983345 -23.02626038 9.88560677
-0.50883293 8.99674034 14.38860893
26.43616295 -20.01726151 -7.33839226
16.33916283 8.70273781 13.46160698
12.04716301 30.13273811 -1.95739198
1.33016396 -14.39926147 -32.78039169
31.15716362 6.54873848 -26.29939270
35.04616547 -2.88226128 -23.42439270
32.44017029 17.39773750 -7.23239326
31.02916527 4.19273949 -26.52639198
29.86816216 19.95073891 -7.79539299
5.26216698 -3.59626198 17.57060432
0.87316704 -27.08426094 -9.11439323
-2.85083580 -15.02826118 -32.11439133
-8.74483299 22.38974190 8.52460670
17.51316643 29.09774208 -16.33239174
33.33716583 16.60373878 -7.22339058
10.74316216 26.08674049 -33.66239166
4.85216331 21.40474129 10.54160881
34.88016510 -1.87125969 -23.60039139
31.85216331 6.61173820 -25.55439186
1.14916420 -12.05326080 -35.11439133
-8.53483391 -21.82126045 6.22960854
-10.78483391 28.24974251 -4.29239082
21.52016258 -12.90226173 -25.64539146
-15.72183418 24.22673988 5.93360710
-2.79683495 -11.63026047 -35.63639069
1.76316643 -19.04726028 -27.54339218
22.57516289 9.13474083 -34.07539368
-6.76683235 -22.90026093 5.18960762
-18.33583260 20.41473961 11.60260963
7.28816795 32.84774399 -21.06039238
24.99016380 4.39874077 -32.42539215
-3.24383354 -12.48926163 -34.74839401
31.43716240 18.38173866 -8.24439049
30.75616264 7.55673790 -26.68139267
1.06516457 22.55674171 9.79260826
33.67716980 3.29173851 -24.12839127
33.20916748 16.71073723 -8.15439034
-20.51083565 21.83873940 9.99360847
8.88716698 -11.70626068 17.27660561
30.69016838 19.15873909 -12.67639351
-4.15583229 -11.77626038 -35.41139221
15.13716698 -21.50426102 -10.06739235
-35.20783234 -1.45826149 -7.96139336
17.57016563 26.90474129 -25.34539223
5.33216667 -22.22326088 11.81360817
28.39216423 8.28573799 -29.06339264
35.81816864 -3.14626122 -22.66939163
10.83616447 21.23774147 -38.55439377
1.63416481 -17.45826149 -29.65339279
-30.65283394 -6.91126060 -11.55039024
25.44616508 2.48373985 12.53360939
23.17016411 -19.92526054 -13.41839027
36.83616638 -0.49625963 -21.43239212
29.59716606 1.69673729 -27.79639244
-2.14683342 -21.54526138 -23.42839241
-0.90283394 -4.14925957 -39.83339310
25.66916466 4.67674065 -31.84239197
23.12116814 12.01173973 11.38760948
14.53716850 5.21874046 13.45060921
-0.59583473 -24.23326111 4.94060707
-7.16683388 -10.87326241 -35.65339279
-14.92883492 -15.25826073 -23.84639168
28.44016838 21.43374062 -10.78739357
38.02816772 4.43973732 -17.75639153
18.89516258 4.12174034 13.42460823
28.36416435 3.00274086 -29.03439140
8.35216331 13.31273842 -40.58839035
-11.47083473 -2.87026024 17.05560493
-18.90883446 21.06473732 10.91660881
-22.82183266 21.32074165 10.54660988
16.98416710 7.73373985 13.44560814
5.87616539 12.67674065 13.38060951
-5.58883476 28.21973610 -4.38739204
24.27316856 -9.26926231 -27.49239159
-34.85583496 11.45773888 -5.85739326
5.43816948 33.10973740 -17.36239243
5.63716698 -13.27426147 20.57460976
-35.68983459 -0.06625933 -7.75339317
18.92916679 5.25374031 13.39260674
-4.14783287 -27.05226135 -12.48539162
3.09316444 -16.05126190 -31.04439163
32.43917084 7.13073921 -24.86339188
18.11516380 4.88474083 13.42960930
31.84116936 -20.68626022 -13.81239128
-12.31683540 -13.75526047 -29.92139244
-18.79783440 23.27874184 8.03060722
32.89516449 16.94074059 -10.25839043
2.11316490 -16.03626060 -31.16539192
31.69116783 4.12874031 -25.89539146
29.93316460 7.60973930 -27.51039124
-29.81883430 -7.65126228 -12.17639351
34.34217072 -3.53825951 -24.05939102
8.75216484 -5.90926170 16.84861183
34.79316711 -1.01626015 -23.68639183
37.19316864 -3.42426109 -21.35539246
35.68917084 -1.41226006 -22.80539131
5.67616844 -22.23926163 10.89361000
0.02216531 9.56073952 14.31860924
11.83016777 7.03074074 -39.26939392
-4.41583443 -10.94825935 -36.17339325
27.74416924 -13.65326118 -23.82239151
28.23416710 21.47773933 -7.98639107
1.94716454 26.29374123 6.13160896
3.12816429 -19.53726196 -26.48939133
31.14216423 -16.27626038 -20.91339111
-19.62583351 -8.61525917 -32.11039352
18.03616905 7.29574013 13.40760994
3.80716515 -21.24526024 -23.45439148
34.60416412 15.20573997 -10.53139305
25.99616814 -20.10426140 -11.99339104
-0.26383400 -11.35526085 -35.86739349
22.04316521 8.44973946 12.61860847
7.58016777 22.78473854 9.28760719
30.20516777 -19.98326111 -15.44639206
36.41217041 -3.67926216 -22.11239243
6.24616814 27.41974068 4.75860786
8.14216423 -11.37526131 18.02060890
30.33916283 0.01873975 -27.02039146
14.39616203 23.37674141 6.40660667
0.53116417 -2.99526024 -40.14039230
-6.03883553 26.41273689 0.89160705
29.20016289 20.70874214 -9.83739281
27.49616814 7.80373955 -29.98539162
-1.39083290 -16.27726173 -30.92939186
30.47316551 8.51873970 -26.91239166
30.35016441 19.41374016 -7.02939034
-3.56283379 -23.02726173 11.46460915
0.06316567 -17.66426086 -29.48239136
15.57816887 4.46773720 13.46360970
19.12916374 11.05573845 -36.30639267
-29.38883400 24.31974220 -2.53939271
-3.50083351 -10.97126198 -36.22039413
-10.37183571 18.20273781 12.58860970
31.71616936 8.57473946 -25.53239250
16.77716637 28.68773842 -21.76739120
0.61816597 -23.04626083 10.77460670
6.02216911 -7.82826042 19.02160835
19.71916771 -20.07826042 -3.10039353
1.73816490 -23.10326195 14.49960899
-2.53283501 22.11274147 9.91660881
-9.57383537 21.43274117 9.55560875
18.24916649 9.97473717 13.30260658
31.58816338 18.20474052 -7.29139137
9.37016869 21.79474068 -38.72739410
26.37716484 8.13574028 -31.10839272
31.60216331 7.58173943 -25.76339149
34.12117004 -2.33526039 -24.27339172
9.32616234 -23.35426140 3.13360763
-16.16783333 -5.34826088 12.49260902
17.38516808 2.74273872 13.48060799
-12.00783348 16.03973961 13.92660713
7.19316673 17.09374046 12.48660851
-18.77883339 -14.59726143 -4.77139091
3.35716438 -20.64826012 -24.58439255
12.91616631 6.79073906 -38.93139267
21.82916832 -13.61726189 -24.86839104
7.89416313 17.97373772 12.19760704
3.09716606 -21.71826172 -22.89139175
19.03116417 22.65173531 4.69160652
-27.88083458 -8.53326225 -19.41439247
2.34116554 -15.24426079 -31.92139244
-20.30883598 23.92773628 7.08960915
-2.25683403 6.78973961 14.58260918
26.23416710 3.73573875 -31.26239204
-23.95183372 -8.71225929 3.82360625
0.84016609 -26.89126015 -2.72639298
-7.78283501 -18.96826172 -25.20939255
-10.70283318 17.55974007 13.02560997
18.21916771 6.04973793 13.40460777
-27.18183327 25.06473732 0.10260943
-7.97583580 -11.29226112 -34.99039078
-1.53683281 -22.01926041 -22.69839096
37.15116882 -4.27326012 -21.48339272
29.88016319 19.98873711 -12.79639244
9.81216240 -5.71326256 16.19760704
23.46216393 24.14973640 -17.60439110
26.86516380 -20.11826134 -9.02539253
21.33216667 10.00773811 -34.84839249
-19.04783440 -8.00926018 6.78660774
-10.04583549 -23.67526054 -17.25939178
33.94616699 16.07773781 -8.07739067
22.99716759 -2.73426247 12.71760750
25.63316917 4.94774055 12.26861000
13.90116692 -1.24826241 14.13660622
-29.40183449 -7.96925926 -13.14639091
-7.56683540 25.38273811 3.24260879
8.45216942 17.36773872 -40.30939102
26.37616539 -12.39926147 -24.93539238
23.39516258 24.52173805 -9.27539253
-15.48083305 18.63673973 12.85960960
19.86116600 10.99173927 -35.79239273
-3.68183327 -23.57026100 -20.13739204
23.37516594 22.33973885 0.75660872
5.52216911 -25.79126167 -8.45139122
20.27916527 26.98974037 -15.21339226
-9.14883232 12.21174049 14.70260811
-0.60683250 -16.99926186 -30.21439171
-3.41083336 21.58773994 10.29160881
22.08816338 -20.04126167 -6.12339211
-10.41883278 -20.69926071 6.26160622
16.13216209 30.10873604 -16.60039139
2.43116570 7.54673958 14.36560631
-15.13083458 28.83574104 -4.86639214
29.94116783 9.03273964 -27.40539169
-28.91783333 -8.44926262 -12.51039314
24.88616753 6.47973824 -32.51939392
-12.60183525 23.63473701 6.43060875
-28.75683403 -8.52926064 -13.59939003
-25.54883385 -10.85626030 -16.27639198
22.73516655 -19.90126038 -4.84939003
33.41217041 -21.28826141 -12.81339073
26.34116936 -20.13026047 -11.20539284
0.47616768 -11.71526146 -35.48439407
-19.36383247 20.36673927 11.78660774
7.63916588 -11.94926071 18.52060890
15.38116264 27.85873604 -1.08439088
-1.68883324 -27.71726036 -6.82039070
1.94816399 -13.51626015 -33.63839340
36.04917145 -0.47625917 -22.35539246
25.40816307 8.13173866 -32.02939224
-21.69983482 22.56073952 8.90060997
7.24916649 -2.25325966 16.33560753
23.66716576 8.93073845 -33.35239410
24.99316216 3.42873955 -32.35139084
24.46016502 -19.93426132 -13.75239372
8.20316887 -12.39926147 17.95360756
-3.84283257 -13.84026146 -33.31839371
18.47516441 4.42273903 -36.59539413
-20.02083397 27.68174171 -1.15539384
-28.31783485 -7.92326164 -20.10439110
7.39816856 -10.84726143 18.67260933
24.26516533 -15.89926147 -22.13539124
10.08416557 17.19673729 -39.99639130
16.06816673 -20.02826118 -16.08939171
17.07316399 -19.91026115 -15.70139122
32.29917145 8.11474037 -24.90739250
8.07416344 14.26774025 -40.62839127
8.70016289 -24.56726074 -2.20039201
35.41217041 -4.11626244 -23.06839180
25.82516289 -16.08526039 -21.90639114
-34.93083191 11.61973763 -3.87239289
29.47816277 -4.05426216 -27.05939102
-14.08783531 21.83574104 9.20960808
32.87716675 -18.88026047 -3.64439225
12.11816216 28.56673622 0.88060927
40.55916595 1.65773964 -10.80039024
1.35316658 8.12473869 14.37760735
-11.57183266 26.70774269 -0.38439390
-24.60883522 23.99473763 5.61660957
24.16916466 3.72173882 -32.98239136
26.56016350 -2.10825920 -29.44839096
22.60916710 25.20373726 -11.59939003
-4.51483345 -12.74526024 -34.40039063
34.34317017 15.78174019 -7.29339027
16.43816948 11.25773811 13.41860771
-3.86183357 -14.66626167 -32.43639374
2.33316612 -16.66126060 -30.50239182
6.77616692 -12.28926086 19.36160469
32.43316650 17.37273979 -11.29739189
34.46216583 -4.74426079 -23.93839264
10.54516411 32.74673843 -15.90439224
5.93816948 17.23473930 12.45960808
-1.74683571 -23.13826180 11.48160744
3.39216423 33.13773727 -16.69539261
23.05716515 -19.41726112 -16.08939171
3.44916725 -15.06426048 -31.99339294
2.11316490 -12.01226044 -35.06939316
34.32616425 15.31073952 -11.42239189
-17.58983421 -15.04826164 -18.48739243
25.82516289 23.21973610 -9.73039055
-14.62383461 28.38173866 -3.70539308
11.02216911 32.66674423 -14.59939003
33.04616547 16.83373833 -9.11439323
-30.52683449 22.06373787 0.33460787
5.65516472 23.26774025 9.25960732
13.18016624 14.78973961 13.21060753
12.86916924 28.10074043 1.10060668
8.56116295 17.06373787 12.50060844
-12.19283485 6.93873787 17.58860970
8.16616631 32.13373947 -6.64839363
9.66416740 12.97073936 -40.28939056
-35.49683380 3.21473885 -9.58739281
8.64516258 -3.74126244 16.28260994
-9.35083580 5.09973717 15.92460823
29.42216301 20.40173912 -13.32539177
12.00016594 11.30274010 -39.51439285
39.18716431 7.06173897 -14.17239189
-29.47583389 23.02573586 0.72160888
29.33816338 19.59973717 -17.06939125
37.32817078 -8.64225960 3.19060683
20.24816704 -20.19126129 -5.10339165
-0.89283562 7.82073784 14.48360634
26.12416649 -15.27426147 -22.77539253
8.70316887 -12.92426109 17.38260841
2.85816765 -26.66026115 -8.01239204
7.25916862 8.48974037 13.61760902
17.24516869 29.53473854 -12.39539146
2.04516411 24.98373604 7.85860634
30.97016716 -11.68326187 5.39760780
-7.21883583 -24.54826164 -17.39339256
-3.87683296 -13.18126106 -34.01139069
-8.84683418 -21.56426048 7.03860664
23.80916405 21.37173653 2.46360946
-13.67783546 29.24974251 -6.29639244
25.60716820 3.68474007 -31.86839294
9.70716667 17.16473961 12.48860741
14.01816368 30.74273872 -20.68339157
29.42816734 16.49674034 -23.19439125
22.13616753 -17.25526047 2.52160811
25.92416954 -4.32726097 -29.02539253
17.60116386 -20.72126198 -9.58439064
36.77716827 6.60373878 -18.96239281
-20.44783592 24.75473976 5.76160622
17.47716331 8.92074013 13.42260933
28.76116753 21.09774208 -8.79039192
10.64816856 -9.07325935 15.89960670
20.16316795 25.69973946 -22.25339127
-34.76083374 12.10473824 -6.48939323
12.32216454 -8.90926170 14.69660759
32.60717010 15.09073830 1.28160644
29.52216911 0.52773863 -27.74339104
-5.32483482 -2.65826225 19.24360847
14.20616722 11.22773933 -38.82039261
38.46817017 -1.23026085 -19.35539246
-20.07583427 -13.31326103 -21.81039238
29.14816856 8.25173759 -28.27739143
11.26016808 6.71273994 13.44260979
7.18416405 16.13273811 12.73860741
32.93016815 -5.00526237 -25.08739281
34.63616943 15.34173775 -9.62639046
33.48217010 16.39573860 -9.74439049
37.79116821 6.65073967 -17.13039207
10.06216240 -9.27926064 16.34160805
-6.20083427 0.55473906 15.73460960
-13.49683571 6.96973991 19.45160866
26.97016716 -16.00826073 -21.93039131
35.19516754 14.71174049 -10.15639305
-23.34983253 23.01273537 7.84460640
35.55616760 0.57374007 -22.75839233
-1.39783287 -19.55126190 -26.78539276
11.60616875 0.07473951 14.52060890
8.11916924 -13.62926102 17.96261024
35.12716675 -8.49926186 -23.06439209
18.88616753 27.91774178 -17.06839180
-10.18483543 -10.51326180 -34.99239349
11.68216515 -22.42326164 2.40160918
11.53716850 20.18474007 -38.72939301
21.51316643 7.34973717 -34.84139252
20.51616478 26.24273872 -19.18639183
-21.87483406 -7.98626137 9.41460991
4.56616402 -26.08426094 -9.32439232
-11.45783424 29.12373543 -6.29939079
-8.38483238 20.99773598 10.16260719
7.04816246 12.99873924 13.30660820
-9.14283562 -24.30526161 -16.87139130
-33.70583344 -3.38226128 -9.77239037
30.84216881 18.92973900 -13.77139091
33.17417145 5.38474083 -24.27039146
13.73816490 31.72374153 -13.74139214
3.66016579 21.18973732 10.70060921
22.57016563 -12.77026176 -25.45239258
12.31216240 18.04373741 -39.07739258
4.83616447 22.67773628 9.72960854
18.10916710 16.99674034 11.68360710
11.17816734 3.22373772 13.99060631
0.46416664 8.92173958 14.35260963
35.19316864 -0.34826082 -23.25539207
-27.78783417 -8.84425926 -2.74939179
35.52416992 7.87973976 -20.42139244
3.98216438 -14.08326149 -32.87939072
24.96216393 -15.46626091 -22.64239120
23.24516869 8.21673775 -33.68739319
0.67316628 -23.06226158 11.70460701
-24.83683586 -11.33025932 -15.31739235
16.20516777 10.12774086 -38.04039383
-31.48983383 22.06373787 -5.49839211
24.75916862 7.53473854 -32.60939407
23.88516808 -15.35926056 -22.76039124
27.72916222 20.60873604 -18.16239166
-8.29483604 21.75174141 9.36860847
2.48316765 -12.73026085 -34.37239075
13.35516930 27.38773537 1.82760787
20.36416435 9.29373741 -35.57539368
-1.59383583 22.69874001 9.46560860
18.14216423 28.68374062 -11.65739250
-14.75783348 -12.92726135 7.18360710
-14.75883293 -15.17226028 7.83360863
1.69616508 -11.24025917 -35.79939270
22.48416710 7.86973763 -34.19439316
22.24716759 5.63373756 -34.35939407
20.63716698 -19.01226044 -17.48839188
22.03216362 -19.59826088 -15.43839264
22.41016960 23.47374153 -0.90839219
27.21816826 8.83073997 -30.26039124
-19.54083443 23.81073952 7.28160667
-8.72483253 26.16774178 0.76860976
0.70516396 -10.90926170 -36.19139099
-2.54383278 21.36773872 10.53460884
-2.58483315 22.84073830 9.22860909
-2.15683556 23.35673714 8.77160835
-5.91083336 -27.76325989 -4.10439110
-29.38583374 -8.28026009 -7.89339256
30.93616295 18.85173988 -7.39639091
2.56316566 -22.99226189 10.78460884
33.84117126 15.97873878 -10.51139259
27.84016228 -19.96726036 -6.29739189
6.23616600 -18.42226028 -26.95839119
-17.67283440 -10.85825920 -30.52039146
-19.76383400 -7.24326134 12.36560631
2.01716423 25.66073799 7.06060982
30.08916283 -17.65626144 -19.50839233
-2.65983391 -15.88926125 -31.25239182
22.42916679 25.37874031 -12.55939293
10.88716698 -6.86525917 -36.00639343
6.21316338 21.09874153 10.67960930
3.81416512 22.09073830 10.14361000
2.99616432 21.60573769 10.45060921
26.67416954 -19.63526154 -4.80639076
-32.03283310 -6.25226021 -6.85439110
27.56416893 22.14473915 -11.47539330
0.04116632 -9.45026207 -37.31239319
33.89316559 16.06173897 -9.10639000
-4.63883400 -17.10026169 -29.46939278
-29.28783417 24.87973976 -6.14139366
21.68916893 25.32374001 -7.81839180
9.24416924 32.10374069 -6.64239311
13.58016777 18.50473976 -38.26439285
7.70016289 -3.42526054 16.60360909
-28.12583351 -9.07426262 -13.11239052
34.29716492 -0.13826174 -24.08339119
28.10616875 2.17473793 -29.24639130
-7.59283257 -22.09626198 9.35160637
28.99916649 13.95973778 6.76460838
18.44516563 28.42173958 -15.51739120
27.59816551 -16.86826134 0.50560927
-11.05883598 28.64373970 -5.22539330
7.44916344 -25.11826134 -8.13739204
24.56616783 -14.61026192 -23.50439262
31.30916405 18.32873726 -14.51339149
-7.08983421 -0.32925981 16.02160835
30.04516411 19.73473930 -13.74239159
33.93817139 -1.10626030 -24.42939186
3.01116753 23.49073982 9.22360802
15.46516228 -19.88526154 -17.04139137
12.34216881 27.32174110 2.64060760
-0.45783424 -22.06126022 -22.66239166
-0.69683266 -23.61826134 6.85960960
-10.61583519 -16.04326057 -27.29839134
24.09916496 6.92473793 -33.12939072
8.29616356 32.65874100 -8.78439140
-4.23783302 31.29274178 -10.81239128
10.84416771 -7.87426186 -35.39339066
18.66116905 27.19073677 -21.74639130
36.22616577 12.64573860 -13.03239250
-3.17983437 30.57873726 -9.33339119
34.29416656 14.60873985 -14.44039345
32.18917084 -20.40426064 -14.75839043
14.35616875 16.55874062 -38.29339218
5.03916740 -23.93026161 4.96060753
22.73916435 -19.03926086 -17.20939255
14.77616692 -5.67226219 13.78660774
33.38317108 -2.90926170 -24.85439110
22.07316399 -5.85825920 -30.63339233
19.99416924 21.80674171 5.43260765
-29.80783463 22.49573708 1.35460830
18.18816948 27.88473701 -20.50439262
-4.16383553 -10.19326210 -36.80039215
-10.40983391 -7.12526131 -37.91039276
-19.80983543 25.85373878 3.39460921
-13.06983376 14.64373970 14.85560799
-20.59783363 20.25473976 12.05360985
4.12616539 -26.09626198 -2.15439057
8.50916862 -10.37125969 17.64261055
6.91116905 -13.87726021 19.26260567
10.35216331 29.19874001 0.86360717
23.32016563 7.30773735 -33.65839386
21.75716209 -18.93926048 -17.55639267
24.75516319 -10.13326073 -26.82239151
-12.83083534 -18.58226013 4.67360878
-19.54683495 -13.08226013 -23.57639122
31.77416801 -21.26426125 -10.36039162
13.01916313 32.03773880 -13.33839226
22.50116539 6.62273979 -34.19639206
16.75816917 25.59573555 1.48660827
-34.71283340 -3.03326225 -7.04839134
30.55016899 -15.70526123 -21.59839249
36.39216614 -4.62326241 -22.18539238
24.19816399 5.96073723 -33.06239319
4.78116417 18.30874062 12.15360832
-14.51283455 -14.67726135 5.82760811
-0.90883446 -22.45326042 -22.02339172
-13.00583458 7.02573967 18.60260963
-4.95183372 -27.78425980 -4.35439110
10.14516258 -8.41426277 16.27760887
23.40416527 24.67973518 -14.52639198
9.51116753 -9.87326241 16.77760887
29.49516869 19.12973976 -17.95839119
-5.65483284 -13.14426041 -33.80439377
22.71116447 25.19474220 -14.16539192
-32.38383484 -6.06426048 -5.70639229
-3.45583534 22.48273659 9.45760918
-0.17583273 -5.08426094 -39.44139099
17.71616936 22.59173775 5.63960838
7.41616631 32.22874069 -7.08939171
-20.68983269 22.58973885 8.96960640
33.33616638 6.60573769 -23.91839218
10.84116936 32.73974228 -13.20539284
22.90416527 5.75773811 -33.93639374
14.55416679 31.32973671 -14.29839134
10.88416862 29.55974007 -0.10339186
-4.26583290 -24.34026146 -18.78539276
-22.36583519 -11.94226074 -22.15539169
23.42016411 -19.75126076 -14.71639061
-1.67383385 -16.98226166 -30.19439125
36.08516693 4.41773796 -21.08639145
9.52516747 -8.96626091 16.75860786
-6.37483406 -6.34726143 -38.92939377
22.11116600 25.60473824 -14.71939278
23.43816948 6.33473778 -33.58839417
22.47516441 -17.03426170 -20.68139267
-1.35283470 -17.67026138 -29.41339111
19.06216240 -14.13226128 -25.26439095
31.31116295 -0.50726122 -26.28539276
-13.06783485 -18.18126106 5.88360786
5.08616447 -2.33126259 17.01460457
2.62716484 18.06973839 12.32360649
-33.84883499 16.55773735 -6.96339226
40.14116669 2.12473869 -12.93639183
15.67516899 30.74773598 -12.96539116
20.75816917 26.60473824 -13.25639153
34.72116852 0.75274092 -23.58839226
-28.06483459 -9.09726143 -13.95439339
0.19416620 7.67573738 14.48360634
26.63616753 9.30174065 -30.80539131
-31.68383408 21.87373543 -4.49039268
37.69216919 -8.10025978 -21.25439262
8.01016808 13.85973930 13.18460655
21.13616753 26.33773994 -14.60339165
-29.06583405 -8.38126183 -11.28939247
19.91316795 27.29174232 -13.97539330
21.63116264 19.79373741 7.18060875
23.27616692 0.90674025 12.95460701
25.01316643 -18.00726128 -19.13939095
-0.38983345 -10.48026085 -36.60339355
-10.44483376 23.04374123 7.37660789
22.23116875 10.08473778 12.28060722
0.46816444 -19.95826149 -26.20539284
29.02916527 -19.94626045 -15.30639267
-30.77883339 20.91173744 3.21860671
15.32016563 -20.74526024 1.11460662
15.25616264 29.48774147 -4.57239342
-3.42583275 -16.35926056 -30.67839241
9.33416557 -10.81525993 16.90260506
24.95716667 -16.14226151 -21.84339142
4.21916771 -26.24626160 -8.02639198
14.75716209 9.70873833 -38.56539154
-17.30983543 -10.44125938 -31.46739197
24.35316277 -16.50526047 -21.34839249
9.70016289 -17.91226196 -25.77239227
20.69816399 -18.47926140 1.11460662
-0.99183464 -18.95026016 -27.74439240
-4.58483315 -14.29726028 -32.77239227
-19.00983238 28.82374001 -4.46439171
10.01316643 -6.60926247 -36.53339386
23.57916832 -14.75126076 -23.42039108
5.31016350 -25.88226128 -7.26939201
15.31316948 29.67273903 -21.91139221
27.43716240 2.08773994 -29.90539169
-7.87283516 19.49873924 11.59360695
19.54016685 8.53373909 -36.15239334
2.69416618 -23.06226158 9.68160820
7.42016411 14.96473885 12.99260902
22.89516258 24.97374153 -15.37339211
-21.22383308 -7.90926170 10.02960777
7.19316673 -24.98626137 -1.12039399
-6.34383583 -5.42826271 -39.39439392
24.20716667 24.20473671 -11.01239204
3.85216713 12.81873894 13.47460747
-28.12883377 -9.08625984 -12.16239357
23.22116661 -16.19726181 -21.76539230
17.87216759 23.22274208 4.54460716
23.42716789 -19.61826134 -3.54239106
25.88216209 -17.74626160 -19.58339119
-4.58983421 -7.92725945 -38.20739365
28.07316399 9.13273811 -29.36839104
-31.40083504 -6.86626244 -5.81839180
22.40016747 -16.01726151 -22.08239174
0.50516701 -23.11526108 9.63260841
-10.18683434 -22.85226059 2.66060805
5.85216331 -24.09126091 3.90960860
-31.28583336 -6.06826210 -12.30739021
31.79816246 16.09473991 -19.16639137
1.34716606 -23.07426071 12.51160622
20.72416496 25.43773842 -5.25439262
26.69816399 22.76574135 -11.67339134
3.06816673 -12.08626175 -34.90439224
7.31016350 15.01573753 -40.71639252
28.80716515 9.03373909 -28.60939217
31.45716667 -15.59826088 -21.45839119
24.01516533 -19.12826157 -16.91739273
24.14916801 13.90873909 9.99060631
17.94616508 9.88574028 -37.14639282
5.05716515 3.45173836 14.93360710
-8.12783241 -24.76126099 -16.66639137
2.48216438 -26.75426102 -6.98839378
-21.70883369 -12.62326050 -21.03439140
17.37616539 29.35973549 -11.20239067
-18.65883446 19.64573860 12.52460670
-31.20583344 -6.97625923 -6.89239311
20.74916649 17.34173775 -32.93939209
-2.53883553 -16.64426041 -30.47939110
8.69316673 2.48873711 14.59460640
2.70416451 -14.28526115 -32.83439255
-4.26383400 20.78473854 10.84260750
25.02116203 -17.47426033 -19.97639275
4.63716698 9.65574074 13.83260918
24.16916466 24.16874123 -14.25639153
-9.06283379 17.78573799 12.85060692
-34.88483429 11.51074028 -4.92539024
-9.13083458 16.85473824 13.33760643
23.24716759 24.82773781 -12.09239006
18.08716393 28.59573555 -16.76339149
-9.50883293 -8.02126122 -37.45639420
21.56216240 24.88373756 -20.86439133
-0.00283240 -24.52726173 4.21560860
-21.48683357 -12.90826035 -14.86839104
-3.21283531 -25.85526085 0.58460784
36.81517029 -18.32026100 -1.33739305
12.39816856 -22.76726151 -9.59939003
-15.25583458 -11.57426071 -31.23639297
22.51216698 24.83973885 -7.76739311
3.83516502 23.14573860 9.46160698
-19.87683296 25.39973640 4.50160789
-30.24583435 21.12674141 4.22660637
14.90116692 30.67373848 -18.11539268
25.36916924 2.81073952 -31.97139168
-12.78883553 24.39673805 5.08560753
-3.80283546 -22.75926018 -21.36639214
-28.58583450 25.57074165 -6.64839363
-7.86083412 -12.22026062 -34.09539413
23.97516441 7.91873741 -33.19539261
-3.12183571 -10.08625984 -36.92539215
20.50616264 8.01674080 -35.51039124
13.34016228 31.55974007 -17.50039101
-30.58283424 -6.77826118 -12.76539040
-3.58683586 -2.55825996 -40.64339066
22.46916771 24.99773598 -8.77439308
33.21916962 15.47574043 -0.65839219
-3.84383583 -22.93326187 9.85260963
29.73416710 -8.98826027 8.75560951
27.59816551 15.19973946 -27.24739265
25.09216881 23.58574104 -13.93839073
2.15416527 21.57873726 10.46460915
-16.25483513 29.01674080 -5.17839241
-1.89583397 24.59974098 7.38160896
3.45316505 -26.48026085 -7.07639122
35.84016418 14.63673973 -7.46439171
-5.70983315 -7.79226112 -38.19939423
-29.98483467 -7.32126045 -13.47239113
4.10116768 20.25773811 11.24260902
3.58716393 -26.44926071 -8.78139305
20.42516899 25.42473793 -4.39739037
21.17216301 7.85074043 12.90760994
6.56116295 -25.44826126 -7.55339241
-23.03283501 19.82173729 12.70060921
-8.27483559 13.59573936 14.32060814
23.62916374 -17.01726151 -20.62739182
26.91916466 -17.71626091 -19.65139198
-14.54583549 -13.18326187 2.70460677
-19.90583229 -13.71426010 -16.47639275
-11.42283440 23.25274086 7.02060890
-16.59383583 24.63673592 5.41660881
-17.44083595 20.49473763 11.38360786
6.97416496 13.98373985 13.16960716
-22.83783531 -12.47526169 -18.30739212
3.18116570 33.21374130 -20.49739265
-31.99183464 -6.48526192 -5.01839256
23.42916679 24.72374153 -13.28239250
-17.58683586 19.77273750 12.17660713
23.14716911 -11.74926186 -26.17239189
-20.45583534 -7.75226021 10.18060875
-12.80383492 -19.71926117 -19.24039268
24.54316521 -17.09326172 -20.52339172
-12.16683388 8.03074074 17.30560493
-11.23683357 -20.11126137 6.56460762
21.58616447 4.87973976 -34.77139282
25.46116447 -16.86026192 -20.87639236
-0.08983421 -20.59126091 -25.16639137
11.14316368 30.32174110 -1.74939179
1.59716606 -26.97926140 -7.52139091
27.64016533 -17.92426109 -1.42539048
-4.10183525 11.71573830 14.34160805
1.83416557 22.32773781 9.97960854
-0.90483284 -9.68926048 -37.21539307
-32.74583435 -5.88926125 -4.80639076
28.43416405 21.43673897 -9.76339149
8.68716240 -24.67126083 -7.21039009
3.63516426 -22.87726021 10.61460686
27.71316338 -18.89026070 -3.23739076
8.60616875 31.70373726 -5.02439308
-8.42883492 18.23873711 12.55160713
-20.27683449 26.27874184 2.29160857
31.04416466 -19.73426056 -16.16539192
16.53816795 -21.10726166 -4.14939308
32.63716888 -20.03226089 -15.65939140
-36.34883499 1.87373924 -6.46739006
0.30816460 21.84974098 10.25860786
7.10316277 -25.26126099 -6.58539009
-32.84883499 -5.53226280 -6.36039162
11.44116783 17.11773872 -39.61439133
10.99016380 32.68674088 -11.88239098
-7.79283333 18.67373848 12.24060631
-3.25483513 23.48473549 8.39760780
24.26316643 4.96874046 -33.00239182
-11.60083580 -13.40626144 -30.94939232
13.13316917 -22.41126060 -1.19839311
-26.66283607 -9.89526176 -17.94239235
-3.11483574 20.84674263 10.89160728
-33.54683304 17.92873955 -5.48439217
32.33216858 -21.19126129 -8.36939049
21.01516533 24.98273659 -22.03639221
13.82016563 -22.11126137 -1.78739381
-14.95183372 -14.55826187 8.34660912
15.06816673 6.82473946 -38.26339340
-1.89783287 -23.08726120 9.26861000
13.07716942 11.33573723 -39.18339157
5.03116417 -21.36126137 -22.74739265
7.75016594 6.50974083 13.83760643
26.49116325 -17.24626160 -20.34039116
10.73116875 6.68873787 -39.57139206
-27.70583344 -8.97026253 -3.79339051
-0.32583427 -19.49426079 -26.95339203
23.53516960 5.41374016 -33.52239227
2.14216423 -23.00526047 12.37360954
-7.88483238 -1.26526070 16.57060814
-16.61783409 19.85774040 11.90960884
-4.77383232 -24.86926079 -17.73339272
-18.37283516 -14.53826141 -19.38339233
29.75916862 -17.09026146 -20.26339149
-20.47083473 -11.21326256 -27.06739235
16.44116783 30.21174049 -12.64339256
15.56816673 30.58173561 -15.95439148
2.80116463 22.51474190 9.87560844
-7.28283501 -16.32726097 -29.24139214
-1.82483482 -10.13226128 -36.89939117
4.79016685 -19.68726158 -25.70339203
27.09416771 -15.99726105 2.52660918
-1.43083382 -22.82126045 -21.45639229
5.40516472 20.38173866 11.16860771
1.26616478 -27.01726151 -4.79039192
1.07716560 -20.47226143 -25.31439209
3.65016747 24.15073586 8.72360802
-13.83283424 24.66273689 4.70160866
-11.41983604 -9.27226067 -35.85139084
-2.04983330 -22.40826035 -22.06639099
-30.32383347 23.51273537 -6.91939354
28.57816887 -2.26826286 -27.93939209
10.63716698 -5.54026222 15.71260643
6.20516777 -25.56826019 -6.40139198
-2.58383369 -22.95226097 -21.21639252
24.62516594 2.08973885 12.68660927
-33.33483505 18.17373848 -1.67439103
-27.87883377 -9.28026009 -9.47539330
-0.35583305 -22.89226151 -21.32639122
22.05816460 -19.82026100 -14.20339012
-1.63283348 21.67074013 10.32060814
-27.35783386 -9.63026237 -13.74539375
12.23216820 -8.83725929 -34.02839279
-5.06183434 -27.57726097 -3.49039292
-31.31883430 -4.83126259 -16.47039223
11.67816734 32.50774002 -13.73939323
27.82716942 12.16274071 -28.97339249
-4.03983498 -9.06525993 -37.56639099
-30.01383400 -7.09726143 -14.63239098
2.76116753 20.65173531 11.02460670
-2.21483421 30.01973915 -7.87239265
-21.54883385 -11.34626198 -25.21139145
1.79216576 17.68474007 12.48460960
-1.84483528 6.13273811 14.68260765
-3.30883598 -21.36626053 -23.55639267
30.48716545 19.15473747 -14.66139030
-0.63083458 22.16473579 9.98160744
18.99916649 27.77373695 -10.67339134
1.94816399 23.28973579 9.30560875
24.13116264 -17.71126175 -19.58939171
34.01616669 -17.06826019 -1.81139207
-35.79683304 3.50773811 -8.41139030
23.13316917 3.69373894 -33.69539261
11.54016685 32.55473709 -12.43739128
-0.53983498 -18.33826065 -28.63239098
-7.97583580 16.47273827 13.44660759
27.96916771 -18.01926041 -19.17739105
-19.70183372 22.51173592 9.11960793
-3.28583336 -22.30926132 -22.10739136
-2.37283516 -17.26326180 -29.80439186
-35.59683228 1.43773842 -8.87539101
-28.59983444 -8.50626183 -2.44839311
22.60816765 25.28273964 -13.39739037
-4.66383553 29.05874062 -6.39439201
33.02716827 -0.70525926 -25.12739182
26.67716789 -16.67326164 -21.12639236
-0.45183372 7.12673759 14.54660988
-29.34983444 -7.87125969 -14.37839317
9.79216576 -11.68226051 16.39260674
0.92616463 25.28773689 7.30760765
22.75616264 4.81574059 -34.01539230
4.39216423 -26.18526077 -6.96339226
11.91816521 20.05073738 10.92760658
11.30116844 19.44573784 11.40060997
28.60016441 -12.70726013 -24.24539185
13.03116417 13.08973885 -39.24039078
26.85716820 -19.02826118 -3.19439149
-6.81783485 -23.31026077 4.10360909
11.05716515 -8.26226234 15.62460899
23.92616844 14.88773918 9.63660622
-17.73283577 28.11973763 -2.30839372
1.22316551 21.65574074 10.40860939
34.11016846 15.77374077 -3.93939042
-2.30983543 3.32073784 15.26861000
0.69216728 -19.31226158 -27.23839188
22.75716209 -15.42426109 -22.76439095
0.45816612 -22.03326035 -22.70739174
-7.60383415 -5.14925957 -39.47839355
19.33416557 26.38573647 -22.50439262
13.84116936 7.15674019 -38.68139267
24.42616844 23.84373665 -8.04439354
21.46116447 25.57873726 -18.65739250
24.29316521 -19.58026123 -15.59039116
-4.07383537 18.82773781 12.13360786
9.20716667 13.49973869 13.25460625
29.21116447 -18.05726051 -19.06039238
6.37616539 -17.21526146 -28.50739098
23.39116478 24.41573524 -8.22739220
33.20217133 -1.70326042 -25.00839233
22.98216820 -13.56326103 -24.63539124
22.49916649 -5.05626106 -30.83639145
15.08416557 28.84273720 -25.21039200
0.17416574 -22.44026184 -22.03539276
9.58416557 -2.24025917 15.50260735
-20.36783409 -8.52026176 5.44160652
-21.97983360 -12.84926033 -18.90139198
-33.15483475 -4.13525963 -10.22739220
9.17716789 32.56473923 -8.54539299
-9.83283424 28.43274117 -4.88739204
-3.92283440 -24.87226105 -17.91639137
19.45316887 -17.81226158 -20.03539276
9.18216515 31.83073616 -5.53439140
4.81216240 -21.79826164 15.27660942
24.22616386 23.55373573 -17.50439262
14.32116508 24.08073616 5.57960701
-3.23783302 6.72973824 14.60460854
18.83616447 -20.23526192 -12.16139030
18.54916954 26.92373848 -23.04139137
24.66516685 -19.81726074 -14.65139198
3.10016441 -13.40626144 -33.66639328
-0.98483467 15.54273796 13.32660866
-4.62783241 -27.56925964 -10.42339134
0.65416527 -18.27726173 -28.72239113
14.41516685 -16.50426102 -24.62639236
-31.12483406 -6.04226112 -13.28539085
32.61416626 -20.74426079 -14.01239204
1.67016411 -26.95426178 -6.16439247
30.52916527 -5.92025948 -26.23639107
32.35816956 0.19273955 -25.56439209
-9.87583351 -12.83026123 -32.60639191
-25.37683296 -10.86226082 -18.20839119
-18.31483269 29.66974068 -7.22139168
-0.73883247 -20.10426140 -25.95039177
-4.85883522 -15.01926041 -31.90939331
-1.98483467 20.61374092 11.07060814
-20.34483528 28.40873909 -3.14839387
-24.94883537 -11.22226143 -14.56739235
25.75316429 23.33474159 -11.69339180
-9.39483452 22.99273872 7.57260704
-19.37783241 19.25274086 13.15060997
18.56616783 8.98473930 -36.76739120
-14.56683540 -13.81126022 5.19560814
7.70916557 -24.92726135 -2.10739350
-31.99583435 21.13473701 -6.42339134
5.00516319 9.77374077 -41.51839066
25.32616234 -12.33526039 7.58760643
-2.50583458 -23.47626114 -20.42939186
-0.00183295 -21.62426186 -23.40439224
29.70716667 19.89473915 -14.79739189
33.39916992 16.50274086 -6.22439003
5.10616875 24.87373543 8.06060982
2.58216667 24.26973915 8.57860756
-20.04383278 23.26873970 8.05360985
-1.18383598 6.79773903 14.58660698
-16.72983360 19.03074074 12.76060677
-14.82283592 -14.07026100 7.67560768
-19.88983345 24.30473518 6.52360725
-22.22383308 -10.53526115 -26.20639229
16.76716423 20.31073952 9.37860680
15.24516869 30.62874031 -17.07939148
22.67116356 -11.70126152 8.80660820
21.42616844 25.64773750 -8.86239052
-29.90583420 -7.92526054 -7.18739128
7.54716301 -13.09026146 18.61060524
-4.97583580 -7.04026222 -38.65139389
17.29216576 3.94774055 -37.10339355
19.17916679 24.81173897 0.29260805
35.23616791 15.13873863 -6.86639214
-5.80883598 2.62973976 15.36160851
9.97116661 -10.72625923 16.33660698
5.97816277 -12.59826088 20.17960548
-1.80983543 -26.85026169 -1.57639146
22.90616417 -17.65826035 -19.72339249
-0.08683585 -25.65226173 -16.06639099
24.37316704 24.13874245 -11.98439217
4.37816429 33.12874222 -18.48539162
27.66816521 22.05774117 -10.22739220
33.25917053 -3.35125923 10.99560738
-21.56783485 26.94173622 0.34160784
7.29716301 4.58773994 14.33160973
5.58516502 -14.29026031 20.63760567
-18.16583443 28.40574074 -3.06439042
23.81516838 -14.00126076 -24.11539268
30.42016411 18.27973747 -17.82839203
-27.01383400 -9.21026039 -19.94439125
24.65916252 8.72574043 -32.62439346
-8.47583580 11.54173851 14.69460869
-19.38283348 -14.03026009 -19.17139244
21.12516594 -20.12326050 -8.42439079
6.27216911 14.53373909 13.08460808
-3.25783348 19.88873863 11.51260948
-30.14283371 23.92473793 -4.53039360
0.05916406 -18.89026070 -27.88839149
-27.29783440 -9.67126274 -12.06939125
-2.85783577 -25.49326134 1.32460952
5.88316917 19.77173805 11.50360680
-0.88683510 -26.95526123 -2.08939195
18.24216270 10.92573738 -36.91939163
-33.13483429 18.85273933 -6.58239174
10.60416222 4.84773827 -39.44039154
27.33416557 9.83373833 -30.06539154
-20.14283562 -13.67226028 -17.60039139
37.91816711 -14.73526192 -0.12939283
10.60616875 -7.59425926 15.92660713
6.00516319 31.22374153 -4.28739357
13.57116508 12.20673943 -39.05439377
8.29416466 30.64373970 -1.80139375
-30.10783386 23.94273567 -5.59539223
26.76116753 -19.49226189 -16.39639282
-34.77383423 12.14373970 -5.48139000
-32.05383301 -6.13525963 -7.94139290
25.08116722 23.69774055 -10.74239159
-4.67783546 -13.59326172 -33.50839233
-34.36183167 -3.88926125 -6.14339256
13.40416527 31.86973763 -12.42939186
3.48316765 6.01973915 14.51660728
4.51116753 26.92373848 5.51060677
-26.11883354 -10.15526009 -18.98539162
-1.31383324 4.88474083 14.92460823
31.76316643 -1.58725929 -25.97439194
-15.62183571 24.64573860 5.13160896
-32.34583282 20.03373909 -0.51839280
-2.16083336 4.36573982 15.04760933
-31.28383446 -7.05125999 -4.63539314
12.81816673 20.13574028 10.74760628
5.66316795 19.02374077 11.84760857
33.37616730 0.08273893 -24.82539177
27.12116814 -20.22426033 -10.85739326
4.77216911 23.88073921 8.89560890
-2.72983360 -0.44125932 16.76060677
-21.66483498 -8.06926155 8.37460899
-2.74183464 -9.04426003 -37.61639404
-17.40883446 29.22773933 -5.75239372
39.70116425 3.35373878 -14.42739296
19.52116203 25.05473518 -0.95439363
8.49316216 33.00973892 -10.94339180
-11.30083275 18.08773994 12.67160988
26.51816368 22.85074043 -10.70739174
-18.90083504 29.22673988 -5.88439369
32.72216797 -19.88726044 -5.04939079
15.95216942 -9.32126045 12.53760719
-22.61083412 -10.06426048 -26.69539261
4.93816948 13.00374031 13.37760735
4.27716637 -21.84526062 16.14860725
24.41616631 1.10173988 12.73660851
-30.55783463 -7.47625923 -6.46739006
-17.78883553 19.14274025 12.89160728
6.74016380 -20.42026138 14.93460655
-18.03583336 28.93274117 -4.77439308
-14.11283302 29.70573616 -7.42139244
0.35616493 -23.63626099 6.99660683
32.49417114 -2.17326164 -25.49739265
15.59816551 -21.50126076 -6.08239174
-30.48483467 -7.62426186 -2.20239091
24.04216576 -13.21726036 -24.76339149
32.34716797 -1.05726051 -25.59939194
-5.98283577 -27.43526077 -2.95439363
-7.39883232 28.31573677 -4.74939156
34.19316864 -17.36526108 -18.91439247
20.61316490 4.30174065 -35.35439301
19.58116722 27.48974037 -15.95539284
-27.94183350 -9.22926140 -11.21139336
4.23316765 24.75573921 8.21760750
12.89316368 15.72973824 12.97360802
20.41116905 5.55974007 -35.55139160
-33.87283325 1.69973946 -16.05139160
6.78216362 17.85673714 12.25260735
-21.69283485 28.26873970 -2.97239137
-2.90283394 -23.02326012 10.62160683
31.92816734 -18.39926147 -3.25939393
24.74816704 3.04574013 12.61360741
26.08716393 -18.96326065 -2.71639085
2.90016747 18.84673882 11.98860741
20.36216545 21.02974129 6.38060951
-2.28283501 -1.18325996 17.35560799
-27.62983513 -9.44326210 -10.40039253
16.28416252 -21.25126076 -5.27839088
-3.30683327 -3.83226204 -40.08839035
14.38616753 31.44374275 -12.02439308
-13.57083321 -17.36826134 3.80560851
28.68416405 21.07174110 -13.34439278
-2.02783394 5.34673882 14.83660698
15.83716393 -21.09326172 -11.60239220
28.39416313 1.49973869 12.05560875
4.71216393 15.59273720 12.90760994
-8.93483543 14.46773720 14.17360878
-11.50083351 17.00573921 13.38160896
21.46216393 6.14473915 -34.87439346
15.44816399 -21.16526031 -0.86239076
1.26816750 24.32973671 8.38360786
-10.63283348 23.59373665 6.48160744
-14.81783485 24.41073799 5.36960793
6.45616722 -18.78826141 17.82460976
28.51716423 21.00973701 -14.59839058
7.10716820 -25.24826050 -5.66539192
18.78116417 7.99873924 -36.62539291
-2.32283592 -26.04526138 0.29960802
1.57516670 20.70073891 11.00460625
-6.50383568 28.51374245 -5.21739006
2.92116737 -26.61626053 -5.97439003
10.47816277 19.66673851 11.28160667
-33.12783432 19.17473793 -5.21539116
-26.71283531 -10.07925987 -14.32439232
-1.27483559 -27.60326004 -5.56439018
29.81016350 -19.61926079 -16.35839272
-27.82183456 26.22973824 -6.09839058
0.03016473 -27.36026192 -6.85239220
-20.88783455 24.30373573 6.45460701
1.68316460 -26.80226135 -3.19739366
17.27616692 -0.89426225 13.55560875
-1.59383583 -8.98325920 -37.65739059
17.45116234 8.91873741 -37.40439224
-19.81183434 19.73473930 12.62860680
17.76316643 -8.27226067 -31.39439201
-5.34183311 -27.78926086 -9.59939003
22.63416862 -14.86426163 5.85160637
-23.21183586 -12.23726082 -15.15139198
-28.39583397 -8.73925972 -14.82639122
13.13516808 -22.44326019 -8.70339012
-1.57883263 -1.57026100 17.67360878
14.78216362 -21.69826126 -9.10939217
-27.45783424 -9.53526115 -14.60739326
9.45216942 7.99473763 -40.07039261
-0.59283257 21.06173897 10.78060722
-35.66583252 8.75274086 -3.30339265
-1.35383415 -23.40826035 -20.54939270
3.81616402 27.46373940 4.51160622
28.55716515 -19.54526138 -16.46639252
-1.59083366 2.83473778 15.38160896
14.97716331 14.38173866 -38.34039307
28.25216484 -15.86826134 2.06960845
6.20516777 -25.55326080 -5.41739082
27.46816826 -15.32326126 -22.56639099
2.25216484 -26.78626060 -5.14439201
-0.24283408 4.93273735 14.90260887
1.26116753 -21.62626076 -23.34539223
2.76716423 -22.80426025 14.79860878
-10.40183449 -20.65626144 7.14160728
22.81116295 -14.54726028 -23.71439171
31.79316521 16.52273750 -0.95139146
33.07416534 16.69573784 -11.35539055
0.56016731 20.88373756 10.90160942
31.80916405 -2.42625999 -25.92839241
12.30116844 -3.88926125 14.76560783
-31.32683372 -6.82526207 -7.87839317
-9.51583290 -21.18626022 7.53660774
-0.33983421 -25.32926178 2.09860778
34.97616577 14.66073799 -11.17039299
-30.01983452 -7.83226204 -8.16539192
-2.86383247 18.95573997 12.05760765
-7.53983498 14.44273949 14.06660652
-24.38183403 -11.62626076 -17.11839104
-30.62783432 -7.40526009 -7.49439049
-14.87283516 -11.04626274 5.14361000
-4.31183434 -27.92926025 -5.41039085
9.93116570 32.92174149 -11.72139168
12.23816490 -22.90326118 -8.48739052
-1.62283516 -0.64225954 16.90360451
14.90316582 30.68174171 -7.70239067
22.62016869 23.89473915 -20.99839211
12.55416679 21.67373848 9.20560646
-4.05883598 -7.18325996 -38.61739349
36.28916931 6.29973793 -19.98039246
-26.49683571 -9.99625969 -8.45139122
-16.78783607 29.65073586 -7.07839012
-14.70983315 -1.67725945 16.66160774
-19.38683510 24.67074013 5.90660667
-0.61583519 -27.51026154 -6.34139061
6.71516228 -25.34926033 -8.76739311
0.02216531 20.21373940 11.32360649
-16.92983437 -9.40926170 2.76860976
-19.42083549 26.67273903 1.31960845
-10.01783562 2.82573891 16.10460854
-27.93283463 -9.19926262 -7.52739143
20.49816704 6.82773781 -35.51639175
-23.69083595 -12.02326012 -17.92439270
23.38416862 -18.72826195 -17.85739136
-3.41383553 -27.17826080 -11.84039116
24.36016655 -18.50426102 -18.25239182
6.44716454 7.74873924 13.81960869
3.98316765 -26.29726028 -6.11739159
40.71016693 3.49073982 -11.13639259
-20.68883324 26.69874001 1.14160705
-25.85583305 -10.64526176 -14.43839073
-11.73083305 12.02873802 15.47560692
9.25116539 8.87673759 -40.19539261
4.16516685 19.08273888 11.84960747
8.56116295 15.16274071 -40.50039291
18.48216820 8.95173836 13.33660698
29.91516685 -16.59726143 -0.42139265
25.69416618 9.26873970 -31.68339157
15.16216850 31.04673958 -11.99839211
32.41117096 -19.38826180 -4.39839363
3.15816689 19.66274071 11.57960701
-3.64883232 30.83773994 -9.89939308
-25.17083549 -11.09126091 -17.41639137
-27.33583260 -9.48026085 -6.91439247
3.07616615 -25.40826035 1.50160766
-6.02383232 -6.99625969 -38.61139297
18.96716881 -19.78526115 -15.03139305
13.52616692 -16.20026016 10.25060844
-32.18183136 21.09874153 -4.01639366
-18.64283562 -14.42526054 -18.55639267
-15.57683372 19.95573997 11.60460854
-11.28683281 23.89573860 5.95160866
-30.09183502 -6.20226097 -17.93539238
1.64916420 -23.06426048 10.19460869
12.62216759 31.78673744 -18.22939110
8.44216728 18.77474022 11.85260963
-3.19983482 3.84073830 15.16660881
3.17216682 33.21174240 -19.47339249
-16.06883430 24.99773598 4.56360817
23.69716454 1.75173759 12.86460686
0.60116768 -25.29726028 2.22760940
-20.07983589 -8.20226097 6.72160912
6.99416924 -25.27426147 -4.66539192
8.74516869 -9.11626244 17.37661171
-28.99483490 -8.07126045 -15.59339142
12.04516411 20.92973518 10.10060692
34.32416534 15.80174065 -5.95439339
24.48816490 24.03873634 -13.24239159
17.39116478 29.39373970 -13.77139091
16.65616417 25.02173805 2.58860946
-2.69483376 -21.90626144 -22.79139137
-6.97583580 -22.30126190 10.02360725
21.67416954 -15.95326042 -22.30339241
19.59916496 5.59773827 -36.07239151
-14.02283287 -11.67726135 -31.90439224
-15.45983315 -14.52526093 9.78760719
32.52416992 -3.44526100 -25.43739128
-18.36783409 -14.59926033 -17.72339249
-4.43583488 21.89773750 9.87960625
-29.19283485 -8.20326042 -1.70639253
-0.38583565 16.68973732 12.93360710
-2.32383537 -23.99926186 -19.58739281
-1.09483528 5.75974083 14.74860954
11.97716331 13.04873848 -39.60439301
20.70716667 25.97073555 -7.97439003
-19.34983253 -14.05626106 -18.13639259
-0.70283318 -24.23026085 -19.14339256
7.61016655 7.96273994 -40.65939331
-17.12383461 28.46373940 -3.33739305
-9.72383308 -21.60726166 4.69560814
-34.38583374 14.07173729 -9.96939278
12.92616844 32.02573776 -11.13039207
31.10016441 -14.98326111 -22.04539108
10.27016258 31.46174049 -4.43039131
-19.32983589 21.78373909 10.05960655
20.89116478 -19.81426048 -2.82939363
23.35516930 24.70573616 -11.07539177
0.13516428 -8.37726021 -37.93239212
37.06916809 -8.77026176 4.15760994
23.39616203 24.16974068 -6.27839088
-6.84283257 27.98774147 -3.84439301
-5.09583473 -5.35526085 -39.45539093
19.55716515 4.66573906 -36.02039337
-1.14783287 16.93973732 12.87660789
13.66116905 31.18673897 -6.67739296
5.50516319 30.85473824 -3.48239350
6.10016441 25.19774055 7.59260750
33.48217010 -21.59326172 -11.72639275
19.55216789 6.36474037 -36.12039185
40.32316589 -1.36226082 -11.74139214
-6.24983406 14.77773857 13.92360878
10.51716423 -10.01226234 15.93960762
-13.34683418 -17.57426071 4.95660973
5.15416527 -25.91526031 -5.99439049
4.59116554 -1.37225914 16.66560936
-5.44283485 19.23573875 11.87160683
-35.55583191 6.43374062 -7.37439156
32.68416595 -18.84726143 -17.56539154
4.75216484 -0.26326174 16.14460945
0.42616463 -27.26126099 -5.87739372
-3.47983360 -7.98225975 -38.21439362
28.82716942 -12.26026154 6.19460869
21.24816704 24.06773567 -0.78539109
9.28916740 18.12973976 12.11660957
36.29316711 7.50374031 -19.28339195
-0.69983482 -6.03426170 -39.09039307
8.35116386 31.42573738 -4.15239143
23.14916801 -9.88026237 10.08360863
0.80716515 -27.17326164 -6.83139229
39.52317047 0.32473952 -16.12839127
12.81616783 -22.69026184 -2.55639100
40.19216919 1.04073906 -12.54739189
-21.08183479 -13.25926018 -16.91739273
-34.17683411 15.33873940 0.21860674
-11.02483559 25.71473885 2.03260970
-20.96383476 -9.82626152 -29.24739265
-3.27883339 -24.46426010 -18.71439171
5.02016258 19.67173958 11.56660652
6.29516411 10.13273811 -41.12539291
7.63216209 32.48574448 -8.02339363
19.81016350 -9.55626106 11.08260918
-1.03683281 3.83273888 15.15460777
-27.29183388 -9.67625999 -12.88839149
2.98116493 -22.24426079 -22.00339127
-4.19683266 -25.34926033 -16.96839142
-25.14783287 -11.03626060 -13.78039360
16.11816216 6.34273720 -37.84339142
27.65416527 -17.22426033 -20.31339264
-9.76883507 26.40073586 0.16660860
-32.02783203 21.19973946 -3.12339234
35.29516602 15.15173912 -5.90339088
-1.77183342 -26.45826149 -0.56639314
2.38116646 -22.97526169 13.37060738
7.52416801 9.25173759 -40.74439240
-17.36183357 -6.39826012 11.05960655
-22.05883598 -12.87526131 -17.69739151
5.24016380 25.57773781 7.34760857
5.79016685 13.64974022 13.24560738
-34.90983200 4.02873802 -12.30239296
-29.72483444 -7.91826057 -10.31939125
-4.08883476 -22.96626091 8.73560905
40.80216980 -2.91626167 -14.20239067
14.15316582 14.66974068 13.21460915
-16.13883400 -16.73326111 -17.45839119
-0.56983376 -6.76025963 -38.76739120
-5.43783379 -27.07726097 -1.97639298
33.83816528 -4.96326256 10.23160744
-6.85383415 27.31874275 -1.99439073
-7.16483498 15.64573860 13.70260811
12.75016594 -22.66726112 -7.65839195
-26.31283379 -10.32026100 -13.55839348
-4.32783318 -4.11726189 -40.01139069
14.67416954 31.29873848 -13.11739159
-0.72183418 -23.12026024 9.37760735
9.11016655 -24.51026154 -6.15739250
5.31716728 -21.69226074 14.35360909
11.11616325 21.33474159 9.88060951
23.93716240 0.02873808 12.79860878
-2.70283318 5.93573952 14.72960854
-30.54883385 -7.56726265 -4.14839363
-24.05683327 -11.81826019 -15.96139145
-8.58283424 15.62874031 13.79160881
12.59316826 15.95773888 -39.30639267
-30.84383392 23.00773811 -4.54639244
-7.96383476 22.70573616 8.28260994
29.47216606 5.56073952 11.55460930
-5.59283257 -27.57026100 -10.43639183
-32.29883194 -5.70026207 -8.88939095
9.10516930 31.09573555 -3.12039399
-20.25683403 -13.62226105 -18.81139183
2.36916542 -25.60026169 1.21660781
22.54916954 24.26973915 -4.33939171
0.87716484 -24.87826157 3.33160949
-4.07083321 3.34773827 15.25660896
14.86616325 -21.73526192 -3.49239182
0.23016550 -26.76026154 -12.78039360
18.96616936 26.89673805 -6.25239372
-5.44683266 -6.23925972 -39.02639389
29.66716576 20.04273796 -6.65939140
24.85316277 8.92573738 11.59260750
-1.19883537 0.15973860 16.37260628
-0.62583351 22.95974159 9.33860970
14.81616783 -21.62126160 -1.81939149
-4.46683311 29.68074226 -7.75739098
-0.97283363 -2.52726173 18.58461189
22.41116905 24.11074257 -3.24839234
-35.04783249 11.51873970 -2.84839082
-11.87583351 24.24273872 5.32760811
-29.77283478 -8.01326180 -6.21739006
37.16117096 5.11373711 -19.01839256
11.82516289 -23.15926170 -7.53239250
33.61216736 -4.19926262 -24.64839172
-24.48183250 -11.47926140 -18.27039146
10.49816704 -6.59226036 15.92360878
-0.39183235 -26.74826050 -1.46939301
-32.20083237 21.06273842 -5.00439262
13.35116386 -22.39726067 -6.90039253
-28.88383484 -8.58725929 -6.88539314
-14.45083427 -13.75126076 3.27060866
19.12516594 21.45473671 6.53260994
25.68816948 -17.13626099 1.02460647
-3.19983482 15.90373802 13.37160683
10.18416405 32.65474319 -18.44239235
-5.17683601 -26.83926010 -13.16439247
-4.92183495 12.53573799 14.30360985
3.67016411 -1.79826164 -40.09839249
15.61016655 18.43673897 -36.77839279
13.08416557 31.70774269 -8.24239159
29.85216331 -1.18526268 11.64960670
9.92516899 31.26873970 -3.70539308
-4.11683464 30.25573921 -8.87739372
28.80216789 0.48773772 11.96460915
-29.91083336 -6.70626259 -17.01839256
20.48116875 26.36573982 -9.37739372
-27.49583435 -9.49226189 -8.60239220
7.83316612 -24.97526169 -4.04139137
-14.87183571 -8.26326180 -35.41639328
-1.37783241 -5.67326164 -39.25739288
0.33516502 -23.95626068 -19.47639275
10.38116264 13.96773720 -40.13139343
8.50016594 32.38373947 -7.64839363
29.33816338 -19.12626076 -17.37539101
14.47216606 -21.92426109 -6.53739357
-0.94483376 -7.85626030 -38.24839401
11.05616570 20.41773796 10.68260765
0.20316507 -23.30726051 8.35260963
10.91716576 -23.65326118 -7.51739311
10.50916862 -23.82226181 -8.45839119
-14.83483315 -11.55426216 4.39860725
-23.01983452 -12.40726089 -16.09939194
-1.58583260 -24.35126114 -18.99739265
-33.25183487 18.17074013 -0.24239179
-7.09983253 -4.18325996 -40.00039291
0.26516533 -6.15426064 -38.98939133
3.66316414 -26.38326073 -5.28739357
-2.26083565 -24.69026184 -18.36539268
28.73716545 -18.59926033 -18.28839111
15.09816551 14.50073814 13.18760872
-25.94283485 -10.50226021 -17.57539177
32.23117065 -4.89925957 10.39760780
25.30316734 -14.92926025 -23.19239235
-1.33683586 -23.96326065 -19.67439270
-1.68483543 -6.66826057 -38.83439255
-3.02883339 4.93073845 14.94160652
-33.82783508 16.42373848 0.08260897
-21.11083412 -13.26526070 -18.27539253
1.73316765 -23.01826096 11.49560738
-35.26983261 5.87273979 -9.56739235
3.66716576 26.24173927 6.45960808
25.43916893 -11.47625923 8.28360939
-26.67583275 -10.04226112 -11.32139015
-1.76883507 -25.55526161 1.38260818
13.76716423 -22.18526077 -7.77039146
5.75816917 -25.69026184 -4.55139351
34.80416870 15.46174049 -4.98739052
25.06716728 -16.91226196 1.77860808
19.58416557 27.17673683 -18.31839180
1.85316658 -0.88226122 16.84260750
26.50316429 -20.06226158 -13.66839027
13.85216331 -5.79726219 14.11660957
-18.97283363 27.46973610 -0.61539292
29.95416832 -20.25426102 -14.40939140
7.38916588 12.77973747 -40.80139160
7.04816246 -25.21526146 -2.81639314
-0.36183357 -0.55526155 16.81260872
23.64216423 -19.94726181 -5.45539284
12.14316368 32.33574295 -11.89039040
16.09816551 24.90173531 3.26760650
20.57716942 -7.48526192 -30.42739105
20.07516289 -5.41325951 -32.09339142
-36.41083145 2.75974083 -6.06839180
10.70116234 -11.35426140 15.59060860
-3.76883507 5.72574043 14.80060768
1.85116768 18.74273872 12.05460930
5.23316765 31.79274178 -6.43639183
-2.28483391 -7.90826225 -38.25039291
19.39716911 -18.91226196 -17.89439201
-24.09283257 -11.73426056 -14.79039192
20.96116447 24.91373634 -3.46239305
9.39616203 31.53373909 -4.51239204
-27.92583466 -9.13626289 -6.59539223
23.59316826 21.67074013 -24.09539223
11.37616539 -23.34826088 -8.76639366
36.59816742 -10.31326103 -21.65939140
13.98416710 15.63673973 12.97260857
-4.80483437 30.64373970 -9.64339256
22.74516869 24.98974037 -16.22039223
-35.23283386 0.79773909 -9.68339348
21.54216576 25.10373878 -5.94939232
14.14516258 -21.86526108 -10.67839241
-4.18983269 -6.20626259 -39.06739426
-11.19583321 29.71074104 -7.64839363
1.76916695 14.60373878 13.32560921
-5.68583488 23.76674080 7.34460640
13.08816338 15.11673927 -39.14439392
8.23716545 -24.83726120 -5.05839348
0.34516716 -1.56926155 17.47461128
-17.07983589 28.81173897 -4.41439247
-0.91583443 -26.58226013 -0.92139268
9.97716331 5.13073921 13.77460670
23.13916588 -17.11526108 2.28760695
15.64416313 29.93573952 -19.66439247
-18.62083244 18.78973961 13.50360680
22.00616264 24.01774025 -2.02039170
13.46116447 -22.36526108 -6.10639000
31.64816856 -19.04526138 -4.07239342
28.06516838 -20.37926102 -10.61639214
-19.59183311 27.04873848 0.38960817
2.01916695 33.36474228 -20.54239273
-5.72183418 31.07573891 -10.48639107
1.64416695 -23.22726059 8.80160713
-3.08383369 -6.91426277 -38.74539185
33.94816589 15.99473763 -4.92439079
26.24916649 22.63573647 -14.95039177
-5.27583504 30.00473976 -8.43939018
5.17616844 -22.09326172 12.93460655
-5.94883537 -23.62426186 4.02960777
-13.93583488 -18.93526077 2.66360641
0.40116692 0.27673918 -41.15439224
10.88716698 12.74873924 -39.94339371
1.20216560 -23.45926094 7.69360924
-0.71483421 -1.52126122 17.56260872
-26.76783562 -8.78426170 0.31060961
-28.57283401 -8.63026237 -4.30239296
6.43616295 -10.34626198 -35.50239182
36.01516724 -14.78926086 -0.64439225
-5.75283241 30.50174141 -9.39339256
-1.47383308 2.00173759 15.60060692
14.07916832 -22.06226158 -2.78639054
40.66516876 4.75274086 -11.21139336
-0.46583366 0.37273985 16.26460838
6.92616844 -25.28326035 -3.67739320
-30.31883430 -7.66026115 -5.23839378
-22.21183586 -12.79926109 -16.59439278
-17.97083473 27.76273537 -1.35439134
35.78316498 3.24873924 -21.87439156
37.57817078 -9.49926186 -21.18939209
-1.83883476 17.36673927 12.74660683
-5.67983437 -3.56625938 -40.30539322
-3.84483528 14.65073967 13.81260872
-24.30283546 -11.54226112 -14.00739098
13.63816643 21.51073647 9.03760719
-3.86583519 29.90474129 -8.16439247
14.00716209 -22.13326073 -5.34539223
2.47216606 -24.51826096 4.17560768
-8.50183296 -21.73826027 9.16060829
15.33216667 -9.18826103 -32.02839279
-1.51783562 -24.01126099 5.30660820
3.88816643 -8.83826256 -37.19239426
-6.51983452 30.14373970 -8.69039345
4.36816597 25.50573921 7.45060921
-23.19483376 -12.32526016 -17.10739136
-18.22383308 26.58973885 1.46460891
7.62416649 10.60774040 -40.75039291
26.48816490 -13.86826134 5.80560875
11.60216331 17.14673805 12.52560997
2.72816658 26.03773689 6.66560936
12.42616844 19.28373909 11.48060799
-14.49883461 -14.03726196 2.19260955
20.00116539 3.55874062 13.39060783
-17.45383263 18.47673988 13.49760628
22.98016930 4.60074043 12.82160759
18.84316826 -17.31126022 -21.05039215
-3.14783287 18.20173836 12.44160652
-11.18583488 25.40073586 2.84160781
31.07516289 -2.93726158 11.15860939
-3.08583260 -25.19226074 -17.38339233
12.56216240 -22.79926109 -6.41039085
10.58016777 -23.85926056 -6.60239220
-0.96083260 -25.39226151 -16.83739281
23.65616417 5.71573830 12.56460762
-2.30983543 -25.74226189 -16.25739098
-14.53183556 -16.27526093 2.11460662
30.15516472 -1.03226280 -27.04939270
4.52716637 -26.10426140 -5.07339287
8.52916527 8.49073982 -40.39739227
1.35016441 -0.23325914 16.53260994
0.47916603 2.05573845 15.62560844
13.49916649 -22.37326050 -4.55139351
32.10617065 0.19573790 11.93360710
13.09216881 -22.57626152 -3.71439195
34.37616730 -5.70326042 -23.98139191
23.98316765 -19.76826096 -4.39739037
-2.03383446 16.29574013 13.14960670
13.13816643 -22.53026009 -5.44739342
26.75816917 -6.98925972 10.78160667
-7.11783409 -26.10226059 -0.18739149
10.73416710 31.16674232 -3.70839143
29.59216881 -14.08026123 -23.10739136
40.67417145 2.45474052 -10.93439293
-7.74783516 -24.92426109 1.26260924
11.93816948 -16.27926064 12.11460686
4.43816566 -9.70126152 -36.49739075
11.39216423 -23.46126175 -5.04339027
14.00416374 3.07873726 -38.24739075
21.98416710 -16.49126053 -21.51839256
27.64516258 -18.64426041 -18.22639275
40.61116791 -2.34325981 -12.98639107
9.86616325 15.07974052 -40.24339294
-0.35983467 -3.41426277 19.41961098
-15.06383324 -10.16026115 5.59860802
21.06716728 21.21873665 -29.02639198
-10.47883415 24.87774086 4.02560997
-0.54183388 1.76573753 15.69560814
19.37416649 -20.31026077 -4.44939232
-17.56183434 27.39473915 -0.51339173
16.30216789 29.68374062 -18.59539223
0.84416771 -0.84226030 16.91760445
-3.93283272 27.47274208 -1.25939393
-24.49183464 -10.49725914 -6.28839302
-0.86283302 19.93573952 11.49060631
-8.96383476 28.62273598 -5.45339012
0.85716438 33.58274460 -19.77839279
-32.62683487 20.25974083 -5.48639107
9.86016655 -24.17126083 -7.41339302
-15.27583504 25.84774208 2.56560683
-1.96483421 -25.19326019 -17.37839127
-4.53483391 -27.25726128 -2.52939057
-31.65183449 -6.45026207 -8.66039085
26.77316856 -18.30926132 -18.73039246
5.85116386 1.55073738 -40.32239151
38.74016571 0.78174025 -17.92739105
-14.93083382 -12.93726158 8.39760780
5.15416527 4.63973808 -41.06439209
-7.69583321 30.52874184 -9.41939354
-6.13983345 29.53673744 -7.49739265
3.37416649 -26.43226051 -3.81039262
-19.92783546 25.05974007 5.24360847
-3.55583382 -25.78126144 -16.18339157
-18.49483299 27.03873634 0.40760973
9.99916649 -24.14226151 -6.16539192
-1.10083580 -26.04526138 0.38760927
18.23016930 -20.60126114 -4.56039238
-14.38783455 -14.38126183 4.17160988
-19.36683464 -8.55626106 4.84760857
14.43216515 -21.42426109 -12.82539177
11.77716637 -23.26026154 -2.87239289
33.71516418 -19.96126175 -15.81839180
-30.69183350 22.91774178 -2.78239274
-6.49083519 9.56873894 14.57160759
9.57416344 30.64973640 -1.91939378
32.27317047 -9.49625969 7.21360970
6.17616844 -25.22926140 -0.49839231
12.39116478 -22.92626190 -5.02139091
9.83916283 -24.20626068 -3.98039079
27.09016228 19.20073891 2.00560927
11.30016899 14.06173897 13.27560997
-2.37383461 1.32073784 15.79860878
-2.84283257 17.21373940 12.85760689
34.58916473 -13.26626015 -0.04439375
26.90416527 -19.97026062 -14.53439140
-9.97983360 30.66974068 -9.69239235
-11.59283257 25.15374184 3.46060729
12.37516594 2.87973976 13.87860680
35.98716736 -9.06126213 4.96960640
2.29916573 0.80473906 16.00260735
-0.00383567 -2.24126244 18.09060860
33.32116699 16.45273781 -5.15239143
32.99517059 -19.53426170 -16.54139137
11.88416862 -23.21126175 -3.88039231
12.06216240 -7.91325951 14.95960808
25.66016960 -18.09926033 -0.81239152
0.28016472 -24.24526024 5.06660652
0.04416467 19.28973961 11.83160973
11.98816490 -23.07426071 -1.69639039
9.65316582 -24.28726196 -5.04839134
-8.92783546 30.62973976 -9.60639000
21.27016258 -6.77326012 11.98360634
-1.25083351 17.86573982 12.52360725
-4.09883308 -5.10626030 -39.56339264
-10.23283577 14.48573875 14.30260658
-10.51083565 27.83973885 -3.28939271
-3.83583260 16.69373894 13.13860893
13.35616875 25.58674049 -32.45739365
17.23616600 0.21473891 13.54960823
-11.85383415 24.75973701 4.31760979
10.87916374 14.87573814 -39.98939133
-34.98083496 7.40173912 -10.75939369
23.79416466 -17.92726135 0.42260912
-8.26083565 30.15574074 -8.66039085
27.40316582 21.46973610 -16.30539131
-17.34583473 -14.73726082 -21.51839256
26.55416679 4.32573891 12.18560982
0.46116447 0.07773786 16.41560936
40.37516785 2.84973717 -12.10439110
13.12516594 4.88873863 -38.71839142
-18.03983498 17.89373970 14.29760933
9.74416924 -24.06826019 -9.84339333
-9.33483315 30.21573830 -8.76439095
11.87916374 15.20173836 -39.63339233
22.61716270 13.03473854 11.31760979
-34.98883438 9.88973808 -7.34939003
17.30816460 -20.89426041 -4.86139107
15.15516472 -21.55726051 -2.70239091
-10.77783394 30.32773781 -8.98839378
5.74416924 -11.53226280 20.24960518
-30.27483368 -7.74625969 -3.34939027
29.06816673 2.18873787 11.94660759
-7.53083229 29.67873573 -7.74639320
16.79516411 -16.13626099 -23.77739143
-23.01183510 -10.29926109 -25.55639267
21.52916527 25.27373695 -19.65139198
7.68616295 27.16273689 4.92460823
3.53016472 -12.66126060 -34.32739258
31.12916374 -20.26026154 -14.82639122
-9.78683281 29.77874184 -7.87239265
5.81916618 6.78174019 14.08660698
39.49617004 5.27973747 -14.41539192
6.28216362 28.22873878 3.45260787
4.59216499 17.35473824 12.46860695
17.99816704 -17.54726028 4.67360878
-18.34983253 -10.13626289 -31.10139275
-8.69083595 28.93174171 -6.18439293
-19.16783333 -14.06126022 -20.19539261
25.04216576 4.00974083 12.48260689
-26.32583427 -8.47926140 2.91460967
-18.26483345 -9.79826164 0.86160827
6.33916283 11.18374062 -41.10539246
4.99416924 1.61273766 15.44560814
0.22216608 -27.26226044 -4.85539055
25.21916771 -19.73326111 -15.18839264
-13.50383568 26.57274055 0.45860842
-3.36383247 2.76873970 15.37060738
22.52716637 1.93573952 13.09060860
-6.79883385 -9.43126106 -36.98639297
22.79516411 -5.49526024 12.12060738
17.48616600 10.82974052 13.35660744
-3.89983559 -26.16926193 -15.31439209
4.54316521 6.65473747 14.28860664
-8.67483330 29.82374001 -7.99839211
-34.05683136 15.45873833 -8.85139275
0.05516626 18.31873894 12.28660774
14.56716728 13.38073921 -38.65439224
5.79516411 28.98473549 1.97760940
-12.67383385 5.81073952 18.28061104
-0.50983238 -23.43826103 7.60760689
-20.79483604 -8.10426140 7.68260765
5.73416710 -15.78926086 -30.59139252
-34.51683426 13.73473930 -4.49339104
21.42116356 -20.10726166 -6.91039085
27.44716454 21.47673988 -5.00739098
-3.09083366 -26.12926102 -15.46339226
7.13416862 11.85373878 -40.88039398
24.95316887 -17.85926056 -0.01739332
11.16816521 -23.59026146 -3.46739030
12.96516228 -5.83226204 14.50760841
-6.89483452 29.07274055 -6.51339149
-0.83883476 -25.56626129 1.49060607
3.60216713 -4.42625999 -39.30539322
21.85916710 13.39673805 11.60660744
6.23116875 2.79474068 -40.43739319
19.41516685 10.64673805 13.04660988
33.67517090 15.28273964 -15.01739311
-7.91883278 29.13773537 -6.65139198
11.07816887 8.99073982 -39.63639069
7.82516289 -24.24126053 1.47460723
19.96116447 -11.55626106 9.65260887
-3.40483284 -4.72126198 -39.71339035
5.66316795 -1.10926247 16.31060982
5.03516960 -25.58426094 -11.58239174
3.59416771 -1.12426186 16.74460793
-16.40183449 -15.00026131 -22.30139160
4.87716484 -25.97326088 -4.05039024
22.54716301 -18.00626183 0.92760634
2.13316536 -0.03926272 16.37560844
8.87216759 -24.59026146 -4.01039314
12.18616295 -10.07426262 14.60060692
-9.24983406 24.18474007 5.54760933
-31.88283348 21.22673988 -2.31739259
-34.98283386 10.63173866 -5.57339287
3.59216499 5.14373970 14.67960930
-34.63483429 13.22373772 -3.77839112
7.21116447 5.08573723 -40.50739288
-35.05683136 10.63873863 -4.51639366
33.06116486 4.19174004 -24.56439209
-4.56483269 -18.54626083 -27.53239250
0.84816551 -23.21726036 13.55960655
2.16916466 33.33774185 -19.30239105
-0.09683418 4.08473778 15.08460808
11.09616661 -23.59026146 -2.57439256
-12.01483345 25.45774269 2.79360747
-36.00283432 2.65674019 -7.80339241
35.07717133 2.83073997 -22.81639099
19.02116203 -19.78226089 -0.91239381
5.08316612 14.70373726 13.08060646
1.43416405 6.66773796 14.55760765
-8.90183449 29.36374092 -7.06839180
-16.35383415 -9.09626198 3.90760970
-15.15183449 -13.95426178 9.00460625
3.12116432 32.59573746 -10.55239296
13.89116478 8.91873741 -38.79439163
28.24116325 7.33773994 11.14860725
5.39316368 -10.53825951 -35.66239166
37.89116669 -4.13525963 -20.77839279
32.02317047 17.56773949 -14.33239174
-5.28683281 -27.36226082 -11.24139214
-16.50183296 13.17573738 18.28660774
16.31616783 -7.63926125 -32.66839218
2.83116722 -23.19826126 8.62660789
-5.39083290 28.61174202 -5.41539192
28.08316612 20.80774117 -4.26739311
-6.16783333 7.51674080 14.70660973
38.21916962 1.94573784 -18.46139145
-35.12683487 8.42973900 -7.91239357
-6.13383293 -27.95826149 -8.68839073
-18.71983528 24.03373909 6.87960625
6.79116631 6.89773750 13.90860939
-14.78083229 -11.88926125 7.80760765
27.72416496 -20.31826019 -11.49839211
12.88816643 25.23674202 -33.35539246
7.45716667 3.10973930 -40.13139343
-0.48083305 17.66374016 12.57560921
-35.99683380 4.73373985 -6.83339119
-8.36883354 4.00773811 15.66160774
31.45016289 -17.18226051 -1.87539124
-35.10783386 9.54474068 -6.23439217
-3.15183449 13.95673943 13.94760704
16.15616417 -1.40926170 13.68360710
-34.90683365 5.12973976 -12.51739311
-32.40983200 -4.89326286 -11.26839256
21.40116692 -6.65826225 -30.52539253
10.43516350 -23.93426132 -3.34939027
-12.20083427 14.98974037 14.43260765
18.00916862 8.22073936 13.40660667
-2.58583260 -27.11826134 -2.30439210
-36.15483475 1.98673820 -7.26039314
12.09216881 -14.81226158 12.94760704
-6.09083366 3.57573891 15.29460716
-5.95483589 -24.85926056 -17.36639214
23.42716789 -14.37226105 6.22460747
-10.38083458 -20.72026062 8.12560844
1.28216743 0.76973921 16.07660866
-17.25583458 -15.12726021 -19.61339188
11.01116753 11.43273735 -39.83139038
-29.38783455 -7.11926079 -18.09339142
-4.33383369 6.73873711 14.64960670
39.06216431 3.62373924 -15.99039268
-21.65783501 21.54174232 10.34760857
25.28916740 22.42673683 -18.53339195
14.35116386 3.97773933 13.53860664
-2.04783440 -27.33626175 -3.21239305
33.26016998 15.52873802 -16.00939178
18.28316307 -20.66326141 -6.39039040
-33.83483505 16.32173729 -8.35539055
0.06316567 -25.75926018 1.08660674
34.64216614 15.46673775 -8.52739143
-14.34183311 -14.96126175 5.03860664
-21.17283440 -13.12426186 -19.73239136
9.60316277 32.89873886 -10.81739235
3.07016563 32.82674026 -11.45239067
18.59616661 -14.87326050 -24.59639168
22.28916740 10.45273781 -34.12939072
39.75216675 1.78673744 -14.65039253
-16.77283287 17.21773720 14.48260689
-21.15383339 -8.37926292 6.38460732
-7.65083504 -26.32926178 -13.90639305
24.27816582 9.74773979 11.55360985
19.49316216 12.02273750 -35.89639282
-8.80683327 -7.28326225 -38.10939407
-6.56583595 -22.51226044 7.51960945
-1.33983421 13.13474083 13.96360970
18.19616508 -12.23226166 9.87560844
-34.13483429 15.46073723 -3.89739060
-34.87883377 12.53373909 -2.01739335
-0.95183372 -2.23626137 -40.52839279
18.77616692 17.25173759 -34.68239212
15.61116600 26.26273537 -29.47839165
5.09316826 27.65873909 4.34460640
33.55516815 16.06574059 -12.12739372
-5.25683403 13.38073921 14.19660759
29.25016594 20.44374275 -14.17239189
-29.99583435 -7.61726189 -11.05739021
-8.21083260 23.11374092 7.63560677
5.29516411 5.60173988 14.40060997
10.63516808 16.60173988 12.67960930
-32.90783310 19.14174080 -1.06139207
9.21616936 -8.19526100 16.94560432
23.68616295 2.62373924 12.83060646
-5.02383232 -15.88626099 -30.85439110
31.47516441 2.96373940 -26.17039108
-5.50083351 -22.73526192 8.45360756
-34.67783356 13.49573708 -1.14739060
16.76816368 29.93174171 -13.54239082
26.56116295 22.54673958 -7.35539055
-18.84583473 -14.02426147 -21.37539101
26.27416801 13.09273720 9.10560799
23.74316216 24.12574196 -7.30839348
-20.36383247 19.24373817 13.36860847
29.54616356 -0.41026109 -27.58639145
16.38216209 19.87573814 10.09060860
37.16017151 -5.25526237 -21.56939125
-6.82583427 -26.42526054 -14.02239037
15.15416527 30.69574165 -8.75139046
7.05416679 -22.86226082 7.11260796
-34.62883377 13.06473732 -5.77939034
17.63416862 28.46673775 -19.84939194
29.19216728 8.99273872 10.24860954
31.81816673 -20.03526115 -15.58039284
-0.20783423 -26.22926140 -0.05439207
22.60816765 24.96074104 -17.02639198
9.38916588 -12.87526131 16.63460732
18.66616631 -20.55026054 -7.78739357
15.06816673 -6.24126244 -34.28539276
3.10716438 33.19974136 -18.11239243
39.27716827 6.13873863 -14.56439018
20.55416679 -20.05426025 -4.08139229
-9.41483498 -23.81126022 1.99360824
-18.09683418 -8.96726036 3.19560790
17.09716606 1.44473839 13.53160667
20.77516747 5.69273949 13.16660881
19.60016441 26.93973732 -19.51839256
34.92617035 -14.98026085 -20.56939125
25.68616295 -14.26126099 -23.71439171
10.00616264 20.23274040 10.90760994
5.34316826 7.97073936 13.96060753
-35.00983429 8.83873940 -8.80339241
-16.03883553 22.39473915 8.85960960
21.85216331 -14.41026115 -24.06439209
40.46116638 -2.27726173 -14.87139320
19.93016624 7.48673820 13.19060707
28.95016289 -17.48526192 -19.85139275
0.17116739 22.73574257 9.60060692
13.12316704 -8.25126076 -33.95539093
9.05116844 10.77474022 -40.36239243
33.86016846 -5.26126289 -24.42439270
-15.12683296 22.76273537 8.15460777
3.19716454 25.23373604 7.67460823
8.67916679 7.23473930 13.59960747
6.61916924 -21.98226166 10.18660927
25.69116783 -19.76426125 -5.01239204
-9.65783501 -6.28125954 -38.60839081
-18.27283287 21.62273598 10.19060707
28.57516289 -20.38426018 -12.65539360
9.57516289 -6.57325935 16.49960899
26.85316277 -19.02026176 -17.48339272
20.25416374 12.53573799 -35.21439362
14.03816795 -2.15826225 14.13060951
28.34516716 9.55073738 10.13560677
-16.51283455 20.60074043 11.10760689
16.47716331 9.01674080 -37.88939285
22.72216606 -19.55626106 -2.92139268
17.80516624 13.03473854 -36.91839218
7.29516411 21.63573647 10.19560814
-13.54083443 -16.26626015 -23.48739243
-28.79783440 -8.64726067 -9.89939308
-19.08383369 16.18374062 16.90661049
21.86516380 25.80073738 -13.58439064
-1.62683296 -4.94825935 -39.55539322
-5.49383354 22.23874092 9.35960960
-15.25183296 -12.82226181 9.60960960
30.88316917 -18.63226128 -3.53639054
-35.36083221 5.01973915 -9.63739204
7.49516869 7.55174065 13.69760704
0.33516502 -3.01126289 18.75560951
-19.69783592 18.84573936 13.75160789
16.27516747 5.54574013 -37.70439148
4.73116875 -20.96726036 17.48460579
-15.01683235 -15.71026039 1.16160750
13.97816277 31.22773933 -7.74839211
36.44616699 14.11573982 -7.74739265
13.93516350 12.99373817 -38.92539215
-7.09383583 -26.06826019 -14.72339058
27.95116234 21.79474068 -9.09639168
-16.46683311 -15.71826172 -18.98339272
13.39616203 -4.65426064 14.34760857
-26.64083290 -10.00926018 -17.02739143
37.18817139 -9.04026222 1.17160964
10.64516258 32.70573807 -10.78839302
-8.27083397 -25.90726089 -14.57239342
-29.26983452 24.71074104 -3.41839051
-2.59183311 -20.93626022 -24.37539101
-5.55683327 6.63973808 14.76260948
25.44716454 23.25873756 -7.77439308
-17.95083427 26.15474129 2.47260833
23.42016411 11.76873970 -33.05839157
-2.45583534 -27.79626083 -5.72939110
-11.73883247 8.64274025 16.74960899
36.97716522 -8.85125923 2.34660888
6.32416344 8.63474083 13.72360802
29.74016380 15.43673897 4.18660927
-31.35783386 21.69973946 -1.51439118
0.86616707 -26.09426117 0.13160875
22.51716423 -19.27826118 -1.86739182
14.96116447 16.63673973 12.56360817
5.49716759 -20.62526131 16.88260841
29.75716209 -20.69126129 -11.41439247
-15.32583427 -11.23925972 10.71560860
-3.88583565 -27.61725998 -3.91439271
29.14616203 -19.37426186 -4.62239265
6.45616722 -20.93726158 14.20260811
-12.34083366 28.08073616 -3.54639268
14.56716728 1.40173912 13.79560661
5.76316643 9.44874001 13.72260857
-29.45583344 24.67873573 -4.58739281
33.12216949 -17.39226151 -2.20439363
31.63416862 -9.29326057 7.72360802
33.27217102 -2.57426262 11.30260658
0.22616769 24.76273537 7.79560661
-29.03383446 23.11573982 1.72960830
-7.50983238 4.26273918 15.42960930
5.16816521 10.27273750 13.70060921
-9.14183235 -20.31726074 -22.10539246
23.78916740 -19.17726135 -2.27039170
-5.25783348 -22.72926140 10.79660988
-34.33983231 14.55773735 -3.84439301
4.23016548 -22.60626030 12.09560966
25.66916466 -19.92526054 -14.27839088
25.42716789 20.40674019 -23.25739098
25.08516502 -18.98926163 -2.34439301
-17.23583412 -8.85626030 3.74060607
5.97916222 15.52873802 12.88660622
33.05916595 -21.64726067 -10.57539177
25.10616875 -19.44326019 -16.18139267
-5.74183464 4.56773949 15.14260674
17.74316216 28.66373634 -9.14839363
27.49916649 -1.22525978 -29.02939224
19.56016350 -6.02425957 -32.01639175
24.47516441 -19.43526077 -3.27239060
26.97616386 -20.20426178 -11.82039070
-34.28783417 14.82573891 -1.27139115
0.56916618 33.37073898 -16.47339249
2.05416679 15.54073906 13.09560966
-0.37883568 -27.43226051 -5.43139076
0.81516457 4.04173851 15.07760811
15.81716728 1.44074059 13.63260841
-0.02683448 6.31873894 14.65160942
2.87316704 14.85074043 13.17660713
29.47316551 4.69973946 11.72560692
-3.43983269 -27.29126167 -2.74139237
35.51916504 -20.10126114 -3.84439301
29.49516869 20.00473976 -5.56439018
2.03316689 4.28673744 14.97160912
-14.93583488 -11.85926056 8.99760628
14.51316643 19.40173912 11.10960960
17.80916405 -12.58626175 -27.52039146
1.04616737 33.42773819 -17.48639107
13.40816307 19.58373833 11.17360878
28.20216942 2.82274055 12.04760933
16.74116325 -6.51226234 -33.23139191
-4.16383553 -22.90226173 10.72960854
15.69416618 29.79773903 -6.57539177
2.91816521 -22.91726112 11.97260857
40.09217072 0.04173856 -13.62739372
-18.16783333 -13.07226181 -8.24239159
-17.77483559 -13.07726097 -6.71739006
12.46516228 5.89573860 -38.99639130
-9.50383568 27.99173927 -3.79439378
8.63016319 7.34873772 -40.28739166
23.54416466 23.03074074 -21.11639214
-4.74383354 24.93074226 5.59160805
-16.68683434 -15.83726120 -17.91439247
22.70516777 -19.74626160 -3.74139237
18.21516228 -14.44326019 8.03760719
-18.94683266 -12.93126106 -9.95839119
-18.93283272 -12.71626091 -8.81539345
-29.12083435 23.61174202 0.00260713
23.06816673 22.54474068 -23.29939270
6.19116783 32.59074020 -8.77639198
27.53016472 -19.44026184 -16.66739273
-31.46083450 20.75873756 1.11560607
-8.84183311 -11.64526176 -34.31839371
27.77616692 -12.56926155 6.46260643
10.99416924 32.45373917 -17.91339111
-0.09883308 32.13673782 -11.37039375
23.36116600 23.52573586 -20.17539215
7.92816734 -15.85126114 -29.52839279
-2.74683571 -23.16326141 11.91460991
-36.21383286 2.77173805 -6.99639320
11.79416466 27.93573952 -30.19239235
18.97316551 26.11074257 -3.44939256
22.10416222 -18.20326042 -18.93639183
-14.55183601 -13.39826012 4.16660881
-2.29783440 26.15173531 4.34760857
-9.44183540 -19.61326027 -22.81439209
17.21216393 -18.86126137 -18.66039276
38.24916840 -13.46426010 -0.39539167
0.19016458 -26.49926186 -0.87139344
20.17116356 14.40873909 -34.74639130
19.73016930 -5.51426125 12.69960976
-29.84983444 22.93573952 -0.11439344
7.37616539 -16.98526192 -28.31339264
3.38416481 -23.16826057 -20.13439178
-5.11683464 14.88073921 13.84360695
33.08216858 -20.48426056 -14.76139259
2.72316551 -19.12126160 -27.25239182
10.39216423 23.62874031 -37.19339371
10.85516930 27.92973518 -30.74439240
27.93716240 -7.32726097 10.32660866
6.92316246 1.20773888 -39.96939087
-4.77983284 16.89473915 13.12360954
-17.93383598 -14.32626152 -4.99539375
19.08116722 25.43973732 -25.49239159
-32.87383270 -1.91626167 -16.34239197
-9.89183235 28.91273689 -6.02039146
-14.04083443 28.66373634 -4.64839363
-4.90183449 24.32673836 6.67660713
5.46316338 -4.31426048 -38.99939346
16.78716850 -12.74526024 -27.88739204
17.27916527 24.81573677 -29.63539124
25.22416496 -13.79926109 6.33060646
2.75416756 -22.84826088 -20.97639275
1.84416771 -20.91026115 -24.47839165
10.17316246 -23.08926010 -13.71939278
-31.40083504 -5.44526100 -14.19639015
34.23316956 15.19573784 -12.45639229
14.45916557 -6.85226250 13.78460884
33.59516907 -10.83326149 3.49060607
-5.52583504 -14.19726181 -32.69639206
0.37916756 32.80674362 -13.31939125
1.16216469 25.94574165 6.46460915
-7.57083321 0.86173826 15.57260704
11.92316246 8.29373741 -39.33239365
7.26316643 -19.66726112 15.32060814
35.26716614 -7.92326164 7.66160774
-23.50883293 21.79274178 9.71360970
39.90416718 4.90973854 -13.35639000
17.17516899 17.50073814 11.73060799
29.36416435 9.56773949 -27.96539116
-10.21783257 24.17573738 5.45960808
28.38316917 -11.54726219 7.09760857
18.59016228 -19.25626183 -17.13039207
16.33116722 20.84774208 -34.67339325
34.53316498 13.45273781 -16.41439247
21.66816521 18.86073875 8.22260857
17.74416924 1.36773872 -36.44439316
16.88216209 1.91673851 -36.95239258
-15.07783318 -11.07626152 3.40760970
2.93916512 -8.47326088 -37.58239365
1.19416618 -8.78326225 -37.61939240
-28.65083504 -8.30225945 -0.37039396
-16.57783318 12.63273811 18.98861122
21.60716820 -10.18626213 10.19760704
25.50416374 -12.23826027 -25.24139214
12.52716637 -21.86226082 -14.29939079
-27.49483490 24.11973763 2.39160705
17.99016380 26.85473824 -3.51039338
27.63316917 -13.76326180 5.42960930
19.87516594 24.64773750 -25.49239159
27.85916710 19.69673729 -0.43539259
33.21116638 -4.17025948 10.65760994
13.62616539 10.50073814 -38.97339249
0.35516548 -0.82826036 -40.83239365
15.32416344 30.92173958 -14.15639305
19.51116753 -8.24625969 11.83160973
1.23916435 -5.23626137 20.54561043
-18.02683449 -8.22326088 -33.69039154
-5.89383507 26.86673927 -0.43839094
30.58616447 15.29073906 3.37160659
13.22916222 24.49573708 5.66160774
12.58816338 23.80273628 6.77560997
-34.73483276 12.57974052 -4.44439125
-2.40683556 14.79373741 13.65560722
-1.42583275 -23.41426086 7.46560860
18.71316338 17.58873940 11.08760643
15.90516472 28.16674232 -25.48139191
7.97816277 -19.37426186 14.51760674
15.78416252 22.17973518 7.28560829
26.28116417 21.97973824 -3.93139100
5.83216667 -9.43626213 -36.29839325
-6.68683434 -26.71426010 -13.19739342
11.87716484 -14.00926018 -29.63039207
26.28816795 -0.47026247 -30.27639198
13.77716637 -10.13826180 -32.16439056
17.97916222 15.12373924 -36.23839188
7.51916313 -24.83726120 -10.52639198
6.54616356 -25.22826195 -10.41339302
18.93216515 20.86174202 7.50460625
15.87916374 24.35074043 4.24160957
3.98416710 -13.23326111 -33.72639084
19.46516228 18.09374046 10.32260704
3.81716728 -18.86526108 -27.30839157
20.45816612 -10.03825951 10.59560966
31.08416557 -20.43926048 -6.92939186
22.47116661 2.75773811 -34.00939178
28.08016777 20.15773964 -2.18439317
11.22616386 27.31273842 3.31960845
40.70217133 -1.65026283 -7.54639244
2.06416512 -24.83126068 -16.97939110
-16.21983528 16.15473747 15.19060707
-3.95883369 33.00074387 -14.45739174
-5.41783333 -0.15226167 16.23660851
34.93817139 -8.80825996 6.54560661
-5.50783348 -18.78426170 -26.80639267
32.99316406 -7.33025932 -24.75939178
-30.08783340 -5.46426201 -19.80739212
19.90016747 3.42774010 -35.67739105
2.58416557 -21.35426140 -23.61139107
28.44516563 -20.41826057 -9.50239372
-20.35683250 27.24173927 -0.14539167
18.81016350 14.87774086 -35.66739273
-26.85683250 26.88173866 -5.37739372
33.32016754 14.68873787 -17.72639275
-20.61183357 28.11773872 -2.31239152
-3.59283257 27.98874092 -2.91239381
-13.61783409 0.77273756 17.94460487
35.51516724 6.60273933 -21.11639214
-22.63983345 -11.31826210 -23.51839256
10.53916740 32.18674088 -21.02539253
-5.70683479 -23.16026115 -20.24139214
-2.61583519 -4.71726036 -39.68539047
33.44216919 -11.58326149 2.54660964
29.82316399 2.25374031 11.87160683
-30.80883408 -4.76526070 -18.65639114
16.03116417 29.07673836 -22.33939171
-6.34583473 -24.17226028 -18.37239265
-10.04583549 -21.08926010 5.52760887
21.68516350 17.20973778 -32.15039063
13.81316948 -22.08426094 -9.70939064
-20.82083321 25.16373634 4.95660973
23.47116661 -0.89526170 12.83760643
27.39116478 18.19774055 -23.96639252
26.52016258 -9.78026009 9.31660652
33.89516449 7.51774025 -23.07639122
23.52216911 -6.48826027 11.67360878
13.84016228 31.19173622 -18.44639206
-21.55383492 -13.01826096 -15.96839142
28.29416466 -9.31625938 9.06660652
-16.06783485 -8.80626106 4.83360863
24.32616234 23.04374123 -3.24239182
3.28316689 26.95073891 5.32160759
18.18016624 19.17473793 -34.12939072
-13.42283440 9.80974007 17.96061134
-2.83783531 24.86474037 6.62860680
-4.57883263 -2.92426109 -40.55639267
-21.55983543 -7.84926033 -31.44739151
-7.84083366 -23.15626144 -19.16639137
-15.13783455 -1.05026054 18.04260445
35.33916473 12.82073784 -15.27539253
26.31316948 20.96973610 -0.77539277
19.31616783 22.65474129 -29.74539185
25.22716331 21.99173927 -1.64339280
14.08016777 31.39274025 -16.07739258
-4.83383369 -22.80226135 9.74560738
29.02516747 -14.10426140 4.21960640
40.80516815 -3.19825935 -11.29939079
32.17816925 9.17273903 -24.82539177
33.35717010 8.42873955 -23.51339149
28.96916771 -20.21026039 -14.15339088
-6.68383598 -24.67126083 1.87560821
-2.14483452 -1.74625969 -40.82839203
14.77916527 27.86973763 -27.82439232
-2.28483391 -26.26826096 -15.05939293
-7.95983315 -15.10826111 -30.60339165
40.53617096 -2.38826180 -11.94039345
-24.13883400 -10.77326012 -22.32739258
29.60416222 18.00673866 -20.25939178
9.82016563 -24.12426186 -8.87139320
18.11716270 25.30974007 -27.62139130
12.19116783 -20.69526100 5.64260674
-21.46383476 26.17173958 2.34660888
15.95716667 28.48473549 -24.49439240
33.82116699 1.02873802 -24.36539268
-0.37783241 -23.92626190 5.89660835
25.69516563 21.06573677 0.17160967
-16.25483513 13.84573936 17.36660957
31.92916679 -4.16726112 -25.76539230
24.10116386 22.21373940 -0.14339277
23.56016350 19.55073738 -27.59539223
-13.00483513 -13.14126015 -30.40939140
3.68116570 -19.96826172 -25.63239098
-21.69483376 -8.23325920 7.30260658
-33.75183487 -3.74725914 -8.82839012
8.63216209 9.60373878 -40.42739105
0.33416557 -3.89826012 -39.84939194
32.68416595 -21.51526070 -9.50639153
-8.99783516 25.09473610 3.63760924
-25.52083397 -9.62125969 -22.73139191
16.40716362 -21.06326103 -9.81239128
34.05816650 -11.80126190 1.40460753
-4.73383522 -25.04426193 1.78760695
0.75516701 -4.07126045 19.69160652
11.44016838 -23.22526169 -9.93839073
1.42216682 -6.65926170 -38.67739105
14.48616600 8.17473793 -38.55839157
26.34516716 10.46273994 -30.91539192
30.45516777 5.99273872 11.42560768
33.12816620 -9.17226219 7.08460808
13.65016747 5.96174049 -38.64639282
15.56816673 -7.23126030 13.30360985
14.96416283 -0.63026232 13.88060951
-33.14783478 0.83273894 -18.89639282
24.21116447 21.67173958 1.13960814
21.14616203 -11.17526054 -27.31139183
-2.88583565 31.31473732 -10.64239311
19.24116325 -20.37726021 -9.04539299
14.85316277 30.21773720 -5.81539345
30.03516960 -4.98826027 -26.62239265
-7.86283302 -18.20526123 -26.26539230
-24.31883430 28.22973824 -5.96339226
19.25016594 2.19273949 -35.81439209
-6.09083366 24.08374214 6.67760658
27.26816368 -12.12426186 7.08360863
27.88416862 10.64573860 9.72560692
13.18316460 31.06373787 -21.36139107
7.43716240 -10.08126259 -35.36339188
-35.86983490 1.43973732 -7.99839211
-1.89883232 -27.25126076 -10.90239143
4.92616844 -20.62726021 -24.05739212
7.92816734 -18.66426086 15.58060646
-7.47983360 -22.24326134 6.75860786
30.78416252 16.04073906 -21.45039177
17.68016624 -19.50026131 -16.72739220
13.95116234 22.15674019 8.12460899
4.89816856 28.30373573 3.11360717
-16.16483498 -10.70626259 -31.89139175
1.65216637 27.19173622 4.30760765
11.93416405 -9.63026237 -33.61939240
-5.72983360 27.93374062 -3.59539247
25.13216209 21.16273689 0.93760848
29.85116386 -13.07326126 -23.69139099
17.89116478 -19.96926117 -14.83839226
-20.10183525 29.00473976 -5.32539177
18.11516380 3.41374016 -36.65939331
-31.97783470 -3.92725945 -16.04739189
-6.66083336 1.79373741 15.45460701
-23.09283257 -10.67526054 -24.48339272
-7.51983452 -22.14426041 7.73660851
-20.67683601 -9.16726112 2.50960708
11.77816582 3.27673912 -38.94039154
-3.20783424 30.15773964 -8.51139259
6.92316246 -25.19026184 -9.68239021
21.81916618 5.14773750 13.01760674
-15.48983574 -7.03926277 14.25660896
-35.16483307 3.36474037 -10.96639061
-4.35783577 -27.30026054 -11.46539116
-13.52883339 8.00274086 19.10660744
6.67616844 32.36674118 -7.76239204
1.46416664 13.37373924 13.60160637
21.14516258 20.47474098 -29.85539246
15.58916283 -6.07325935 13.49160957
14.67216301 18.40773964 -37.53039169
17.05616570 22.11374092 6.73560905
23.62316704 -8.95826149 10.56060982
-0.16983603 -24.95626068 -17.59339142
-19.29683495 16.92774010 16.07360649
5.76916313 -19.05726051 18.49860573
14.11516380 19.41573906 -37.55239105
24.58616447 -19.88026047 -5.22739220
20.65616417 6.80874062 13.10760689
-35.21483231 7.53874016 -8.37939262
14.00016594 -21.16026115 2.10760665
4.81016350 -22.05826187 -21.60539246
5.49316216 -19.96726036 -24.94939232
16.99816704 25.43474007 -29.07539177
8.70816612 27.84774208 -32.02839279
13.88116264 -9.62125969 13.52760887
40.38016510 1.84473991 -11.75939369
-1.27283287 31.88874245 -11.32239342
-24.68883324 -11.12926292 -11.99139214
9.38116264 29.34573555 1.09960723
7.70216942 29.96773720 -28.84139252
18.10716820 21.97374153 6.36460686
13.42716789 17.35074043 -38.67239380
-15.73483467 -9.99526024 3.31360793
-27.88183403 -8.99126244 -4.90739250
24.45916557 18.87673759 -27.29539108
-35.13783264 8.81773949 -7.17839241
25.13316917 13.44074059 9.59360695
27.44716454 -20.24226189 -9.77439308
24.45916557 -1.07426262 12.62860680
-0.89383507 -23.20726013 12.17160988
28.65816307 -14.86226082 3.50360656
29.41516685 3.02573967 11.89160728
34.85316467 -15.12026024 -0.71639085
-13.65783501 -0.66925997 16.82060814
25.27216911 20.09173775 3.05160689
-1.11983299 -23.24226189 8.39660835
-15.55183601 -16.30326080 -19.48139191
18.00216484 24.43973732 -29.18939209
28.65216637 16.80773735 -24.03139114
-13.99883461 -10.61826134 -33.28139114
-29.36783409 21.40173531 5.60260963
0.41316414 -27.24426079 -7.79339027
30.60016441 17.02973747 -20.11539268
19.99516869 -15.19926071 6.40960884
36.26916504 11.94774055 -14.42039299
37.54416656 12.09873772 -11.16639137
1.30116463 9.22073936 14.25760841
24.39816856 20.19973946 -25.38939095
39.76316833 -7.54326057 -3.53139329
1.36116600 33.43873978 -21.80639267
29.49216270 17.07974052 -22.15939140
20.27116203 23.23273659 -27.41139221
29.32316399 15.91974068 -24.17939186
24.56716728 22.82074165 -19.15939140
4.50916481 2.48773766 15.25060844
-17.86583519 -14.47726059 -3.98439240
4.07016563 1.46174049 15.61060905
25.47316551 21.41774178 -20.94839096
5.49916649 27.08474159 5.30660820
6.87516594 19.61573982 11.52460670
15.30416679 30.91774178 -10.92739296
13.35516930 17.28874016 12.49460793
-9.64983559 16.05673790 13.72160912
28.74616814 -18.81226158 -3.43639207
-5.21983528 18.27474022 12.45960808
-0.75783348 32.96374130 -14.13139153
-13.84183311 9.19874001 18.92260933
-14.86083412 -10.91826057 -32.42439270
-7.89983559 -19.63526154 -24.14039230
-8.74083519 -19.57126045 -23.53939247
6.53816795 -16.87726021 19.08761024
6.07916832 -16.23326111 19.84760475
-1.18083382 -25.96526146 -15.62239265
-0.17283438 -26.10926056 -15.01139259
19.02716637 8.16374016 13.29360771
19.59316826 9.41173744 13.11360741
-3.79683495 24.93374062 6.04560661
-31.48483467 -4.15826225 -17.40139198
-31.90283394 -2.90926170 -18.21639252
-5.47983360 1.55573845 15.49160957
3.65416527 9.33674049 13.99460793
4.50616646 8.72673988 13.96960640
0.17516519 31.84674263 -10.44339180
30.94416618 -0.23826021 11.73960686
-3.09983253 12.40574074 14.23960686
-2.50083351 13.36373711 14.02460670
40.38317108 -2.16926003 -11.15739250
40.38417053 -2.59726143 -10.33839226
-1.72883415 25.96373940 5.17160988
3.43416405 8.20673943 14.17360878
3.43816566 7.07473946 14.34160805
4.23216438 7.71773720 14.14960670
11.84616661 32.34674454 -15.69039154
13.07716942 31.86773872 -15.75739098
-35.24983215 2.39373970 -10.43539238
-34.95583344 1.60173988 -11.15039253
-35.03383255 2.51173973 -11.29939079
28.98216820 -19.92826080 -6.01739311
30.07816887 -20.14726067 -6.41539192
-2.89283562 11.63073921 14.31160927
-2.15783501 12.27873802 14.18960762
-32.74783325 -3.79226112 -13.14739037
-32.82583237 -3.38826180 -13.83239174
20.45216942 -20.21626091 -7.26939201
19.88316917 -20.29526138 -8.10639000
-3.80583382 28.90173531 -5.85739326
-27.74983406 25.15873909 -1.12239289
20.28516960 -20.19026184 -9.40739250
19.49416924 -20.27526093 -10.20139122
-6.71483421 25.88874245 2.14060760
11.06316948 32.29973984 -19.03639221
10.30516624 32.45774460 -19.71639252
11.25016594 32.06673813 -20.27139282
10.23316765 23.01873970 -37.77539063
27.43316460 -7.92526054 10.18160820
21.65016747 -8.00826073 11.41360664
22.44616508 -6.76326180 11.75660896
-33.09783173 -2.14426231 -15.08339119
-2.18583488 32.17473984 -12.27839088
26.57516289 -19.89826012 -6.05639076
16.76416588 -17.93626022 -20.77139282
18.12816429 -17.98126030 -20.11839104
-1.49483299 33.35174179 -15.54639244
-2.30783272 33.12974167 -14.72039223
35.05616760 -14.21626091 -0.51639390
-2.35783577 -23.19026184 8.27360725
-3.32383537 -23.20626068 7.64260674
-22.56783485 -12.25426102 -13.15739250
-23.24183464 -12.06426048 -13.87839317
-9.05683327 -22.86726189 -18.83439255
-8.58883476 0.64974028 15.59060860
-23.52883339 -8.20826149 6.98960686
-22.53283501 -8.16926003 7.69360924
1.60716438 33.40874100 -18.45739174
-1.24383354 12.15473747 14.11560631
30.48716545 0.79773909 11.81860924
-13.47083473 30.05473518 -8.31739235
24.31716728 -8.52126122 10.67160988
25.21316338 -8.38826180 10.53060722
-1.88083458 -27.54026031 -4.36539268
-1.03883553 -27.25226021 -3.33239198
2.97816658 -3.67226219 -39.65539169
3.16916466 -2.76926231 -39.90639114
18.15216637 2.35673714 -36.45339203
16.00016594 3.54073906 -37.58439255
15.61016655 4.76173973 -37.87239075
12.24016380 -22.23826027 -13.39339256
-14.76283455 -17.29926109 1.91160750
20.26916313 -8.62825966 11.46060753
31.42316246 15.17473793 2.53460860
-4.25983238 4.47574043 15.06560707
-5.06283379 3.46874046 15.25160789
33.51216888 -20.97026062 -6.63539314
33.40016937 -21.32626152 -7.58039284
-26.44683266 -9.89426231 -7.00639153
-25.44583321 -10.24526024 -6.60039330
-35.12083435 4.29973793 -11.14539146
-35.01883316 4.89673805 -11.66639137
27.50416374 -8.92326164 9.58060646
5.91916466 -6.93726158 -37.75839233
5.27916527 -7.77126122 -37.47939301
-26.91183281 26.18773842 -2.43739152
-33.96083450 15.99973869 -1.86539292
-33.96683502 15.94473839 -0.74139237
1.25816536 -24.18426132 -18.79539108
6.62816429 -25.00526047 -11.45239067
5.83516502 -25.42626190 -10.83439064
-0.25183296 -1.47126198 -40.70939255
3.83716393 11.70173836 13.64960670
3.99016762 10.47373772 13.80560875
10.03016472 28.96174049 -29.47339249
10.71916771 29.33274269 -28.44639206
0.94216728 -24.77526093 -17.63139153
0.89516640 -25.28526115 -16.52939224
-21.94483376 25.20673561 4.55560875
-6.87483406 26.95673561 -0.99539399
2.39916420 8.92573738 14.18760872
-4.65783501 27.61474037 -2.20239091
-4.60283470 28.06273842 -3.66739106
-10.07683372 -14.59026146 -30.11939240
18.51016808 -11.41926003 10.32260704
0.12616540 25.86174202 6.24860954
-0.54883385 26.33773994 5.02660942
28.56616783 -20.21126175 -7.38239098
29.38116264 -20.18826103 -6.77339363
10.36616325 13.52973747 13.30460930
10.01416588 14.44373894 13.15060997
10.09816551 5.86773872 -39.69339371
16.35816765 0.64573866 13.61360741
16.23716545 -0.28626055 13.65960884
15.39116478 0.46073729 13.74760628
40.40716553 -4.21125984 -7.66439247
-2.64383507 -27.24026108 -11.30039024
13.89916801 30.99773598 -19.62039185
13.06016350 31.33073616 -20.19039154
-12.53183556 -12.68126106 -31.41539192
31.26016808 4.33773994 11.83560753
11.03816795 -23.29126167 -10.93239021
12.00016594 -22.87326050 -10.59839058
6.11416435 5.84573936 -40.94439316
14.50416374 -21.16226196 1.21160674
7.36816216 29.30173683 -30.22839165
5.29316521 32.02273941 -25.39339256
11.80716515 32.18873978 -17.65739250
12.49416924 31.99373817 -16.89539146
14.56016350 -8.34126091 13.47860909
-1.46083260 1.84273720 -41.94839096
21.20916557 -10.32126045 -27.97739220
20.35016441 -10.88126183 -27.89439201
3.57816505 -6.21626091 -38.59739304
-26.63383293 26.03074074 -1.62639070
25.19516563 -1.18126106 -30.85039139
19.98016930 -19.82526016 -14.43739128
20.97916222 -19.71126175 -14.94639015
20.92716789 -19.88926125 -13.75939369
-35.10383224 6.29574013 -10.40939140
23.56916618 22.89973640 -1.20539308
21.68416405 22.22174263 -26.51139259
6.08616447 31.33674049 -26.76839256
31.95016289 -20.20126152 -5.97039223
2.73216438 33.23574448 -21.63039207
15.29816246 17.15574074 -37.50839233
20.89616203 4.39773750 13.24260902
31.58616447 -6.02526283 -25.74139214
31.86316490 -5.12225914 -25.71639252
-9.04383278 -24.93526077 -15.95739174
-28.57483482 23.07673836 2.96660781
19.61616325 6.21973991 13.29560661
33.95016479 -14.50426102 -0.28139326
33.19017029 -15.32126045 -0.50939393
38.61917114 10.84573936 -11.11739159
13.60016441 20.41974068 -37.47639084
30.44316673 2.83873940 11.85760689
18.98416710 -16.93426132 4.82760811
-0.30283546 10.24674034 14.26060677
-0.76383400 11.32773781 14.16760826
0.03216745 33.21074295 -15.23239136
-0.91183281 33.55574417 -16.70039177
-21.07483482 -10.19025993 -1.46639085
32.36116791 -2.77926064 11.17460823
19.65316582 -20.31826019 -5.55939293
9.49716759 19.33073997 11.52060890
12.80216789 21.61973763 -37.33239365
24.20216942 11.84073830 -32.44139099
-0.66083336 2.65273857 15.44160652
16.11316490 27.58973885 -1.67339158
12.20516777 -6.52826118 14.89860725
15.57616234 -21.49426079 -6.92839241
39.50016785 1.57873726 -15.59539223
5.16916466 16.40273857 12.69960976
-27.95583344 -8.66826057 -1.61239076
23.24616814 -4.57726097 -30.60939217
11.61216545 2.18273735 -38.84339142
13.26616478 3.36873817 13.69460869
-4.42283440 -0.57426256 -41.54839325
-6.56983376 -21.10726166 -22.87139130
2.86416435 3.35273933 15.15360832
15.78316307 -21.33526039 -8.87939262
31.56716728 -13.59126091 2.49760604
15.51616478 -10.01426125 -31.23039246
-5.54683495 8.85074043 14.50660896
-9.63983345 -11.20626259 -34.46939087
40.78816986 -4.59826088 -8.49839211
15.77616692 14.94874001 -37.80839157
-33.89483261 -4.13226128 -7.22139168
31.84316826 17.32673836 -16.15939140
-15.04483604 27.19574165 -0.52139115
28.20116234 -20.25426102 -13.36739159
3.08616447 28.43773842 1.94460845
35.89516449 14.14274025 -9.88539314
-7.91383553 27.14673805 -1.64439225
26.20216942 13.90173912 -29.74839211
5.70316887 3.64673805 -40.74739075
-22.07283592 23.09173775 8.05860710
30.16616631 17.91673851 -19.29639244
13.08916283 -9.10626030 14.15360832
15.84016228 12.35774040 -38.16539383
-7.23283577 -25.55526161 0.57860732
25.73916435 16.34374046 -28.44739151
-29.33783340 -5.62426186 -21.98739243
9.62516594 -14.12026024 16.10060692
-5.84383583 -9.49826241 -37.10439301
5.34716606 -22.53126144 9.95460701
1.29016685 -19.58626175 -26.76539230
2.87116432 10.01674080 13.99460793
21.91016960 24.19774055 -21.92239189
16.85816765 24.42673683 3.37160659
-11.10483360 -10.55125999 -34.61239243
-27.00483513 26.82973671 -6.88439369
0.40516472 -26.76226044 -1.86439347
13.86216545 31.60273933 -14.93439293
15.96116447 16.06973839 12.63260841
0.22416498 -7.24426079 -38.49939346
11.54016685 23.52573586 -36.67339325
-0.77683449 -27.51626015 -7.46539116
21.87516594 3.89673805 13.11060905
-10.25483513 6.25374031 16.23660851
12.90016747 22.25074196 8.42960930
32.42216492 16.33674049 -16.88839149
23.72116661 -12.56826019 -25.35339165
6.14116478 4.64874077 -40.78039169
11.67516899 -23.14226151 -0.69639039
39.14516449 2.48473930 -16.22239113
7.07316399 9.39473915 13.57460976
-35.16583252 5.21573830 -10.61639214
-5.52983284 16.48573875 13.33060646
10.07216454 -20.42726135 9.01160622
10.65516472 7.79073906 -39.67939377
35.25817108 12.35873985 -16.36339188
19.37016869 16.28473854 -34.63739395
2.79616737 -3.74025917 18.55560493
-13.01083565 27.04673958 -0.81939149
20.38216209 19.21473885 8.70160866
15.93116570 30.56673622 -11.74039268
17.95816612 -11.15326118 -28.82739258
31.91416740 -16.81626129 -20.15039253
30.47416496 -7.05726051 9.69360924
2.75916481 -24.06826019 5.39760780
-4.74083519 14.05874062 14.03660774
16.74816704 -17.28426170 -21.97939110
32.14717102 15.00374031 2.00160766
23.36916924 20.99873543 3.80060744
24.35316277 -6.35125923 11.58160973
15.29116631 -19.19426155 4.60660744
21.68716240 19.58173943 -30.11639214
21.06316948 -9.23026085 10.93160820
21.65016747 16.90674019 9.97660637
1.87316704 3.17573738 15.26060677
-29.45783424 -8.15226173 -2.85839295
28.53416252 -15.31726074 -22.38839149
25.57116508 13.90973854 -30.40039253
14.35216331 2.70673943 13.67160988
9.56316948 -23.11126137 -14.59039116
8.45616722 26.85973549 5.08560753
17.80716515 26.21673775 -1.30839372
4.08816719 -17.58926010 -29.00239182
-6.29183388 -10.37426186 -36.32539368
-11.99083519 26.99974251 -0.98839402
11.30316734 25.63773537 5.34460640
30.67716789 -20.81126022 -12.19539070
27.56416893 -19.77826118 -15.61639214
6.09216881 -5.06625938 17.89960670
20.64616203 25.56273842 -21.32739258
32.28116608 -7.65726280 8.79860878
-17.64883232 -12.32426071 -4.80939293
15.69416618 -10.80326271 -30.40239143
33.98716736 -18.26526070 -18.03939247
30.17116356 -19.76026154 -5.44139290
30.08016777 -5.61726189 10.46460915
-5.76883507 29.00174141 -6.35439110
15.13816643 30.36773872 -7.02739143
31.54216576 1.11973763 11.91460991
14.72516441 -11.68326187 12.24160957
11.24516869 4.69973946 13.69960976
-35.31783295 4.23573875 -10.16939354
2.32816505 -26.72426033 -4.03439140
20.99216270 13.92674065 -34.26239395
10.53316307 -23.15026093 -12.82139015
12.86816216 -21.80926132 2.16660857
-11.63183403 27.38273811 -1.98739076
25.03316307 19.47973824 -25.60839272
-34.74883270 9.13673973 -13.44639015
7.98916435 -17.12026024 -27.82539177
10.31216240 30.18374062 -1.06639314
9.89816856 -15.55826187 -28.88239098
-8.62983513 -2.58226204 18.30360603
-21.24983406 28.58374214 -3.91139054
16.02616692 -20.20426178 1.64660811
-8.87283516 -17.78526115 -26.07639122
29.91816521 10.30773735 -27.22539139
-22.68583488 -9.27226067 1.59660888
15.37516594 3.25974083 13.53460884
-21.21483421 -10.19725990 -28.30239105
-15.37583351 20.79474068 10.66860771
34.64216614 -15.84826088 -0.99139237
-20.45483589 18.18374062 14.92860985
13.70816612 16.57073784 12.70860863
-14.27883339 -16.33826065 7.05560875
35.39817047 -9.60326195 3.16460967
-15.62483406 -13.72226143 10.20260811
-3.94683266 13.23173714 14.14560890
23.23016930 9.87373924 11.94260979
-10.13583565 -9.51426125 -36.01739120
-1.53083229 14.17973900 13.75060844
-7.80283546 31.35373878 -11.08139229
-4.58583260 28.51774025 -5.03739357
-14.79883385 -16.04826164 8.45860863
9.66916466 29.53773689 -28.64239120
-26.79983330 -9.22126198 -3.06439042
21.21716881 -12.10426140 -26.47939110
-3.42683601 29.52473640 -7.20539284
16.22916222 2.47073936 13.53360939
-4.78683281 32.68074417 -13.75039101
-6.60483360 -17.13326073 -28.51539230
0.59816551 17.15173912 12.71360970
8.75416374 -15.32126045 -29.80339241
-9.26583290 6.09873772 15.76960945
-7.83483315 -12.95526123 -33.34039307
15.19016838 15.71973991 -37.96939087
10.22116661 32.49773788 -8.77639198
-0.48083305 -23.32726097 13.12160683
3.84516716 -22.55226135 -21.12139130
8.12116814 -16.72226143 17.05660439
0.54216576 -21.08526039 -24.31239128
28.13216209 -17.45326042 -0.85039353
-8.40683556 -13.45226097 -32.54839325
-16.06583595 26.10773659 2.19560790
12.24916649 -5.24025917 14.85160637
-10.37983513 16.73073769 13.46360970
16.95816612 23.16273689 5.23860741
31.75016594 10.07974052 -25.10839272
21.95916557 -15.63326073 5.09660912
11.78016472 -7.42826271 -35.22339249
15.14116478 -15.86226082 -25.09639168
-2.77883339 -27.45626068 -3.49639344
-5.53683281 14.17074013 14.05460930
23.89916801 23.28273964 -19.48539162
-20.58383369 -7.75926018 -32.37939072
3.21216393 -17.01826096 -29.94839096
35.76616669 -10.10926247 1.27160811
33.89817047 -16.72026062 -19.63039207
22.72816277 20.87273598 4.77660942
-14.16783333 -4.57925987 16.94460487
1.87016487 16.52573967 12.85160637
4.13516426 13.96773720 13.26060677
-14.04183388 13.36073875 16.10460854
4.14216423 -11.89826012 -34.88939285
14.93116570 -21.49026108 -11.15039253
20.26416588 -16.56126022 4.57760811
-32.55883408 19.71073723 -8.03839302
29.43616295 -18.13026047 -2.51639390
23.37216759 -7.54126167 -28.85539246
3.86116600 15.20973778 13.03160667
28.84916496 20.19774055 -16.57839203
-12.32383537 30.22773933 -8.75239372
-35.49483490 5.34473991 -8.76439095
-9.47783470 3.64174080 15.99960899
18.65516472 -14.93726158 7.34160805
38.65816498 -4.13826180 -19.95539284
11.61616325 -13.20326042 14.19860649
0.98316765 15.63574028 13.15260887
-17.22383308 26.90374184 0.60060668
24.51216698 -5.87326241 -29.11639214
-11.49183464 -11.17025948 -33.76639175
10.55316734 -23.69826126 -9.66039085
17.12916374 -7.87526131 -32.05539322
38.66117096 -11.62426186 -0.96039033
21.37316704 20.57573891 6.34060860
-5.43283272 -18.29226112 -27.54939270
-27.98083496 21.81673622 6.94760704
15.09416771 27.24173927 -28.54339218
5.91816521 -21.79326057 12.46560860
40.65716553 -2.42826271 -6.76539040
33.53416443 -15.35026169 -20.89239120
22.44616508 -9.02826118 10.73560905
-23.43983269 -11.50026131 -21.44739151
-2.19383430 31.68973732 -11.22339058
19.69716454 -9.89526176 -29.04439163
28.70116234 19.05573845 -19.90339279
13.37816429 9.64773750 -38.99439240
-16.06083488 11.81773949 19.35760689
-17.81583595 24.90073586 5.22160912
17.28616905 10.64773750 -37.50839233
-0.66183281 -27.39626122 -4.54939079
25.88716698 -19.25526047 -16.81439209
-12.51283455 -9.13026237 -35.59039307
0.06416512 24.08773994 8.44060707
16.78616905 -14.58926010 -25.78839111
-35.55583191 4.35273933 -9.06539345
27.85416222 -20.30426025 -12.36239052
-18.41983604 -14.39326096 -5.92039299
19.09316826 27.09974098 -7.62339211
-17.62783241 -13.57126045 -6.75439262
1.82916451 -26.60326195 -2.16339326
32.75716400 -1.88326073 11.50760841
31.40216637 -3.12426186 -26.13739204
10.69116783 1.00073814 14.53760719
17.00716209 29.17673683 -8.47839165
15.76116753 -15.23926163 8.94760704
-6.69083595 -18.86826134 -26.07639122
-28.13883400 -8.54525948 -17.97239113
36.63116455 13.50274086 -9.82139015
-13.90483284 14.33873940 15.39361000
11.61216545 18.35373878 12.02360725
29.46516228 6.64673805 11.23960686
-29.06983376 -7.75026131 -16.92739105
37.08816528 -10.07626152 0.00360658
9.10616875 6.01674080 13.73760796
6.87916374 28.87474251 2.43060851
-12.71283531 29.56874275 -7.20239067
-11.90983391 -20.72126198 3.59660888
-32.80183411 -3.97426033 -12.23739052
28.65716362 -0.72625917 11.89760780
26.13716698 -15.85226059 3.32560897
12.15816307 -13.43726158 13.55260658
31.91816521 17.50173759 -15.23239136
6.41916466 -14.94526100 -31.28539276
-8.67083549 -18.97626114 -24.47639275
-26.17883492 -9.28026009 -2.05939317
-14.69883537 -12.44226074 3.40960860
21.87816429 2.88373756 13.18260765
39.85216522 -8.80925941 -3.18439317
15.40416527 26.34373665 1.62760711
-6.41683388 20.84974098 10.55760765
-7.77283287 27.44374275 -2.41339326
8.34716606 26.04374123 6.09860802
17.42316246 -14.82926178 8.13360786
21.62416649 2.98673820 -34.58039093
-0.39683342 -27.26326180 -9.61139107
28.52016258 15.53573799 -25.79639244
-17.13483238 -7.07325935 -35.43239212
-4.96783257 5.63173866 14.88560677
27.78216362 -19.65226173 -5.13839149
-12.32983589 28.73173714 -5.20539284
-11.72083473 28.43873787 -4.59639168
10.43516350 18.78373909 11.80260658
-34.58983231 12.67173958 -12.09639168
31.97916222 11.44373894 -24.04939270
-14.97783470 -15.92926025 -21.97739220
25.30416679 18.06574059 -27.23239136
1.45216560 33.19073868 -15.54039192
8.00116539 -21.13526154 10.49760628
27.70216942 -14.39626122 4.67360878
26.59516716 18.87874031 -24.14839172
24.54916954 23.62273598 -6.71139336
-13.36683464 28.21973610 -3.64039063
19.58116722 -19.14126015 0.44660738
-31.56283379 -6.34425926 -9.66439247
-10.22083473 -8.60926247 -36.82339096
12.22616386 3.80874062 13.73760796
-0.06283378 33.71574020 -18.75439262
-18.07283592 -5.30726051 14.48360634
-21.20683479 23.67873573 7.34860802
-5.96183586 -22.57226181 9.78160667
-21.61483574 -11.67826080 -24.24139214
-5.90483284 -26.01526070 -15.20239258
30.92716789 -1.92526054 -26.48139191
-2.44083595 -26.66726112 -13.88839149
22.18716240 3.82374001 -34.32339096
5.06216240 -10.65226173 20.66560555
-8.25083351 26.65674019 -0.40339109
10.85716820 -2.09726143 15.06460762
5.10816765 -15.32726097 -31.33939171
-28.02483368 26.02874184 -8.22139168
-8.74983406 25.48674202 2.63160872
18.93716240 3.43374062 -36.22339249
24.96916771 12.51674080 -31.59039307
-34.11783218 15.41673851 -7.48239326
25.33116722 -0.25325960 -31.13839149
33.22416687 -12.41826057 1.82760787
19.54516411 7.46174049 -36.14039230
-15.44283485 29.80574226 -7.58239174
17.45116234 25.89274025 0.04660967
-12.30983543 -18.18626022 -21.61539268
-12.03683281 10.58674049 16.23860741
32.42417145 -21.40826035 -11.26839256
-8.88283348 -23.12326050 3.01760650
1.27016640 -5.40526009 -39.21939087
8.98416710 -24.51226044 -8.34339333
27.74016380 4.09073830 12.00660896
12.72816277 26.41373634 -31.78839302
-16.14183235 -10.83625984 0.90060973
35.64516449 -9.51725960 -22.49539185
11.42916679 27.85973549 2.43660903
-1.38283348 -0.97826189 -41.01439285
33.55516815 -21.67826080 -8.62039375
34.22016907 -8.41226006 -23.72839165
24.76716423 -13.61926079 -24.33939171
-17.17583275 17.92273903 13.95760918
0.96016502 -2.38826180 18.03360939
23.72316551 7.55473900 12.28560829
18.45016289 -20.41126060 -3.26639390
2.49616432 11.15973854 13.86960793
6.57416344 31.99573708 -24.73439217
27.63516808 19.31273842 -21.45639229
8.62216759 -18.13426018 -26.12339211
30.73816490 -8.90926170 8.40360832
-33.52183151 17.70173836 -6.81939125
17.28716850 20.82274055 8.44460869
-18.81783485 -6.14826012 14.01660728
-34.75483322 12.73073769 -3.16439271
-4.07383537 -26.01726151 0.20260790
-4.54983330 15.88373756 13.48460960
12.79116631 -0.74926180 14.36460686
22.04616356 24.98574257 -6.95939064
2.58016396 12.49973869 13.64260674
30.92416954 11.55874062 -25.55239105
-8.06283379 5.02173805 15.48560905
26.18516350 11.93673897 -30.68739128
-34.26883316 14.89073753 -5.00239372
4.18516731 -5.27526283 -38.88739395
3.95616722 16.26674080 12.78760719
31.87316704 16.57274055 -17.97739220
17.25916862 -11.06026268 11.13060951
-1.56983376 32.64574051 -13.29639244
38.85216522 6.64974022 -15.16039085
-12.66383553 8.89573860 17.53560829
-7.99683571 7.53774071 15.07660866
30.14116478 3.92473793 11.80860710
5.84616661 -25.63126183 -3.18139100
-2.79383278 32.73974228 -13.72639275
19.80216789 26.33574104 -21.25839233
13.88416862 24.76873970 -33.09939194
-11.29283333 -20.10726166 7.68560982
1.06916618 5.29273796 14.80060768
-14.97283363 23.85673714 6.39460945
17.59216881 14.85873985 12.66660881
36.85717010 11.68374062 -13.48139000
17.43416405 -20.77726173 -3.83239198
14.51916313 -10.75426292 -31.17739296
32.40116882 -20.76826096 -7.02439308
14.14616203 -15.79526138 -25.83939171
-16.95083427 25.98473549 2.67260909
28.14416313 -15.90426064 -21.89239120
14.86916924 20.12073708 10.31160927
-13.81983376 -17.98826027 2.93960738
16.37316704 -12.47126198 10.69560814
3.68516731 -23.01726151 9.25660896
17.77116203 -9.63525963 -30.27339172
-6.78583336 10.74973869 14.53560829
16.22616386 12.71874046 13.32960701
28.38516808 12.02573967 8.73860741
6.57316399 -25.32826042 -2.11139131
4.99316216 -5.55026054 18.60960579
32.39216614 -16.86326027 -1.72039247
-10.32183266 5.32274055 16.35060692
10.08116722 -13.63426018 -31.08239174
1.73316765 -3.26326180 -39.92939377
31.43016624 14.56173897 3.70660949
8.40016747 -13.24326134 -32.32239151
0.04716684 16.04474068 13.11560631
19.79916954 -10.55326271 -28.43639183
12.65116692 16.70073891 12.69560814
-0.41583443 -3.23126030 -40.13739395
23.76316643 22.40073586 -22.18739128
20.50716209 18.45173836 9.41160774
-5.62983513 -16.89826012 -29.33639145
-6.58183479 -1.73526192 17.39760780
12.55716515 17.65574074 12.36260796
-18.99283409 25.04274178 5.17560768
15.80516624 30.16073799 -17.80239105
20.02716637 -14.27726173 7.35560799
2.47716713 5.44074059 14.70360756
20.51116753 21.07973671 -30.04239273
14.04116631 -18.86126137 6.50360680
-14.56983376 27.93573952 -2.51639390
-2.64383507 -3.30426216 -40.26539230
-12.10383415 -21.60326195 -18.15339279
37.14416504 -17.45026016 -0.73339295
11.92516899 22.61873817 8.38260841
11.77516747 32.40274429 -10.83739281
9.36216545 -9.36026192 -35.08639145
-13.79283333 -9.87926292 -34.23439407
28.56116295 4.95073891 11.76360893
30.95916557 17.33773994 -18.67839241
14.98416710 15.48673820 12.95060921
-22.38283348 -8.39925957 6.27460670
-28.86783409 -7.18425941 -20.25739098
-17.83683586 17.09873772 15.06560707
-4.10383415 17.64373970 12.74360847
-5.95483589 -25.49126053 -16.23339272
-6.74283409 -25.22026062 1.10060668
-25.57283592 -7.24426079 -27.22339249
-29.90383339 23.88573647 -8.27339363
-27.21283531 -9.30526161 -18.65039253
-34.21883392 14.67873955 -10.93139076
32.79616547 15.99573708 -1.47739244
20.44616508 10.23673820 12.83960915
28.90816307 17.80573845 -21.97739220
27.99416924 11.29873848 -29.12339211
-4.75383568 -25.83426094 -15.87639236
28.09216881 10.30874062 -29.24039268
-14.77983284 -11.38926125 5.99060631
-2.60683250 -0.35926241 -41.39739227
-10.63583565 8.26973915 16.07960701
35.52916718 13.13673973 -13.91239357
40.92216492 -5.39626122 -7.62839317
-1.15683556 23.73774147 8.53960991
-12.13383293 -20.22126198 -19.42439270
16.23016930 30.13974190 -9.88939095
-12.94783592 -7.46026039 -36.98639297
17.27016258 13.52474022 13.08360863
-21.34483528 22.10773659 9.58660698
-34.51083374 13.82173729 -3.31939149
-14.72283363 -9.11226082 -34.61539078
24.06116295 6.55874062 12.36660957
1.78416634 -18.34826088 -28.54039192
-6.98483467 5.07573891 15.23160744
33.14116669 -16.38826180 -20.19239235
-23.95383263 20.31574059 11.85660744
2.36216545 -20.17326164 -25.62239265
11.33816338 24.73273659 6.32460976
-3.45783424 -17.07626152 -29.82639122
30.15716362 -18.46226120 -18.39739227
40.28016663 -2.30526161 -8.57239342
8.74616814 -14.09126091 -31.26339149
7.37516594 23.84273720 8.49660683
-8.48583412 -24.28126144 1.77560973
33.69216919 -6.26725960 -24.45239258
-32.90783310 -5.25226021 -7.54039192
-4.51583290 22.84874153 8.87160683
-15.65683556 -16.20126152 0.66560912
3.08216667 -11.21726036 -35.63339233
5.34816551 -12.38026047 -34.20039368
4.48716545 4.54173851 14.72760963
-29.62883377 -7.36926079 -15.61839104
-23.13883400 20.76674080 11.32260704
-32.73783493 20.13574028 -4.47639275
16.24816704 22.81673622 6.16060829
-16.25583458 28.14673805 -2.60439134
9.43916893 -24.32926178 -2.95839143
10.66416740 3.60873985 -39.28539276
9.60216331 1.57673836 14.62960625
33.18016815 -18.00626183 -18.51839256
-15.93583488 28.57274055 -3.89439225
27.85116386 21.85673714 -12.70039177
29.49216270 7.90373802 10.74460793
-28.68883324 -4.01025963 -26.02339172
5.22716331 -17.34826088 -28.86839104
6.00316429 26.05974007 6.65360832
28.79316521 17.36173820 -22.93439102
-13.76683235 11.52273750 17.17061043
16.19016838 29.39673805 -20.47839165
5.30816460 -25.73526192 -2.02539277
22.00916862 25.60473824 -15.78839111
7.95816612 5.40373802 14.03360939
-16.08183479 -4.05825996 14.22260857
32.55117035 -8.57526207 7.98760796
32.56916809 -21.01726151 -13.17039299
27.60916710 20.37073708 -19.08639145
29.69216728 -2.20425987 -27.22139168
36.35316467 13.98873711 -8.86939049
1.41116524 -1.65226173 17.38860512
16.79316521 -11.61426163 -29.00039101
16.76116753 26.77774239 -0.93639207
-35.00283432 0.87273985 -10.53839302
-33.21283340 -5.32925987 -5.50139046
-14.80983543 -13.49926186 1.24560714
19.15316582 27.25074196 -8.61739159
4.38916588 -26.09726143 -3.17939210
14.52416801 31.28373909 -10.18339348
29.06016350 20.71273994 -7.53739357
-29.59083366 22.35373878 2.42060637
10.60516930 32.15574265 -7.38539314
18.10816765 6.02673912 -36.92739105
17.02416801 29.40674019 -9.51039314
22.07616234 -13.43726158 7.46360970
17.81316948 -20.42826080 -12.21539116
33.88816833 5.69774055 -23.47139168
40.21316528 -1.20425987 -14.33739281
-12.23683357 26.46773720 0.36860827
-1.55183601 -18.37126160 -28.50239182
19.89316368 -8.39925957 -30.13039207
8.32316399 23.50374031 8.55260658
-9.34783363 13.28074074 14.51260948
21.71116447 -15.23526192 -23.18739128
13.48816490 18.89174080 11.68460655
30.17516899 12.25073814 7.75760841
13.50716209 26.65474129 2.77660918
4.10116768 -8.01226234 -37.62139130
22.27216911 20.16274071 6.23760796
-16.37083244 18.09473991 13.55960655
14.60716820 -3.99126244 13.96060753
14.90616417 19.44874001 -36.87039185
14.73516655 -12.50726128 11.80960655
-0.52883339 -3.95926094 20.17860603
34.54516602 -15.94226074 -20.05739212
-29.37483406 21.84473610 4.44160652
11.70516777 5.70773888 13.50560951
21.63016319 18.90073967 -30.88939095
29.08916283 14.97673988 5.53560829
14.33316612 26.70073891 2.07860732
27.38816643 9.52773857 10.42860985
35.01516724 -11.12526131 0.97860885
3.14516640 -26.23626137 -1.59439301
1.71816444 -26.32226181 -0.91239381
32.28816986 -14.91126060 -21.69039154
1.98316765 -22.55126190 -21.69039154
25.82216454 20.20773888 2.03760695
34.04016876 -6.00726128 9.55760765
24.83616447 5.86873817 12.29360771
4.77116203 -22.58326149 10.85360909
6.67616844 5.75773811 14.16360664
39.25416565 -7.19326210 -1.77339387
13.71116447 26.47773933 -30.98739243
35.11616516 -5.86926079 9.55060768
33.98516846 -19.12926102 -17.02839279
12.91716576 25.36374092 4.81160927
6.08216667 24.18174171 8.49060631
22.26016808 -8.15326118 -29.05439186
0.90016747 -9.95626259 -36.89839172
10.03416252 4.13574028 13.97360802
-7.65683556 22.30473518 8.84560966
-29.48083496 23.87973976 -1.62239289
-32.16683197 -6.45826149 -4.15839195
-28.73083496 -7.69226265 -19.05039215
-7.68983269 -21.45026016 -21.66939163
16.64216423 29.99373817 -11.25739098
-3.90583229 -15.64626122 -31.37139320
31.38016319 13.85673714 4.95660973
17.72916222 28.91473579 -10.35039330
-19.51183510 18.22973824 14.48760796
11.34316826 -8.51126289 -34.72139359
31.19616508 -17.95926094 -2.72539353
30.74316216 -17.01826096 -20.19139099
8.09016228 25.07773781 -36.66039276
18.94316673 -11.56326103 -27.95239258
5.27616692 -12.47326088 20.84861183
-33.30983353 17.91073799 -8.21239281
-14.48983574 -7.76326180 -36.09239197
2.19716454 -21.96626091 -22.66239166
-6.30183601 -2.18425941 18.21161079
-27.88483429 22.67373848 5.21760750
23.72416496 20.39473915 -26.12239265
-11.76383400 -9.88426018 -35.09139252
-14.21083260 27.12774086 -0.63039231
-19.36083412 -7.47326088 9.54960823
21.21116447 9.28174019 12.73060799
-14.87983513 -5.91325951 13.61160851
15.24816704 23.99673653 5.14960670
1.03916740 2.92173958 15.36260796
-5.93283272 -27.10226059 -12.10739326
32.55316925 17.08674049 -5.27939034
40.32516479 4.05373955 -12.27739143
29.56316948 1.29173851 11.89060783
13.49916649 0.74173933 14.05460930
11.24716759 -12.45026016 14.81360817
15.70016289 20.46273994 9.62460899
17.27016258 -10.90426064 -29.41239166
39.86616516 2.45273781 -14.04539299
-18.93783379 -9.40226173 -31.66139221
-10.86483574 26.88673592 -0.92839265
-16.04383278 27.26674080 -0.45639250
8.02116203 -15.82426071 17.60660744
-14.44583321 -5.07925987 14.37160683
3.43116570 -22.69826126 13.94560814
-18.86883354 -14.28826141 -16.08239174
-8.67783546 -17.12926102 -27.18139267
-7.39283562 -2.03125954 17.62160683
-18.39783287 -15.11126137 -10.66939354
-17.86983299 -13.87126160 -9.27439308
-17.54183388 -14.01726151 -5.67539024
-14.88283348 -5.59626198 15.38060951
-15.96783257 -13.71826172 -1.18939042
34.73516846 14.71273994 -11.97739220
21.24816704 0.87774092 -34.29939270
5.36516380 32.12373734 -7.47839165
-8.12383461 17.36073875 13.04660988
-20.23383522 29.42573738 -7.02139091
-25.88383293 -9.68926048 -21.71339226
34.01916504 -20.23926163 -4.96939278
-24.51783562 25.08973885 3.37160659
1.43516731 -23.67226028 6.87860680
-11.83483315 5.68673897 17.34961128
34.48017120 -10.20726204 3.25560927
3.07516670 -26.55026054 -4.76939201
-18.87483406 -14.54026031 -6.95439339
-7.61683464 -9.79626274 -36.49639130
-13.80083275 -11.23925972 -32.61239243
17.94516563 -18.50926018 -19.15039253
-21.10583305 23.07274055 8.24560738
9.97616386 6.95273781 13.50760841
-23.17883492 25.18873787 4.02560997
37.95616913 -5.86525917 -20.95839119
-19.35583305 -13.17926025 -12.24439049
-32.80383301 19.07073784 0.26760653
34.89016724 -7.50726128 -23.38439178
21.82616234 -14.29426193 6.68860817
37.59217072 10.95673943 -13.12939262
20.98916435 -11.24326134 9.57760811
-4.59683418 26.14573860 2.62060714
10.63516808 -23.84326172 -5.60139275
-8.11083412 24.86673927 4.35760689
21.37016869 11.66773796 12.30260658
11.15116692 -18.93826103 10.00960732
16.81616783 12.60074043 -37.62539291
24.29016685 -1.64726067 -31.32739258
17.60616875 28.07174110 -21.69439125
2.14016533 19.69874001 11.57160759
27.37016869 -0.31726259 -29.43539238
-4.36883354 0.38673979 16.09560966
-7.11483574 17.84673882 12.74160957
10.56716728 -19.63926125 -22.05339241
12.39816856 1.01674080 14.21660805
24.18716240 12.76373863 -32.17539215
7.12816429 30.38773537 -1.23639131
-4.70783424 -26.40526009 -14.55139351
30.75516319 -4.06625938 -26.40739250
7.08316612 -7.91726112 -36.86739349
-29.54583359 -6.56625938 -19.21739197
19.09216881 11.88273811 12.96960640
-18.91683388 -10.47726250 -1.19039369
1.35116768 -25.66726112 1.22860885
7.63916588 -22.38526154 7.85060692
-14.06383324 9.98974037 18.66460609
-12.53083229 -18.95326042 6.46760750
21.54116631 24.86873817 -4.71939278
24.64116478 21.11973763 -23.25439262
21.72816277 12.87073708 -34.01339340
3.73016548 30.93973732 -5.16739082
17.56716728 11.89773750 13.26560783
33.74617004 14.48773766 -16.79439163
6.02716637 -23.55126190 5.68660927
-23.84383583 -8.28326225 -28.14239120
10.76516533 -20.29826164 8.29760933
-5.15083504 17.55473900 12.84660912
27.37716484 5.31674004 11.87960625
35.25416565 3.69973946 -22.42339134
15.98316765 29.84874153 -7.71439171
36.65416718 -8.89326286 -21.90339279
35.09117126 -6.91426277 8.70960808
29.83916283 -11.31726265 -24.69139099
16.22516441 26.46973610 -28.43239212
-34.13483429 -3.48925972 -8.04439354
-33.80183411 17.03273964 -4.63039207
-9.41783333 -21.27826118 8.52760887
12.66216850 -6.53526115 -35.34839249
-3.83383369 -26.76226044 -13.58939171
30.35216331 4.99273872 11.66060829
30.58716393 -10.98826027 6.47060966
12.46116447 30.46673775 -3.04839158
9.16116905 32.78074265 -9.68839073
32.87816620 -10.61226082 5.00260735
-34.15083313 2.60074043 -15.29239273
-14.26083565 -15.15726089 3.09660888
7.42516899 -13.43426132 -32.56139374
12.60516930 32.07474136 -10.02239037
21.37816429 -4.24725914 12.71560860
-28.33983421 -8.63826180 -16.14239120
-1.25783348 -25.16926193 2.32260680
16.02216911 29.16774178 -5.45239067
8.86816216 -11.00426292 -34.11239243
5.12716484 11.15674019 13.60960960
40.36316681 0.91473967 -11.27939034
4.23316765 30.02573586 -1.98239350
11.87316704 -17.79026031 -24.39539146
12.77716637 0.14174086 14.27360725
25.60016441 11.38373756 -31.40539169
11.87316704 -1.32225990 14.65760994
6.93916893 -24.65426064 -12.50739098
-20.43583488 -12.41826057 -24.08639145
-34.24783325 14.93073845 -2.77139115
12.94716454 4.88574028 13.53460884
12.85316277 -8.18526268 14.43960762
17.52216911 -19.20626068 -17.66439247
8.66216850 3.91274071 -39.89539337
-18.64383507 25.90574074 3.17460799
-30.98683357 -7.01025963 -9.00439262
14.45116234 -20.90226173 -14.81239128
12.53516960 23.53573799 -35.85839081
-15.02783394 -6.13026237 14.42360878
16.11716270 -21.08926010 -2.21039033
-5.94983482 -26.29326057 -0.40339109
-29.55483437 -8.12526131 -4.08539009
16.99016380 -13.26026154 -27.22639275
3.02416420 17.12774086 12.61360741
23.54516411 -1.71426201 12.74460793
-26.10383415 26.92074013 -3.24939179
-14.42683601 10.97873878 18.27760506
-7.89683342 -25.21126175 -16.03339195
19.01616478 0.72574049 -35.55339050
-9.17583275 7.03273964 15.58360863
-11.07083321 26.41173744 0.26560763
19.98616600 22.88173866 -28.44039154
-24.53883553 -11.05225945 -10.69239235
2.97816658 27.66373634 3.86260772
10.26216698 -3.44125938 15.51760674
-2.79783440 24.26273537 7.55960655
-6.87083244 6.26473808 15.01560783
32.11616516 -19.60426140 -16.45539284
20.00816917 25.14773750 -2.24939179
-22.31383324 21.95874214 9.68560982
37.31916809 6.04773903 -18.28839111
8.93916893 4.73173714 14.01960945
26.40016747 19.54173851 -23.25939178
15.92316246 -17.79826164 -21.50439262
31.23716545 12.22073936 -24.69139099
-3.58283424 1.57073784 15.66060829
37.75116730 -4.89526176 -21.02339172
1.79916573 10.09374046 14.09960747
-9.62283516 26.87674141 -1.01139283
20.97016716 -18.20426178 -19.08539200
-28.31083488 22.02273750 6.04160881
26.16016960 -19.70126152 -15.52839279
10.74316216 16.02873802 -39.95339203
-15.59683418 -9.49326134 4.55060768
8.08316612 1.96473885 -39.77639389
1.88216591 -24.79926109 3.50760818
-4.80283546 -26.41026115 -0.54739213
-1.18383598 1.03273964 15.94660759
-7.82083321 28.66874123 -5.60739326
21.52116203 -2.97326088 -32.56339264
17.99016380 -20.72026062 -5.42939186
28.04816246 19.36474037 -20.56139183
13.91016960 -19.96726036 4.81360817
26.90616417 7.37673759 11.43860817
22.77016258 3.25073814 12.97360802
3.03416634 1.33373833 15.75460625
28.89616203 3.94273949 11.87260628
34.56816864 -12.20226097 0.49960878
17.87016869 26.36773872 -25.98439217
-18.56183434 -7.69125938 7.53960991
3.81816673 -26.08726120 -11.38739204
15.21216393 23.40674019 5.94160652
6.94716454 10.20573997 13.54160881
8.37516594 8.24773979 13.52460670
6.50916862 2.52073860 14.97560692
23.87916374 -5.40625954 -29.74839211
13.38516808 -22.10126114 -0.04239104
19.45316887 -20.38826180 -6.66239357
31.46216393 -19.65826035 -5.04939079
32.22716522 -15.94226074 -20.90639114
34.04016876 -17.94826126 -2.47939134
15.43916893 -12.12526131 11.52760887
-14.64483452 30.25873756 -8.77739143
27.22016716 -19.32726097 -4.04739189
14.41416740 0.31373793 13.92760658
15.32316399 13.59873772 13.32060814
-5.86483574 17.22073936 13.03160667
-24.61683464 -10.13926125 -23.17039108
13.15016747 -7.00926018 14.37860680
-32.63483429 20.22773933 -3.44539094
-15.12883568 -15.07126045 9.01060677
22.57416344 16.70073891 -31.63639259
21.83616447 -19.83326149 -3.74339128
-15.07683372 -9.42725945 6.62660789
36.02016449 -17.56526184 -1.43639207
13.44316673 23.76774025 -34.76839066
-5.21183586 -17.74226189 -28.37939262
6.17216301 -11.41026115 -34.78239059
-5.25283241 29.42873573 -7.27939034
16.06316948 -11.12426186 11.69360924
-19.10883522 -14.16126060 -17.10039139
31.78416252 -2.03626060 11.38760948
-14.29883385 27.57773781 -1.69239259
4.28716469 5.55473900 14.53060722
32.11616516 -0.93226045 11.72460747
17.16816521 -7.24426079 -32.50239182
4.94916344 -9.59126091 20.42860603
35.32616425 -20.57126045 -4.68439293
-3.72283363 32.34273911 -12.91339302
8.32016563 19.64473915 11.39960670
-14.41183281 29.03873634 -5.60539055
-32.04383469 -5.13926125 -12.17339134
17.08016777 28.68973732 -20.76439095
-5.66683388 -26.74026108 -1.22039247
18.82416344 5.64974022 -36.51839066
-13.33483315 -8.16026115 -36.21039200
-6.14583397 -25.71626091 0.48960665
-25.39383507 -10.83426094 -12.90639305
-28.19983482 -8.92526054 -5.89939308
-35.37583160 6.32773781 -8.56339073
3.67116737 18.09673882 12.27060890
-5.45983315 31.67673683 -11.65139198
2.11416435 -19.58126068 -26.65539169
-7.29483604 -27.03726196 -11.92239189
-35.60483170 5.65373802 -7.94939232
8.48016930 -24.09726143 -12.38339043
-24.68683434 21.68973732 9.53760719
-1.94683266 19.44673729 11.77560997
30.99216270 -5.20726204 -26.14739227
37.88216400 -8.40826225 2.74960876
29.60316277 -5.77926064 -26.65839195
-13.16783333 15.84673882 14.25560951
9.46416283 -23.01426125 4.03860664
10.31516838 -23.93326187 -2.39539170
-9.01683235 2.52873802 15.75160789
25.09416771 -10.83025932 -26.27839279
40.88317108 -3.09626198 -12.38039207
1.84916496 1.91673851 15.63660622
6.17016411 30.20473671 -1.08739305
20.62216759 -12.21026039 8.93060875
20.02216911 -18.18326187 -19.28039169
-21.17683601 -12.66526031 -22.03039169
31.97316551 15.27873802 -20.17439270
-28.30583382 -8.55426216 -16.98939133
17.97216606 -20.54126167 -10.68739128
8.55716515 -5.43325996 -37.67539215
28.59816551 20.07473946 -17.59139252
12.52316856 14.07573891 -39.41739273
13.44416618 -21.79926109 1.11160827
-14.50283241 16.10573769 14.51260948
8.02016258 -24.58126068 -0.44439146
-32.34083176 -3.86126137 -14.79239082
1.62616539 -10.38525963 -36.51239395
16.53716850 25.17673683 -30.00139236
5.97516441 1.61373711 15.29960823
20.19916344 -18.59226036 -18.48739243
20.03216362 17.99473763 -33.19739151
-33.17383194 18.16773796 1.09360671
16.52116203 30.00773811 -14.99939156
14.93316460 12.78273964 13.42760658
-2.46383476 2.30473900 15.49460793
-17.07283592 26.40173531 1.74360824
26.65916252 -9.17426109 -26.63839149
37.98416901 -8.39626122 1.96160674
7.71516228 -0.32726091 -39.48739243
9.53716850 26.37574196 5.28460884
26.35616875 -14.80026054 4.83560753
6.48316765 -20.17026138 -24.07339096
-33.53583145 17.06574059 -9.01439095
13.36616325 -20.69726181 4.08360863
8.05816460 -22.56826019 6.92660713
12.11716270 31.84473610 -19.45739174
-16.85283470 27.76774025 -1.50739121
-36.22383499 4.41473961 -5.96139336
21.31116295 -20.05526161 -5.29339027
-3.38783455 -26.44626045 -14.63039207
7.94916344 -24.85726166 -9.12539101
4.38816643 29.23974037 0.63160872
-13.05183601 26.05674171 1.54760909
30.59416771 -19.17926025 -17.25139236
0.83416557 -26.14626122 -14.47339058
20.92416954 22.91373634 -26.71939278
-10.03783607 25.43074226 2.69460845
3.53216743 -7.79926109 20.76761055
37.08116913 -14.00426102 -0.51239228
31.80416679 -6.70525932 9.53460884
1.70016670 32.92873764 -13.44039345
33.36116791 2.22574043 -24.59639168
-15.74583244 -12.56626129 10.78260994
27.90516472 -20.24726105 -8.63939095
10.52016258 17.69273949 12.30260658
10.44216728 31.00973701 -25.17139244
11.96216393 29.01073647 -28.26739120
11.53416252 -14.14826012 13.90960884
26.95316887 -14.50026131 -23.34339142
26.52116203 16.12373924 6.78060722
2.30716515 -23.85826111 -19.13239098
12.43716240 31.27373695 -22.07039261
26.79716301 17.16673851 -26.32039261
13.84616661 -0.34126085 -37.54539108
-16.82083321 -8.76926231 -33.83539200
20.77616692 19.17774010 -31.63539314
3.88816643 -2.10825920 17.20460701
21.47216606 22.86374092 -25.77539253
17.81416893 17.26373863 -35.50739288
19.20016289 25.73974037 -2.65639329
12.85716820 -13.63326073 12.78560829
0.15416528 -23.15826035 12.38760948
-25.77383232 27.56373787 -6.22739220
12.51316643 12.20173836 -39.39839172
26.15316582 22.90773964 -13.73339272
16.27216911 21.04073524 8.63660622
-6.29383278 -27.37026024 -11.05839348
-14.00283241 -3.09325981 15.28260994
-8.49083519 24.02874184 6.00560951
-10.50283241 10.90873909 15.30860710
17.19316673 -16.66526031 -22.78739166
-0.88583565 18.74873924 12.11560631
-34.60183334 4.01573753 -13.95939064
-5.28083229 32.23273849 -12.78639030
17.07216454 -20.65926170 -1.82739091
-21.81683540 -12.13526154 -11.24939156
20.09616661 -13.87526131 -25.16039276
40.30716705 -3.40326118 -8.36539268
-18.00883293 28.65374184 -3.84339356
28.64116478 16.38574028 4.18660927
-14.86383247 -10.40826225 -33.09239197
25.38816643 23.50074196 -12.80439186
23.38016319 -7.85825920 11.14860725
-1.99483299 11.13873863 14.28160667
17.41416740 -20.89126015 -7.26939201
13.73416710 -21.95726013 -11.48139000
25.20016289 -3.68126106 -29.76039124
16.68216515 26.61474037 -27.53139114
24.40716362 20.86873817 -24.17239189
4.25616646 -24.64726067 3.10660720
-27.19483376 22.51173592 6.38760948
1.19116402 -22.25926018 -22.28839111
9.99016380 -23.81726074 -10.72439003
-0.04783439 12.77673912 13.87560844
24.29416466 -0.05626101 -32.01539230
0.83116722 29.03074074 -2.67639375
-11.40083504 4.85173988 17.01661110
-30.65383339 -7.11425972 -10.24639320
14.70716667 12.35873985 -38.64839172
14.30716515 -9.40126228 -32.45039368
20.82416344 -16.55226135 -21.67939186
12.81216240 -14.42926025 12.40260887
-35.01283264 8.17873955 -9.61539268
7.72416496 31.23574257 -26.19939232
19.52016258 27.10973549 -9.44539070
0.97516441 19.73473930 11.56860924
38.44416809 -5.12026024 -20.40739250
30.49816704 -19.23526192 -4.42039299
-27.53383446 24.43174171 1.30260634
-7.29583549 -27.37826157 -10.73439217
14.24916649 31.15973854 -17.21839142
31.73916435 -10.85926247 5.80760765
-15.20183372 -11.85926056 9.99660683
2.88516426 15.93973732 12.93560982
-6.91983604 -15.73326111 -30.26739120
35.00716400 -16.67026138 -1.32539201
-12.47683525 28.38273811 -4.28339195
-10.89083290 -9.94226265 -35.34639359
10.71316338 -23.81226158 -4.37939262
5.04116631 -18.12826157 -27.89239120
17.81316948 27.63373756 -22.73339272
0.02916528 1.01873970 15.98060799
-34.10183334 4.10973930 -16.62839127
1.34516716 4.65273857 -42.01839066
-15.35383415 27.94574165 -2.28339219
11.44116783 -23.40826035 -6.25439262
7.71116447 19.42674065 -39.96339035
-25.72083473 -10.61525917 -12.08539009
-35.81283188 4.56873894 -7.83039284
-14.00683403 -3.98726082 14.83160973
-17.77083397 -14.90826035 -11.71039009
-11.62183571 28.14274025 -3.86439347
10.47916222 -22.03226089 -16.71439171
-25.16183281 23.07773781 6.92560768
39.50516510 2.78473854 -15.13739204
14.02716637 30.85573769 -6.08139229
-19.87983513 -10.13726234 -29.79339218
13.01916313 -1.83926201 14.39361000
14.10616875 28.30273628 -0.32839033
19.77916527 -14.66326141 -24.41139221
0.64116478 10.07374001 14.21160698
-2.06283379 18.30773735 12.35360909
-3.53883553 -26.94926071 -1.72839189
-10.34983253 25.93074226 1.38760924
24.42016411 -12.05826187 8.08360863
25.64916801 -18.57826042 -18.18439102
14.87116814 -21.07726097 -13.56439018
-33.55583191 17.25974083 0.56060958
-15.08683586 -17.72526169 -18.08739281
-17.01383400 -7.07225990 8.77060890
-6.45883369 -27.66026115 -9.92439079
-25.52083397 -10.65426064 -11.14639091
-1.44983482 -27.33526039 -10.13439369
-6.87483406 31.76173592 -11.88339043
10.81516838 28.39174080 -30.03239250
16.67316246 -20.98726082 -3.27439332
6.28716850 8.65473747 -41.10239029
-29.05283356 -8.42526054 -5.35439110
20.16716576 13.55573845 -35.02039337
25.81016350 -5.29626274 -28.66839218
-4.74583244 -22.15626144 -22.03639221
21.35016441 10.56574059 12.51560783
14.97716331 -21.67926025 -7.95639229
6.03916740 -8.36626244 -36.92239380
23.49416924 24.34473610 -16.53839111
10.44816399 -11.74726105 -32.72439194
-35.15183258 6.94573784 -9.50239372
-0.93883324 32.30674362 -12.20739174
6.65516472 3.92473793 -40.50539398
7.30016899 6.18673897 -40.61839294
39.82016754 7.35273933 -12.36639214
16.22916222 -21.24426079 -7.66039085
23.90316582 3.71073723 12.71260643
17.25716209 -9.11826134 -30.99439240
28.04516411 15.48673820 6.00260735
36.38516998 -9.42126274 1.61760879
16.81116295 -20.72126198 -11.99639320
24.49216270 18.77573967 5.94360924
34.63216400 -21.46726036 -6.86939049
0.68616676 27.28473854 3.51460814
6.06016350 -25.06526184 0.38060930
1.14116478 -0.74126238 -40.75039291
36.93917084 -8.16325951 6.79860878
6.08716393 -19.68426132 17.32960701
25.84316826 7.40473747 11.72560692
-9.34783363 -22.31526184 3.84860778
-9.58683586 15.28074074 13.99660683
10.84016228 -9.84425926 -34.04339218
-6.72283363 4.12373924 15.30760765
-23.07183266 -11.96026039 -12.68539238
15.03716850 2.78973961 -37.83939362
2.00716591 32.26874161 -10.30839348
-12.90883446 -2.16426277 15.88460732
-10.21783257 29.35673714 -6.96039009
18.58616447 -17.80626106 3.85360885
-17.41883278 -4.06026268 16.32360649
6.73116875 13.81073952 -40.89939117
-2.11383247 0.36673933 16.24660683
11.04816246 -13.58726120 14.65660667
-14.56983376 -14.98126030 6.73560905
-9.41683388 25.96673775 1.22960830
-22.85383415 -11.16126060 -7.74639320
-5.65783501 25.23674202 4.44960976
19.02116203 26.35074043 -23.48039246
5.32916832 -25.58626175 -0.93139100
-7.76183510 -22.02926064 8.54560661
15.67216301 27.31373787 -27.69039154
13.69016838 31.69273567 -10.51139259
-6.84983253 25.08173561 4.27760887
-14.14283562 -4.73126030 15.74560738
26.48016930 5.20073891 12.07660866
-4.97083473 -4.53726006 -39.83839035
5.39416313 0.74873930 15.65760994
-8.61583519 31.05473518 -10.48039055
21.06416893 3.24173927 13.29960823
38.81216431 -8.09126091 2.69860625
-15.55183601 -4.38826180 13.78860664
-10.79583549 11.97673988 15.14060783
17.09216881 9.71473885 -37.62339401
-14.82583427 -4.44825935 13.92660713
-15.06583595 -6.53926277 12.18560982
-19.22383308 28.22474098 -2.53439164
3.96616554 -26.27126122 -4.35639000
11.64216423 12.14874077 -39.67739105
33.45516968 -19.53026009 -4.23639107
14.86916924 29.35074043 -24.10939217
15.09916496 28.07773781 -26.96239281
25.85716820 18.97073936 -25.16639137
-2.43183327 -25.06826019 2.28460860
-0.59283257 -27.40126038 -8.58539009
14.50316429 -21.91826057 -4.39439201
9.21016502 32.34074020 -21.90639114
21.87116814 -19.60726166 -2.59539247
14.01316643 30.15574074 -23.20839119
-10.47283363 -21.79526138 3.63860869
1.33716393 31.08374214 -7.83439064
-15.19783592 -7.53226280 13.11160851
14.08916283 -22.00626183 -8.69939232
-1.07583427 29.87973976 -6.99339104
3.15216637 -23.91126060 -18.61839104
10.85616875 -17.14426041 12.83660698
-33.15383148 17.92873955 -9.44539070
18.82516289 -20.50026131 -5.49239159
14.27016258 13.59873772 13.38160896
2.05716515 -25.21426010 2.31260848
14.42216301 -4.95626259 13.95960808
18.53216362 13.94774055 -36.17839050
38.59117126 4.12573814 -16.81139183
18.50316429 11.98573875 -36.62239075
5.33516502 -14.28726196 -32.36139297
-35.38483429 10.15973854 -2.79539323
25.84816551 -1.56726265 -30.18439102
-5.39783287 21.29973793 10.29460716
-23.15783501 26.23173714 1.41260695
-17.33283424 -11.73226166 -2.76139283
15.54116631 -21.49026108 -4.29439354
17.40816307 -15.79026031 7.20060921
-26.43783379 -10.22126198 -12.54639244
13.54716301 31.66573524 -9.39639091
-33.65183258 17.03273964 -0.86939073
-13.60583305 -19.47426033 -18.58839226
13.46916771 -3.10426140 14.31760979
-2.66683388 -26.61726189 -0.95039201
-3.33583260 -27.83126068 -5.15139198
19.28716850 -15.50726128 -23.57739258
-15.79583549 -11.78126144 -0.00439284
-35.33183289 7.67674065 -7.18239021
10.06416893 -16.71626091 -27.22939110
21.76416588 15.30373955 -33.14139175
5.01716423 12.15373802 13.49360847
-15.35583305 -11.28526115 1.82060790
12.67016411 -0.82126039 -37.85139084
-19.66683388 -13.75226021 -15.54939270
26.14416313 -19.39926147 -3.84639192
2.28916740 29.88273811 -3.69139314
-2.47983360 33.95273972 -17.64839172
1.25916481 10.99773979 14.02760887
-3.19983482 0.47873884 16.15360832
25.84716606 20.58773994 1.13560653
22.43716240 -18.64826012 -18.10139275
-9.02283287 27.50773811 -2.57739091
12.68816948 18.45573997 11.99860954
0.87916756 18.50974083 12.17460823
-20.66983604 -7.87626076 9.08960915
-8.50883293 -21.70826149 7.91660881
23.88516808 24.23473549 -15.38839149
-14.40083504 -3.93526268 14.53160667
31.43616295 16.37473869 0.06260851
14.58616447 25.81173897 -31.15039253
3.93716621 32.96574020 -11.58139229
-1.11083412 28.90674019 -4.34239006
-12.62083244 25.25274086 3.32860732
17.98916435 18.75974083 10.46560860
31.43316460 2.42074013 11.93760872
21.09216881 -17.07226181 3.37460876
-34.07183456 15.75873756 -6.03939247
-19.50283241 -9.35426140 1.79560637
3.24516487 -9.46726036 -36.91739273
0.87616539 -22.79226112 -21.41839218
3.47916603 -22.77126122 12.99960899
-4.56483269 -26.83026123 -1.40339112
29.85416222 13.95474052 6.09360695
-8.99483299 27.09974098 -1.56839204
-20.74783516 -13.15526009 -20.94139099
7.87216759 31.04474068 -3.06339097
-8.39583397 28.23073769 -4.49339104
29.82916832 -18.76626015 -3.60839295
17.36216545 7.18073845 -37.36439133
34.20116425 14.33373833 -15.58439255
22.30216789 -3.97826195 -31.54239273
20.79716301 26.30373573 -17.70539284
-28.56283379 -8.19926262 0.95960784
-13.75583458 -16.87726021 5.69960976
7.69016838 -25.05126190 -7.26339149
4.19816399 -23.03126144 -20.00839233
-11.98083305 25.82773781 1.89360976
30.30816460 11.49073982 8.40960884
-5.80483437 -4.59626198 -39.81339264
13.80416679 -3.26226234 -36.50839233
24.62916374 -11.72526169 -25.80139160
38.46116638 5.98773766 -16.25339127
24.02116203 21.69574165 -23.23439217
2.39616585 28.98073769 -0.51839280
-7.75083351 8.75274086 14.85060692
19.12416649 -3.19125938 13.28160667
13.04816246 -10.22426033 13.92060661
-6.91583443 23.56373787 7.27760887
36.46316528 -11.90226173 -0.40939161
-35.33083344 8.81973839 -5.27839088
-34.97083282 6.12073708 -11.74239159
37.03717041 -15.09726143 -0.42139265
-14.86283302 -16.86826134 -19.75539207
-12.19483376 -2.75926018 15.95760918
21.61916924 -11.88226128 8.91260719
-15.37683296 -10.76725960 2.58260894
-28.00383377 26.03773689 -7.75139046
-6.46983528 -27.09626198 -2.02339387
-7.09583473 -2.87326241 -40.68139267
-4.55183601 2.36073875 15.40560722
4.76716423 29.07274055 1.34860778
28.08816338 -3.30225945 -28.01139259
-0.66283607 31.72873878 -10.65539360
-35.34183502 8.20073891 -6.23639107
10.81416893 30.20573616 -26.68439102
-22.33683586 -12.67926025 -15.57539177
24.62516594 15.54773903 -30.30239105
-10.67083549 -2.27526283 16.68560982
-25.32383537 -10.15926170 -5.71939278
4.29016685 -22.41826057 13.53960991
11.63816643 24.45974159 -35.49939346
10.48516655 28.09974098 2.59760833
39.37316895 -9.76826286 -2.21739030
8.65916252 -18.54426193 14.56860924
-18.93783379 27.90274239 -1.66839051
30.99716759 18.59473991 -5.59839058
19.35516930 -20.23226166 -11.25239372
-26.75283241 -7.59126091 -24.60739136
-28.61383438 -8.55825996 -3.37139344
-31.32483482 -7.11226082 -3.41039109
-15.57283592 29.29073524 -6.11739159
-20.98883247 -12.87326050 -13.64139366
40.29016876 -3.24126244 -7.29439354
8.10016441 -24.85026169 -3.09339356
29.32016563 -12.70526123 5.45960808
20.72316551 -9.79626274 -28.61039162
11.38716698 -5.96326256 15.33960915
23.38816643 -13.72826195 6.87260628
-14.52083397 -15.24526024 1.93660903
13.68016624 3.97574043 -38.46239090
20.56416893 11.28673744 -35.22839355
24.04016685 0.91974074 -32.55039215
39.98416901 1.35074043 -13.75439262
29.47516441 -20.46926117 -12.96939278
-15.42383385 -8.64626122 12.65860939
6.03116417 -25.00526047 -12.46839333
15.39216423 11.18973732 -38.38839340
-8.06583595 -26.61126137 -12.95039177
-8.39983559 3.06073952 15.65960884
-22.26383400 -11.82226181 -10.41039085
18.17716789 -7.44626045 12.45460701
11.31416893 32.42174149 -9.64539146
-35.13583374 10.71073723 -3.61339402
-12.46583366 -17.02026176 -23.44639206
-7.63483238 -22.54626083 -20.15639114
-12.29183388 -19.41126060 -20.08739281
11.42616844 13.99573708 -39.81339264
-8.63183403 25.82074165 1.69560790
-18.42383385 -14.75326157 -9.40239143
2.94516563 -24.79326057 3.25460601
-13.46983528 30.50573921 -9.38639259
-34.41883469 13.77773857 -11.12839317
-12.32183266 -11.00626183 -33.60139084
-3.72583580 -26.51926041 -0.72839189
-6.58683586 19.82173729 11.39460945
-12.68483543 25.65274239 2.42560744
-16.70783424 -14.03126144 -3.30339265
-3.13583565 -26.22326088 -0.10839292
-31.40983391 22.16974068 -3.60139298
-17.80683327 -14.31026077 -10.43839073
-18.04383278 -13.52526093 -9.44439125
-18.27683449 -13.68826103 -10.89139366
0.32416725 -23.37826157 -20.48639107
9.27516747 -23.95526123 -11.59539223
-11.08583260 24.40574074 5.00360680
19.97516441 26.31473732 -7.09139061
6.27716637 -4.89225960 -38.57939148
7.60216331 -12.53726196 -33.34839249
9.56716728 32.36774063 -7.79839134
-26.82483482 -9.90426064 -9.83939171
23.85316277 -14.85526085 5.58260918
22.65316582 5.74173927 12.78260994
2.32716560 -23.45526123 7.57260704
-6.60783577 18.73073769 12.18260765
-12.99183464 -18.86226082 8.16460991
13.25716209 22.28773689 -36.43739319
9.82416344 4.12973976 -39.58539200
-32.95883179 19.33573723 -2.50439286
12.43416405 1.79973793 -38.54139328
13.41116905 19.59973717 -38.01239395
16.10516930 28.12073708 -2.86039186
26.61816216 10.55773735 10.24960899
-13.41683388 28.88073921 -5.37539101
23.21616936 16.74473763 -30.91539192
12.19116783 32.33974075 -12.99939156
23.24416924 -18.25326157 -18.74639130
-8.12083244 27.76574135 -3.27439332
3.25816536 -23.61226082 6.75960732
3.50716591 -26.43326187 -9.57839012
17.30416679 -20.93426132 -5.92339134
-16.90083504 22.84473610 8.40760994
19.88516808 27.13673592 -17.02439117
16.12916374 -16.58426094 7.30260658
10.21416283 32.69574356 -9.93839073
-10.75783348 -20.91426086 -19.92239189
19.67616844 -4.54126167 -32.83739090
5.16516685 -5.20425987 -38.72339249
0.30716515 11.30673790 14.07360649
-17.49483299 -15.25126076 -17.50339127
-23.80983543 27.05073738 -1.02839112
21.33116722 -18.62726021 -18.26639175
20.10816765 -6.59726143 12.29260826
-13.01783562 -20.06426048 3.12760711
1.12216759 -23.98626137 5.85660744
18.32916832 26.69973946 -24.22339249
-28.59583473 23.75773811 0.95060897
9.57016563 -1.87526131 -38.59439087
32.71717072 -14.44826126 0.43060854
-10.78783607 -7.90426064 -37.25239182
5.05116844 -20.14226151 18.19560432
10.02416801 32.19974136 -21.74239159
-7.72583580 -23.48826027 3.15560699
15.08116722 -21.69226074 -5.28939247
-11.52083397 27.77774239 -2.97039247
6.96116447 27.08274269 5.17960930
19.85416222 4.88673973 13.33660698
7.82216454 -17.72126198 16.73560905
17.87216759 7.99773979 -37.14139175
36.77317047 -10.88426018 -0.12339231
-10.31583595 27.34674263 -2.09539247
-9.85083580 31.15474129 -10.70539284
-32.84383392 18.88673973 -8.77339363
-9.46283531 25.68673897 1.98260665
11.20316887 -4.59325981 15.29660988
-1.09583473 -24.78026009 -18.11839104
-17.15183449 -12.95126152 -4.75439262
-17.88183403 -14.40526009 -9.71139336
-13.26983452 -3.08926201 15.51660728
8.72116661 -17.56326103 15.50860786
-14.51083565 -4.67426109 14.14860725
-15.20683479 -5.46925926 12.77260780
-16.82883263 -13.63526154 -4.19539070
35.98117065 -13.28526115 -0.51639390
16.66416740 6.92573738 -37.67339325
8.00616264 -24.93426132 -6.26139259
-18.32983589 15.73573875 16.93261147
35.66516876 -6.46925926 -22.83739281
30.58116722 1.80073738 11.85760689
-0.72783470 -21.12726021 -24.24339104
16.01116753 28.69874001 -4.10039330
7.79916954 6.91173744 -40.52639389
-25.50383568 -10.52526283 -9.58439064
11.82816887 31.03573799 -4.03539085
12.58516502 32.15974045 -14.32039070
7.50116539 28.42773628 3.12460876
12.79416466 -15.17326164 11.92760658
4.24016762 -26.09026146 -10.42439079
3.22316551 4.35074043 14.88160896
13.48516655 18.05373955 12.16560936
-0.46883583 -24.89526176 3.13760924
-20.13883400 -13.41526031 -14.66339302
-15.71883583 -17.73626137 -17.18239212
-21.74483299 -6.90026283 -32.46839142
-15.71283531 -9.08426094 -34.12439346
-15.48283577 -10.47426033 11.56160927
-8.74083519 9.35173988 15.02960777
-16.08483315 25.53773689 3.43560958
10.45416832 -22.41726112 4.27560997
24.37616539 -13.12326050 7.17560768
-14.98583412 22.09674263 9.03660774
39.63516998 -0.92826265 -16.56239128
13.77316856 14.02673912 -38.92139053
18.47116661 27.84974098 -8.57039070
18.96116447 7.08273888 13.34060860
37.58816528 5.12073708 -18.25539207
-11.39283562 -19.97826195 -20.38439178
-6.73283577 30.78573799 -9.93839073
20.84116936 12.99473763 -34.65339279
28.12116814 -19.23526192 -4.10839272
-6.84283257 -26.67026138 -1.13539338
-15.90983391 -9.95226097 -33.02139282
7.21216393 27.68773842 4.26861000
11.36016655 -3.30626106 15.07260704
3.51916695 2.41173744 15.36760902
-7.08483315 27.60074043 -2.79739213
-8.73783302 -4.47226143 -39.77839279
2.64316750 2.43474007 15.42560768
-34.73683167 7.70873833 -14.43239021
-2.75083351 -5.63826180 -39.30239105
21.79316521 6.53273964 12.89560890
11.33316612 -7.16426277 15.43160820
1.30716515 -24.45426178 4.49760628
8.28116417 20.79274178 -39.43639374
2.16916466 -23.77126122 6.46160698
16.43716240 -21.20726013 -6.49139214
-17.22483253 -13.43126106 -5.51439095
-12.92783546 -3.68325996 16.41060829
-13.70083427 -4.02726173 15.22360802
-13.10783577 -3.31726265 15.60360909
-27.84083366 23.68673897 2.92860961
-23.26583290 -11.24625969 -8.92239189
31.31316948 16.08873940 -20.31239128
-21.44283485 -11.01326180 -26.19439125
-30.62783432 -6.45726204 -14.11239052
-3.23583412 -23.94926071 4.75760841
11.29916954 -10.42126274 15.24860954
21.44816399 14.42774010 11.43660927
-3.21283531 -24.59926033 3.10160613
25.54716301 -0.88026232 12.46360970
25.60816765 7.10774040 -31.86839294
24.87816429 21.57673836 0.26760653
2.06916618 -8.59826088 -37.64639282
-9.75883293 -11.93626022 -33.64739227
7.56616783 30.83073616 -27.19839096
19.01316643 -12.73426056 -26.78539276
-29.98383331 -7.82325935 -0.79239106
-33.68983459 17.10774040 -2.37039399
6.43516350 -8.93226051 19.09861183
30.62116814 3.43873787 -26.92839241
-8.23283577 -2.94526100 19.32261086
16.67816734 21.56773567 7.71660805
-6.20683479 -12.55626106 -34.29039383
33.11816406 -20.46226120 -5.88639259
14.28316307 -10.25126076 13.08860970
17.56116295 27.31373787 -24.36139107
-7.50883293 20.49173927 10.75060844
8.70416832 -2.50926018 -38.69939423
-33.61183167 0.29474074 -16.02539253
1.01416588 -7.76126289 -38.19239426
-26.56583595 -6.16325951 -27.24039268
7.42516899 -24.51826096 0.84160781
38.21617126 -8.37125969 3.55560851
31.06416893 1.61673927 -26.53539276
23.99416924 23.79474068 -5.84139061
-34.80883408 5.97373772 -13.45439339
-31.75283432 -5.28726006 -13.11239052
7.11416435 -8.03825951 18.38860512
-34.57683182 12.97173882 -10.18339348
34.76016998 -20.72526169 -5.29639244
-22.40083504 -11.11525917 -6.85139275
-16.85783577 -8.57026100 4.66960716
2.55916405 -6.74326134 -38.51939392
2.40316582 -1.94825935 -40.24339294
-4.25483513 10.75573921 14.38860893
-7.90783501 2.13373756 15.52360725
37.63016510 -10.78626060 -0.56839204
6.15616417 -24.46426010 2.40960860
-15.53283501 -13.97726059 -0.24339125
-18.02883339 -14.42326164 -12.22739220
35.94316864 11.81674004 -15.51739120
-16.25283241 -8.34726143 5.75860786
40.17116547 -7.11726189 -4.38439369
-3.17983437 33.11674118 -14.69839287
-13.46483421 -6.74226189 -37.42639160
-6.03283501 -26.45126152 -14.15439034
19.91616631 26.96573830 -10.43039131
8.53316307 18.18273735 -40.15939331
-34.77383423 6.83873940 -13.99039268
-25.88383293 -6.17926216 -28.36139107
5.84616661 -6.08025932 18.43860817
-34.69883347 11.39673805 -11.55939293
-15.06983376 -2.99526024 15.37860680
40.32016754 -3.96626091 -6.67839241
22.75016594 21.80974007 2.90960860
40.52416992 -5.19626045 -3.04739213
16.46316338 4.26973915 -37.49539185
5.34316826 32.69474411 -23.09839249
40.03016663 -6.06926155 -2.38639283
-16.70583534 -17.16326141 -15.93739128
-16.83883476 -14.81326103 -1.97139192
-10.11683464 -2.10626030 16.94360542
-18.75383568 -14.32126045 -14.78939247
-15.08283424 -8.35626030 8.32960701
-15.73483467 -7.94626045 7.57860756
40.45217133 -4.17625999 -5.34339333
40.49716949 -5.00526237 -6.78339195
-17.87083244 -15.24126053 -15.74339104
40.50216675 -6.65026283 -5.17539024
-19.22283363 29.53873634 -7.00339317
-15.03183556 -7.03226280 -36.55439377
-34.63483429 5.28174019 -14.52039146
-12.31883430 -3.26025963 16.72760963
8.88416862 26.18474007 -34.70339203
-6.11883354 32.01574326 -12.36839104
40.17916870 -5.44725990 -4.32939339
-29.88483429 -3.77326012 -23.30639267
-17.05183601 -16.01626015 -16.70139122
-10.71883583 -1.60725975 16.27660942
-15.51283455 -7.20126152 9.54960823
39.97016907 -6.22326088 -4.11139107
-11.22383308 -2.44426155 16.42660713
-11.74383354 -1.48626137 16.07260704
-33.12683487 -0.11525912 -17.83539200
-33.92383194 -2.01126289 -11.44439125
40.06517029 -5.82426262 -3.24939179
8.17416954 11.32873726 -40.61739349
-0.09983253 33.58474350 -17.50939178
-23.57783318 -7.19526100 -30.16639137
-15.54083443 -8.51626015 6.56260872
-15.52683449 -6.64026070 10.58760643
-9.64183235 -0.82225984 16.07160759
-15.06683540 -8.82726097 7.48460960
-10.68083382 -0.58126253 16.01360893
-15.99383354 -8.08025932 6.62560844
38.43416595 -9.62326241 -1.31039262
-15.21483421 -6.97326088 10.91060829
-30.90383339 -5.92625999 -14.87839317
-26.24683571 -6.97826195 -26.53439140
-16.46683311 -13.53626060 -2.60539079
5.87316704 7.82673836 -41.20039368
-9.64183235 -7.20026207 -38.01739120
-29.73483467 24.29873848 -6.92239189
-11.45683479 -2.18325996 16.11760902
-25.09183311 28.00174141 -6.88239098
-17.67983437 -15.39326096 -12.74139214
38.34816742 -8.24926186 -0.08139250
-17.83483315 -15.37626076 -14.74139214
-15.78383446 -14.35226059 -0.57639146
-9.93683434 -24.90126038 -15.56839180
30.44316673 11.00773811 -26.40139198
-34.91583252 7.18474007 -11.75339317
-30.80183411 22.99573708 -5.85439110
38.59416962 -8.02226067 -0.95239091
-31.59183502 21.53473854 -7.51139259
11.62316704 24.00374031 -36.11539078
10.66216850 -5.00826073 -37.08939362
-34.79883194 11.21073723 -9.18339348
-23.38483238 28.61374092 -6.11339378
-16.05083275 -6.75626183 9.89760780
-33.74383163 2.17573738 -17.28139114
-17.31083488 -16.23126030 -14.58839226
39.07216644 -7.48726082 -2.41639161
38.06517029 -8.65326118 -0.85839295
39.20217133 -8.22826195 -2.56939149
-16.28483391 -15.08826065 -1.15739274
-16.62083244 -15.86326027 -0.32139036
37.73416901 -8.77026176 0.34660891
-34.32583237 14.56773949 -7.29239082
9.94116783 26.59774208 -33.35139084
-16.49783516 29.30173683 -6.02639198
-17.91683388 -14.32826042 -11.32839012
-12.12583351 -5.83126259 -38.45639420
-16.43283272 -14.56026077 -2.09639192
-15.05483437 -7.76626015 10.08860970
40.11116791 -5.59726143 -4.55839348
-17.53783607 -15.81526184 -13.75339317
-15.51383400 -7.19326210 9.55960655
-16.23683357 -14.19426155 -1.71239305
37.75516510 -9.82225990 -0.57539201
-17.97383308 -14.98926163 -13.71339226
40.47316742 -5.65726280 -5.95539284
37.62316895 -9.04826164 -0.29239103
-17.62683296 -16.03026009 -13.59339333
8.41516685 -14.97326088 17.36461067
-7.70683479 30.92173958 -10.20739174
-6.25283241 31.42373848 -11.18539238
-29.04683495 -5.49126244 -23.02639198
-19.26383400 -13.77626038 -14.10739326
-16.66983604 -6.51526070 10.46860695
7.59116936 30.45173836 -27.96739197
-7.50183296 30.12674141 -8.62939262
-15.55783272 -7.66726112 8.49060631
37.38016510 -9.25126076 -0.02939055
-15.71383476 -6.36026192 10.83060646
-16.93383598 -16.81526184 -15.45639229
-16.25483513 -15.39826012 -0.72739244
40.16816711 -5.16526222 -5.12139320
-15.59683418 -15.33226013 0.04160860
-17.22483253 -16.87126160 -15.01839256
40.31517029 -5.19526100 -5.84639168
-17.26483345 -16.02026176 -15.61539268
-15.61583519 -14.66926193 -0.26339170
-15.91583443 -15.65426064 -0.15839216
